name,password,phone,status,email,address
马洋,090146,18508726057,1,4666@sina.com,江苏省南京市建邺区江东中路229号517号
冯娜,530425,13159043606,1,2463@gmail.com,陕西省西安市雁塔区科技路88号273号
黄瑶,478875,15160065405,1,1840@sina.com,陕西省西安市未央区某某街道705号
周桂英,651617,13741861636,0,8261@qq.com,黑龙江省哈尔滨市道里区中央大街99号195号
马芳,294870,18280828909,0,5289@foxmail.com,福建省厦门市思明区中山路400号224号
陈峰,833479,15911611203,1,9486@aliyun.com,安徽省合肥市政务区潜山路111号339号
刘文,018047,13069749751,0,6681@163.com,安徽省合肥市政务区潜山路111号591号
黄军,874234,13383495212,0,5352@hotmail.com,天津市南开区卫津路94号237号
张健,222931,15035020270,0,7131@126.com,江苏省南京市建邺区江东中路229号168号
韩桂英,804571,13526340234,0,9751@sina.com,湖南省长沙市雨花区劳动西路102号941号
董娟,218968,13768763183,0,2287@foxmail.com,湖北省武汉市洪山区珞瑜路726号44号
何璐,073150,18577695044,1,5446@hotmail.com,重庆市渝北区金开大道68号911号
徐艳,927384,15846108866,1,5900@aliyun.com,福建省厦门市思明区中山路400号205号
高玲,551289,15289049243,0,4578@gmail.com,重庆市渝北区金开大道68号842号
萧玲,940807,13990416655,1,6930@outlook.com,广东省深圳市南山区科技园路8号749号
胡瑶,171941,13248450721,1,6112@qq.com,上海市静安区南京西路1266号309号
赵文,699106,18194617740,0,4616@outlook.com,广东省深圳市南山区科技园路8号925号
郑秀兰,415307,18214269235,0,184@outlook.com,福建省厦门市思明区中山路400号68号
黄玲,046414,13791057858,0,3860@126.com,湖南省长沙市雨花区劳动西路102号152号
韩霞,667097,18256329683,0,3743@126.com,陕西省西安市未央区某某街道109号
周凯,891935,13786305621,1,812@yahoo.com,上海市静安区南京西路1266号685号
萧丽,996418,13748483093,0,1898@yahoo.com,重庆市渝北区金开大道68号564号
何军,231246,18826217061,1,6361@126.com,福建省厦门市思明区中山路400号181号
赵强,071660,18475470135,1,2149@126.com,陕西省西安市未央区某某街道310号
谢刚,978930,18233977626,0,9066@gmail.com,重庆市渝北区金开大道68号23号
李霞,393241,18636795018,0,4190@foxmail.com,浙江省杭州市西湖区文二路188号574号
刘娟,028510,18807565314,0,8394@sina.com,天津市南开区卫津路94号862号
王娟,751204,13955436673,1,1969@hotmail.com,湖北省武汉市洪山区珞瑜路726号544号
何伟,102495,18650172099,0,4599@sina.com,江苏省南京市建邺区江东中路229号891号
萧静,512313,13892354902,0,2739@hotmail.com,浙江省杭州市西湖区文二路188号957号
周勇,793289,18773812463,0,8294@126.com,江苏省南京市建邺区江东中路229号263号
杨丽,707187,13651703543,1,4192@qq.com,陕西省西安市雁塔区科技路88号906号
宋鹏,898259,18718107953,1,820@sina.com,上海市静安区南京西路1266号758号
周玲,204216,18044292862,1,4516@aliyun.com,福建省厦门市思明区中山路400号427号
于涛,021027,18371085471,0,3124@gmail.com,辽宁省大连市中山区人民路55号664号
罗军,999684,18828518558,1,3663@hotmail.com,广东省深圳市南山区科技园路8号195号
萧峰,118866,13119357003,0,3430@yahoo.com,陕西省西安市未央区某某街道816号
胡凯,111484,13863686006,1,3690@gmail.com,天津市南开区卫津路94号450号
王文,609736,15328358433,0,3496@163.com,河南省郑州市二七区大学路80号989号
徐华,172913,15379156607,0,6830@126.com,湖北省武汉市洪山区珞瑜路726号666号
朱浩,332733,13896455199,1,5282@qq.com,山东省青岛市市南区香港中路11号182号
刘瑶,401085,13876680800,1,8379@gmail.com,陕西省西安市未央区某某街道948号
吴玲,312051,15251045262,1,4496@aliyun.com,江苏省南京市建邺区江东中路229号689号
陈璐,368145,13773218750,1,8496@gmail.com,江西省南昌市青山湖区北京东路456号54号
萧雪,194110,13305115135,0,5002@sina.com,陕西省西安市雁塔区科技路88号420号
赵凯,520615,13892594014,1,2271@163.com,北京市海淀区中关村大街1号645号
郭磊,099895,15606836896,0,4635@gmail.com,浙江省杭州市西湖区文二路188号330号
胡瑶,998765,15270006304,0,2190@aliyun.com,辽宁省大连市中山区人民路55号240号
韩宇,423891,18716582943,1,6718@aliyun.com,陕西省西安市雁塔区科技路88号579号
吴涛,132061,13275538779,0,4882@sina.com,湖北省武汉市洪山区珞瑜路726号45号
黄伟,470940,15031401134,1,3910@yahoo.com,黑龙江省哈尔滨市道里区中央大街99号698号
冯欣,440019,15262694932,0,4490@qq.com,湖北省武汉市洪山区珞瑜路726号106号
朱华,650868,13018763199,0,1824@yahoo.com,陕西省西安市雁塔区科技路88号843号
黄静,734874,15745154952,1,5221@yahoo.com,河南省郑州市二七区大学路80号246号
宋洋,350680,18118280231,0,7108@yahoo.com,浙江省杭州市西湖区文二路188号30号
徐杰,618691,15146626852,1,4784@gmail.com,江西省南昌市青山湖区北京东路456号304号
于鹏,614434,13861000985,1,7351@yahoo.com,山东省青岛市市南区香港中路11号622号
王瑶,509938,13774044949,1,143@outlook.com,安徽省合肥市政务区潜山路111号876号
吴健,342504,15845643276,1,2328@yahoo.com,北京市海淀区中关村大街1号45号
郭芳,494342,13680990006,0,4056@qq.com,黑龙江省哈尔滨市道里区中央大街99号295号
黄峰,179341,15530123343,1,894@outlook.com,四川省成都市高新区天府五街200号854号
宋平,631479,13188768293,1,6672@foxmail.com,北京市海淀区中关村大街1号423号
郑文,993099,13055596201,0,9761@126.com,江西省南昌市青山湖区北京东路456号104号
王俊,977693,13268785133,0,535@163.com,安徽省合肥市政务区潜山路111号196号
徐军,546848,18938691757,1,3274@yahoo.com,湖南省长沙市雨花区劳动西路102号528号
王磊,039735,15069857110,1,5396@hotmail.com,河南省郑州市二七区大学路80号395号
朱秀兰,433499,18771128380,0,9410@foxmail.com,陕西省西安市未央区某某街道152号
梁丽,010646,15859540521,1,6837@qq.com,山东省青岛市市南区香港中路11号195号
胡伟,753836,13167489561,0,1317@163.com,山东省青岛市市南区香港中路11号908号
何杰,763105,15305499332,0,9781@yahoo.com,山东省青岛市市南区香港中路11号741号
黄芳,993480,15934176642,0,1292@foxmail.com,江西省南昌市青山湖区北京东路456号865号
于磊,750778,13332021619,1,7736@foxmail.com,安徽省合肥市政务区潜山路111号257号
梁霞,294575,15915053477,0,4619@foxmail.com,山东省青岛市市南区香港中路11号432号
梁明,009030,18269142610,1,9178@126.com,吉林省长春市南关区人民大街123号990号
高秀兰,824434,18935906075,1,3929@yahoo.com,福建省厦门市思明区中山路400号142号
周欣,379875,18423608186,0,5694@gmail.com,天津市南开区卫津路94号921号
王健,853953,13616382572,1,9999@163.com,浙江省杭州市西湖区文二路188号350号
王伟,995069,13601923102,1,2508@sina.com,浙江省杭州市西湖区文二路188号406号
马军,262754,13141215202,1,8839@gmail.com,北京市海淀区中关村大街1号761号
林峰,473322,13179437700,1,9673@yahoo.com,广东省深圳市南山区科技园路8号989号
林明,352474,15809149259,1,9978@163.com,北京市海淀区中关村大街1号874号
黄雪,388641,15218301063,1,3657@hotmail.com,河南省郑州市二七区大学路80号265号
赵伟,854820,18960247649,0,1806@yahoo.com,吉林省长春市南关区人民大街123号635号
何娜,733309,18758355375,1,4979@163.com,上海市静安区南京西路1266号494号
刘瑶,989697,13549807430,0,9985@qq.com,吉林省长春市南关区人民大街123号912号
吴伟,238772,18887959778,0,4993@aliyun.com,安徽省合肥市政务区潜山路111号696号
高桂英,115331,13767424315,0,6910@aliyun.com,山东省青岛市市南区香港中路11号407号
董瑶,141007,15925978883,1,9170@gmail.com,重庆市渝北区金开大道68号594号
谢磊,738644,18286818129,1,32@foxmail.com,天津市南开区卫津路94号689号
于军,261286,13392290636,0,61@gmail.com,吉林省长春市南关区人民大街123号780号
孙静,208930,15914207451,1,3465@qq.com,陕西省西安市未央区某某街道891号
周丽,693737,18871542949,1,6070@outlook.com,江西省南昌市青山湖区北京东路456号441号
黄艳,513008,18957551826,0,1223@foxmail.com,陕西省西安市未央区某某街道838号
高娜,102191,15643662235,0,3790@yahoo.com,天津市南开区卫津路94号162号
吴博,913460,15098863827,1,873@outlook.com,山东省青岛市市南区香港中路11号197号
胡杰,201501,15879745557,1,4814@qq.com,福建省厦门市思明区中山路400号41号
刘超,158398,13185669277,0,6257@foxmail.com,黑龙江省哈尔滨市道里区中央大街99号978号
宋伟,882520,18170845205,1,4866@aliyun.com,重庆市渝北区金开大道68号817号
徐峰,050520,15742686310,0,2111@outlook.com,安徽省合肥市政务区潜山路111号507号
李凯,690650,18057303884,0,8602@126.com,陕西省西安市未央区某某街道872号
罗凯,946841,15388730053,1,9836@foxmail.com,湖北省武汉市洪山区珞瑜路726号257号
王雪,087961,13029600251,0,3298@foxmail.com,黑龙江省哈尔滨市道里区中央大街99号519号
吴芳,129684,15918409050,0,3209@aliyun.com,福建省厦门市思明区中山路400号299号
朱强,434522,18267191950,1,1786@outlook.com,黑龙江省哈尔滨市道里区中央大街99号56号
胡刚,250143,15595819639,0,5017@foxmail.com,江苏省南京市建邺区江东中路229号178号
马霞,071260,15576637574,0,6024@126.com,山东省青岛市市南区香港中路11号98号
徐强,191723,15038696596,1,3598@gmail.com,江苏省南京市建邺区江东中路229号647号
马浩,820152,13993337254,1,5285@yahoo.com,湖北省武汉市洪山区珞瑜路726号416号
高婷,091731,18938315076,1,1521@yahoo.com,湖北省武汉市洪山区珞瑜路726号431号
郭涛,301216,13833061046,1,3309@hotmail.com,福建省厦门市思明区中山路400号541号
马静,191389,13928492084,0,6728@hotmail.com,陕西省西安市未央区某某街道286号
宋文,798686,18766220075,0,9972@sina.com,河南省郑州市二七区大学路80号529号
刘悦,499883,18503715731,0,6465@163.com,湖北省武汉市洪山区珞瑜路726号124号
张平,411769,15779908623,0,6304@126.com,江西省南昌市青山湖区北京东路456号437号
郑浩,097018,13731067333,1,7853@foxmail.com,浙江省杭州市西湖区文二路188号55号
赵明,932700,18582810389,0,3342@hotmail.com,上海市静安区南京西路1266号858号
郑勇,994171,13858704372,0,2882@gmail.com,黑龙江省哈尔滨市道里区中央大街99号44号
周悦,816884,13892424610,0,3217@foxmail.com,山东省青岛市市南区香港中路11号673号
何刚,718435,15908472317,1,987@foxmail.com,福建省厦门市思明区中山路400号408号
韩宇,115732,18765356726,0,3806@126.com,广东省深圳市南山区科技园路8号904号
萧博,565182,13779418721,0,5512@126.com,陕西省西安市雁塔区科技路88号273号
宋娜,563223,15793829141,1,7532@gmail.com,辽宁省大连市中山区人民路55号926号
唐宇,079391,13212161311,1,3647@foxmail.com,黑龙江省哈尔滨市道里区中央大街99号124号
孙玲,763281,15094352356,1,5566@qq.com,河南省郑州市二七区大学路80号787号
徐军,243646,13757604904,1,662@qq.com,湖南省长沙市雨花区劳动西路102号686号
董杰,408965,15853970062,0,9075@gmail.com,四川省成都市高新区天府五街200号920号
朱强,337686,18573102192,0,4161@aliyun.com,天津市南开区卫津路94号973号
郭霞,778551,18112799708,0,280@yahoo.com,湖南省长沙市雨花区劳动西路102号264号
陈娜,630495,18177491713,0,8652@sina.com,北京市海淀区中关村大街1号409号
韩磊,618944,13827226917,0,5186@aliyun.com,黑龙江省哈尔滨市道里区中央大街99号571号
梁磊,277165,18132359839,1,3247@aliyun.com,江西省南昌市青山湖区北京东路456号610号
林敏,747604,18481877013,1,1139@outlook.com,安徽省合肥市政务区潜山路111号350号
李文,418765,15941199062,0,7390@gmail.com,河南省郑州市二七区大学路80号767号
张军,876937,18773971718,0,5095@126.com,吉林省长春市南关区人民大街123号375号
黄超,528510,15779190795,0,5011@aliyun.com,江西省南昌市青山湖区北京东路456号551号
罗瑶,999509,18126981317,0,1416@gmail.com,重庆市渝北区金开大道68号128号
吴勇,563904,18274919077,0,1216@outlook.com,江苏省南京市建邺区江东中路229号552号
谢霞,747554,15023877026,1,2618@sina.com,广东省深圳市南山区科技园路8号283号
高敏,317809,15644029715,1,3235@hotmail.com,江苏省南京市建邺区江东中路229号906号
周磊,902612,18201406057,1,8808@aliyun.com,陕西省西安市雁塔区科技路88号741号
于伟,919080,18964717649,1,1650@gmail.com,吉林省长春市南关区人民大街123号857号
胡静,200435,13398310614,1,7686@yahoo.com,江苏省南京市建邺区江东中路229号636号
谢宇,360060,15146374489,1,8516@foxmail.com,重庆市渝北区金开大道68号560号
孙悦,943438,13301930706,1,2133@hotmail.com,北京市海淀区中关村大街1号246号
罗丽,709626,13788427190,1,101@qq.com,四川省成都市高新区天府五街200号102号
李洋,150026,18307323992,0,9611@163.com,湖北省武汉市洪山区珞瑜路726号819号
刘欣,633395,15272952488,1,2970@qq.com,重庆市渝北区金开大道68号699号
于强,163635,15639379291,0,1630@126.com,江西省南昌市青山湖区北京东路456号798号
于瑶,661718,13491604749,1,9609@qq.com,吉林省长春市南关区人民大街123号9号
赵峰,663805,18113529084,0,9323@sina.com,湖南省长沙市雨花区劳动西路102号696号
刘刚,758284,15373619326,0,9136@qq.com,湖北省武汉市洪山区珞瑜路726号633号
何俊,924885,15258430504,1,8711@gmail.com,江苏省南京市建邺区江东中路229号377号
冯雪,776467,18518261786,1,340@qq.com,四川省成都市高新区天府五街200号160号
董悦,929578,18475855100,1,8225@qq.com,四川省成都市高新区天府五街200号675号
孙强,132788,15829691602,0,7919@163.com,辽宁省大连市中山区人民路55号391号
陈玲,294018,13611184283,1,2693@qq.com,广东省深圳市南山区科技园路8号570号
宋娜,564777,18718908861,0,5135@aliyun.com,浙江省杭州市西湖区文二路188号814号
李勇,858334,13690853264,1,4593@outlook.com,广东省深圳市南山区科技园路8号203号
萧悦,108935,13227476352,0,4254@outlook.com,陕西省西安市未央区某某街道917号
孙凯,640110,18343570690,0,105@sina.com,安徽省合肥市政务区潜山路111号434号
梁悦,497273,18961584533,1,3792@hotmail.com,江苏省南京市建邺区江东中路229号460号
高博,926292,18409031028,0,3769@gmail.com,江苏省南京市建邺区江东中路229号641号
宋军,297775,18058134525,1,1301@qq.com,陕西省西安市未央区某某街道618号
黄刚,303496,18832937597,0,115@aliyun.com,福建省厦门市思明区中山路400号561号
张勇,975996,15625230273,0,6350@hotmail.com,湖北省武汉市洪山区珞瑜路726号775号
宋艳,176468,18881395392,0,2694@aliyun.com,重庆市渝北区金开大道68号637号
郭涛,555419,13657147367,1,1631@163.com,吉林省长春市南关区人民大街123号231号
王娟,901294,15017287520,1,4919@foxmail.com,江西省南昌市青山湖区北京东路456号557号
刘丽,550470,18461874315,1,9157@gmail.com,上海市静安区南京西路1266号604号
胡凯,011644,18315494185,0,4179@hotmail.com,广东省深圳市南山区科技园路8号2号
胡瑶,991833,13851381596,0,9627@126.com,陕西省西安市未央区某某街道154号
黄娜,664124,18125196028,1,2892@aliyun.com,湖南省长沙市雨花区劳动西路102号531号
李敏,733173,15632571396,1,1048@foxmail.com,山东省青岛市市南区香港中路11号74号
陈娜,876443,18544891019,0,8427@yahoo.com,吉林省长春市南关区人民大街123号935号
宋静,338770,15735414279,0,6029@yahoo.com,辽宁省大连市中山区人民路55号558号
董凯,133950,18230185589,0,2239@qq.com,北京市海淀区中关村大街1号87号
冯雪,404027,18166547781,1,5885@outlook.com,浙江省杭州市西湖区文二路188号703号
马俊,694137,15702741745,0,606@126.com,河南省郑州市二七区大学路80号291号
谢超,171938,15181034212,0,4951@foxmail.com,湖南省长沙市雨花区劳动西路102号296号
萧强,330630,13928761004,0,567@sina.com,四川省成都市高新区天府五街200号820号
何宇,544453,13370365395,0,6456@qq.com,山东省青岛市市南区香港中路11号460号
郭华,468723,18119746531,1,7169@foxmail.com,江苏省南京市建邺区江东中路229号307号
吴瑶,789586,15836774798,1,719@qq.com,辽宁省大连市中山区人民路55号765号
郭伟,540888,18848663503,1,9651@yahoo.com,辽宁省大连市中山区人民路55号576号
谢文,552199,18854789584,1,1159@163.com,广东省深圳市南山区科技园路8号817号
李洋,584387,15534279872,0,847@aliyun.com,辽宁省大连市中山区人民路55号152号
郑勇,709620,18913884950,0,8316@hotmail.com,陕西省西安市未央区某某街道963号
吴华,985729,18558153573,0,7807@aliyun.com,上海市静安区南京西路1266号548号
徐辉,192869,15525664318,0,198@qq.com,陕西省西安市未央区某某街道585号
高欣,304990,15738383840,0,2253@sina.com,天津市南开区卫津路94号350号
何平,880857,15576052692,1,1602@aliyun.com,吉林省长春市南关区人民大街123号696号
胡明,429127,18657972557,1,6949@foxmail.com,湖南省长沙市雨花区劳动西路102号50号
郑瑶,393087,13277831994,0,1040@foxmail.com,辽宁省大连市中山区人民路55号416号
冯峰,315062,13711539774,0,8826@hotmail.com,山东省青岛市市南区香港中路11号764号
李娜,302705,13941633360,1,598@foxmail.com,上海市静安区南京西路1266号508号
胡敏,310715,15973439384,0,4815@163.com,安徽省合肥市政务区潜山路111号210号
林强,090969,18113679276,1,5410@qq.com,浙江省杭州市西湖区文二路188号351号
董超,497375,15223849933,0,2180@sina.com,湖北省武汉市洪山区珞瑜路726号777号
刘浩,052798,15078465491,1,8703@foxmail.com,浙江省杭州市西湖区文二路188号616号
朱玲,899627,13934807820,0,3081@gmail.com,陕西省西安市雁塔区科技路88号400号
郭雪,595941,18804843692,1,3532@yahoo.com,辽宁省大连市中山区人民路55号16号
董凯,181582,18989241179,0,5703@163.com,陕西省西安市未央区某某街道822号
韩健,615222,15517789217,0,1274@126.com,广东省深圳市南山区科技园路8号683号
罗平,040115,15348965212,1,3556@aliyun.com,黑龙江省哈尔滨市道里区中央大街99号767号
周桂英,809006,13949459315,0,7493@foxmail.com,山东省青岛市市南区香港中路11号889号
陈平,671996,13770182376,0,2511@163.com,江西省南昌市青山湖区北京东路456号119号
林勇,153781,13661857490,0,8985@126.com,北京市海淀区中关村大街1号847号
吴静,289074,15244628398,1,1430@163.com,湖南省长沙市雨花区劳动西路102号771号
萧璐,487587,18908804742,1,6650@sina.com,江西省南昌市青山湖区北京东路456号723号
陈宇,925800,13401571674,1,3582@yahoo.com,湖南省长沙市雨花区劳动西路102号944号
朱悦,202780,15971252822,0,9049@hotmail.com,陕西省西安市未央区某某街道110号
徐俊,091289,15328980225,1,638@sina.com,山东省青岛市市南区香港中路11号126号
马杰,797373,13950850796,1,501@126.com,上海市静安区南京西路1266号864号
李欣,692475,18774171642,1,1048@163.com,江西省南昌市青山湖区北京东路456号291号
黄艳,905225,18621599416,0,8141@163.com,湖南省长沙市雨花区劳动西路102号976号
何鹏,524511,13762784196,1,3589@gmail.com,江西省南昌市青山湖区北京东路456号906号
黄磊,993550,18671195899,0,7589@hotmail.com,陕西省西安市未央区某某街道342号
冯桂英,107399,18376767229,1,5450@sina.com,广东省深圳市南山区科技园路8号120号
宋华,927283,13165284895,1,3019@163.com,湖南省长沙市雨花区劳动西路102号13号
马涛,464977,18209257362,1,6287@gmail.com,安徽省合肥市政务区潜山路111号393号
冯明,674087,15199448212,1,2975@hotmail.com,湖南省长沙市雨花区劳动西路102号871号
郑勇,981672,13107744969,1,3707@hotmail.com,北京市海淀区中关村大街1号839号
梁文,977825,13460103948,0,1154@qq.com,江西省南昌市青山湖区北京东路456号736号
于秀兰,141062,15676464113,0,7584@foxmail.com,江西省南昌市青山湖区北京东路456号577号
唐文,540133,13011461101,1,7472@foxmail.com,辽宁省大连市中山区人民路55号220号
何玲,172620,18587059830,1,1465@126.com,陕西省西安市雁塔区科技路88号946号
郭艳,720519,13434388885,1,1430@163.com,陕西省西安市雁塔区科技路88号230号
徐勇,322992,13140788664,0,9290@outlook.com,天津市南开区卫津路94号880号
梁瑶,431769,18806955333,0,2492@foxmail.com,江西省南昌市青山湖区北京东路456号832号
黄军,275469,15200707665,0,9989@gmail.com,湖南省长沙市雨花区劳动西路102号433号
朱华,895613,15923937214,1,665@aliyun.com,湖南省长沙市雨花区劳动西路102号715号
徐秀兰,414862,15568974996,1,7155@outlook.com,湖南省长沙市雨花区劳动西路102号225号
董悦,964113,18276232108,1,6103@qq.com,江西省南昌市青山湖区北京东路456号846号
谢敏,181243,13531229282,1,9546@sina.com,辽宁省大连市中山区人民路55号218号
胡超,431581,13292161268,1,8374@hotmail.com,江苏省南京市建邺区江东中路229号817号
何华,213629,18788875293,1,4293@foxmail.com,福建省厦门市思明区中山路400号841号
罗娜,114247,18871411495,0,2270@hotmail.com,上海市静安区南京西路1266号982号
高健,610936,15176535767,1,8183@foxmail.com,上海市静安区南京西路1266号370号
萧明,694008,13460453019,0,8747@gmail.com,上海市静安区南京西路1266号733号
孙涛,524589,13875614147,0,702@hotmail.com,四川省成都市高新区天府五街200号701号
陈涛,694245,18611807520,0,7891@yahoo.com,重庆市渝北区金开大道68号430号
高军,875261,15723960421,1,1902@aliyun.com,重庆市渝北区金开大道68号133号
陈霞,515380,15519893892,1,5875@foxmail.com,安徽省合肥市政务区潜山路111号336号
宋丽,761521,15794420936,1,8631@qq.com,陕西省西安市未央区某某街道752号
王娟,046514,13845707233,0,4658@hotmail.com,广东省深圳市南山区科技园路8号405号
胡霞,130809,15025450933,0,4004@yahoo.com,天津市南开区卫津路94号868号
赵磊,730501,18907649406,0,8735@outlook.com,黑龙江省哈尔滨市道里区中央大街99号745号
徐芳,142511,15576927782,1,7329@foxmail.com,河南省郑州市二七区大学路80号952号
高璐,070429,18604214701,0,5283@163.com,四川省成都市高新区天府五街200号17号
唐敏,001752,13161469341,1,1159@foxmail.com,福建省厦门市思明区中山路400号186号
胡桂英,283590,13790760285,0,1744@126.com,陕西省西安市雁塔区科技路88号706号
谢文,469815,18123373193,1,1562@yahoo.com,天津市南开区卫津路94号819号
吴凯,433571,15721188579,1,4734@hotmail.com,陕西省西安市雁塔区科技路88号111号
朱鹏,567073,18795882210,1,734@hotmail.com,山东省青岛市市南区香港中路11号82号
赵洋,393971,18574692772,1,2259@yahoo.com,湖北省武汉市洪山区珞瑜路726号357号
刘军,894703,18038049412,0,4270@163.com,福建省厦门市思明区中山路400号37号
徐丽,583584,18289092362,1,2421@aliyun.com,河南省郑州市二七区大学路80号707号
陈健,550008,15129608431,0,9019@sina.com,山东省青岛市市南区香港中路11号533号
郑军,001222,15387357256,1,56@qq.com,四川省成都市高新区天府五街200号501号
韩敏,584812,15185140433,1,6105@126.com,上海市静安区南京西路1266号43号
罗静,442351,15789736503,1,993@aliyun.com,江苏省南京市建邺区江东中路229号977号
黄伟,874819,15558185171,0,6989@163.com,浙江省杭州市西湖区文二路188号813号
周杰,248683,13508307985,0,3839@hotmail.com,江苏省南京市建邺区江东中路229号165号
唐浩,260508,18535386642,0,8218@sina.com,湖南省长沙市雨花区劳动西路102号637号
赵凯,062079,15205600142,1,7004@foxmail.com,浙江省杭州市西湖区文二路188号223号
吴军,816937,15688125906,0,385@qq.com,四川省成都市高新区天府五街200号602号
朱娟,583009,18497417341,1,1713@hotmail.com,江西省南昌市青山湖区北京东路456号482号
唐勇,201951,15935537982,1,3138@outlook.com,浙江省杭州市西湖区文二路188号840号
唐华,737523,15165188197,0,3383@outlook.com,江苏省南京市建邺区江东中路229号430号
罗艳,316598,13313986345,1,8007@foxmail.com,江西省南昌市青山湖区北京东路456号68号
马强,192558,18027951440,1,8824@sina.com,浙江省杭州市西湖区文二路188号995号
高刚,501940,15601407993,0,7019@hotmail.com,北京市海淀区中关村大街1号340号
陈芳,473205,15095028862,0,5529@aliyun.com,北京市海淀区中关村大街1号640号
郑鹏,405530,18729936496,0,5474@outlook.com,四川省成都市高新区天府五街200号458号
周悦,490494,15981602753,1,3483@126.com,湖北省武汉市洪山区珞瑜路726号889号
张敏,573649,13820651850,0,9573@gmail.com,福建省厦门市思明区中山路400号929号
张秀兰,662295,18134092898,1,9556@163.com,广东省深圳市南山区科技园路8号214号
林杰,760400,18580535379,1,4200@126.com,黑龙江省哈尔滨市道里区中央大街99号120号
杨文,833306,13622315695,0,7960@126.com,江苏省南京市建邺区江东中路229号201号
韩丽,601484,18076455104,1,8459@hotmail.com,辽宁省大连市中山区人民路55号425号
刘芳,833638,15107989111,1,3556@sina.com,辽宁省大连市中山区人民路55号746号
郭杰,794843,15091960873,0,3001@outlook.com,黑龙江省哈尔滨市道里区中央大街99号218号
林浩,859520,13132170847,1,3663@sina.com,四川省成都市高新区天府五街200号983号
黄峰,855541,13117997911,0,1683@qq.com,天津市南开区卫津路94号979号
宋璐,112845,15026493588,0,5798@aliyun.com,山东省青岛市市南区香港中路11号209号
刘丽,906540,13039202983,0,8315@sina.com,广东省深圳市南山区科技园路8号215号
高洋,967203,18959986843,1,552@foxmail.com,上海市静安区南京西路1266号873号
董凯,261574,13004041991,1,7411@hotmail.com,吉林省长春市南关区人民大街123号541号
徐宇,868898,15020658411,1,6578@hotmail.com,江西省南昌市青山湖区北京东路456号23号
郑芳,048224,13039173156,0,4819@126.com,浙江省杭州市西湖区文二路188号488号
何丽,725057,18556498846,1,2161@sina.com,北京市海淀区中关村大街1号440号
赵娜,344625,13789563235,0,1919@aliyun.com,河南省郑州市二七区大学路80号807号
黄华,839120,15399166857,0,1046@sina.com,天津市南开区卫津路94号468号
林雪,228325,15605428855,0,2463@foxmail.com,福建省厦门市思明区中山路400号981号
谢伟,241627,15501078733,0,5143@foxmail.com,江西省南昌市青山湖区北京东路456号732号
林桂英,493720,13713334520,1,2320@hotmail.com,辽宁省大连市中山区人民路55号262号
林桂英,456097,13857584277,1,575@163.com,湖北省武汉市洪山区珞瑜路726号116号
吴悦,621627,18985877296,1,5039@outlook.com,江西省南昌市青山湖区北京东路456号219号
何洋,734678,15828897598,1,6080@aliyun.com,黑龙江省哈尔滨市道里区中央大街99号912号
徐平,684251,13814608751,1,4208@foxmail.com,浙江省杭州市西湖区文二路188号292号
冯杰,926695,15609044749,0,1204@qq.com,湖南省长沙市雨花区劳动西路102号690号
梁婷,584728,15778593269,0,2563@foxmail.com,山东省青岛市市南区香港中路11号714号
黄敏,590637,13449408653,0,4738@163.com,北京市海淀区中关村大街1号358号
周欣,363083,13257549636,0,9857@outlook.com,河南省郑州市二七区大学路80号299号
胡桂英,867719,15749644283,1,3762@163.com,安徽省合肥市政务区潜山路111号467号
高伟,670757,13664492875,1,4766@hotmail.com,山东省青岛市市南区香港中路11号641号
郭健,752143,13497784307,1,418@qq.com,江苏省南京市建邺区江东中路229号16号
刘敏,480189,18820095542,0,6829@sina.com,山东省青岛市市南区香港中路11号755号
吴洋,852833,13917227140,1,4175@sina.com,陕西省西安市未央区某某街道480号
郑玲,674853,18423802316,0,1849@hotmail.com,重庆市渝北区金开大道68号70号
韩明,193947,15160028308,0,2908@yahoo.com,湖北省武汉市洪山区珞瑜路726号189号
马涛,015865,13338454980,0,9350@aliyun.com,湖北省武汉市洪山区珞瑜路726号828号
黄杰,379039,15093910735,1,365@qq.com,吉林省长春市南关区人民大街123号419号
吴磊,930549,15727557795,1,3700@163.com,山东省青岛市市南区香港中路11号151号
罗博,961141,13609328044,0,1563@sina.com,浙江省杭州市西湖区文二路188号787号
胡超,065233,15972767584,0,462@outlook.com,江苏省南京市建邺区江东中路229号454号
胡霞,682456,15517191480,1,2733@aliyun.com,福建省厦门市思明区中山路400号959号
郭刚,839982,18213463477,0,7238@yahoo.com,重庆市渝北区金开大道68号840号
梁俊,208389,13763823362,1,389@126.com,湖南省长沙市雨花区劳动西路102号435号
罗娟,307086,18058499724,0,8739@aliyun.com,天津市南开区卫津路94号316号
郑婷,419489,13998723522,1,316@yahoo.com,安徽省合肥市政务区潜山路111号392号
梁伟,316838,13010153771,1,965@163.com,江西省南昌市青山湖区北京东路456号262号
张健,942220,13212270065,1,4421@yahoo.com,福建省厦门市思明区中山路400号496号
高杰,166405,18479674987,1,2145@aliyun.com,北京市海淀区中关村大街1号946号
冯平,543664,15557358329,1,2221@hotmail.com,江苏省南京市建邺区江东中路229号313号
萧明,053654,13880689847,1,2272@sina.com,上海市静安区南京西路1266号545号
宋杰,476259,18073072711,0,5781@foxmail.com,重庆市渝北区金开大道68号111号
朱欣,158280,13571919065,1,4330@163.com,黑龙江省哈尔滨市道里区中央大街99号401号
马刚,699693,18644706931,1,402@qq.com,江苏省南京市建邺区江东中路229号295号
黄刚,746965,15889570258,0,2376@aliyun.com,湖南省长沙市雨花区劳动西路102号942号
孙军,944081,13810053761,1,2454@foxmail.com,黑龙江省哈尔滨市道里区中央大街99号988号
于文,550455,18826666636,1,5651@aliyun.com,陕西省西安市雁塔区科技路88号790号
张娟,420439,13664351252,0,1897@gmail.com,黑龙江省哈尔滨市道里区中央大街99号828号
王秀兰,869122,13325314931,0,3086@outlook.com,陕西省西安市未央区某某街道76号
冯静,074695,18154226463,1,8750@hotmail.com,四川省成都市高新区天府五街200号596号
张洋,476918,13887731757,1,948@sina.com,江西省南昌市青山湖区北京东路456号605号
黄浩,899727,15397666070,1,193@126.com,四川省成都市高新区天府五街200号566号
谢桂英,705024,18423134291,0,487@126.com,重庆市渝北区金开大道68号356号
周霞,725178,13765409003,0,7551@foxmail.com,浙江省杭州市西湖区文二路188号690号
王婷,343226,15099486231,0,3122@sina.com,湖北省武汉市洪山区珞瑜路726号239号
高霞,031620,18171383676,1,3431@hotmail.com,湖南省长沙市雨花区劳动西路102号13号
张璐,885211,15021459277,0,6891@foxmail.com,山东省青岛市市南区香港中路11号487号
吴欣,541853,18461921768,1,9695@outlook.com,北京市海淀区中关村大街1号824号
罗文,459452,18795300133,1,760@gmail.com,湖北省武汉市洪山区珞瑜路726号619号
郭娟,880379,13540233499,1,1041@yahoo.com,辽宁省大连市中山区人民路55号242号
高峰,743688,18403709589,1,7276@aliyun.com,陕西省西安市雁塔区科技路88号258号
郑静,040634,13752583882,1,5017@163.com,湖南省长沙市雨花区劳动西路102号239号
郑俊,388622,18064668533,0,4049@163.com,河南省郑州市二七区大学路80号377号
韩敏,457209,18881176545,1,8933@163.com,河南省郑州市二七区大学路80号916号
杨强,878794,13667539759,1,4803@aliyun.com,湖南省长沙市雨花区劳动西路102号934号
朱强,141997,18944050386,1,4670@hotmail.com,天津市南开区卫津路94号688号
黄文,477708,15272505411,1,2130@foxmail.com,重庆市渝北区金开大道68号301号
胡艳,552783,13366690312,1,9398@outlook.com,山东省青岛市市南区香港中路11号340号
谢艳,266544,15951287200,1,1317@aliyun.com,湖南省长沙市雨花区劳动西路102号341号
陈军,707324,15330747508,0,1287@hotmail.com,湖南省长沙市雨花区劳动西路102号335号
唐娜,334187,18664753405,1,7315@foxmail.com,江西省南昌市青山湖区北京东路456号299号
刘超,728067,18302388884,1,1387@163.com,福建省厦门市思明区中山路400号761号
林秀兰,157434,15704694745,1,5028@outlook.com,吉林省长春市南关区人民大街123号630号
李宇,304469,15519131341,0,1499@163.com,河南省郑州市二七区大学路80号269号
刘芳,825390,15063291425,0,3101@gmail.com,浙江省杭州市西湖区文二路188号145号
朱杰,493782,13481201828,1,1740@outlook.com,重庆市渝北区金开大道68号198号
唐悦,037403,15043590804,1,5377@126.com,陕西省西安市雁塔区科技路88号414号
马芳,712997,13404970611,0,248@aliyun.com,湖南省长沙市雨花区劳动西路102号115号
杨婷,240183,18600559505,1,6654@126.com,浙江省杭州市西湖区文二路188号266号
吴磊,775350,18994741584,0,8682@foxmail.com,吉林省长春市南关区人民大街123号357号
刘玲,970841,18810805956,1,1918@hotmail.com,湖北省武汉市洪山区珞瑜路726号435号
吴敏,045009,13318902364,1,3137@outlook.com,湖北省武汉市洪山区珞瑜路726号457号
王洋,353593,15597840149,0,7160@hotmail.com,浙江省杭州市西湖区文二路188号955号
孙博,431105,18745725072,0,219@sina.com,辽宁省大连市中山区人民路55号482号
孙俊,497873,13586419016,0,8864@126.com,黑龙江省哈尔滨市道里区中央大街99号904号
杨军,069204,13787940387,1,8980@qq.com,江苏省南京市建邺区江东中路229号632号
郑军,571338,18613075020,1,4185@aliyun.com,吉林省长春市南关区人民大街123号700号
张华,717747,15776581106,0,1696@hotmail.com,江西省南昌市青山湖区北京东路456号522号
陈勇,759511,18392569149,1,3586@163.com,陕西省西安市未央区某某街道730号
唐文,719221,13725644984,1,3046@126.com,重庆市渝北区金开大道68号812号
郑悦,136599,15673519349,0,3076@gmail.com,河南省郑州市二七区大学路80号241号
高峰,890478,15270750319,1,1669@126.com,陕西省西安市雁塔区科技路88号589号
周伟,356666,15262315978,1,310@qq.com,广东省深圳市南山区科技园路8号122号
马伟,925667,18288445144,0,7900@qq.com,重庆市渝北区金开大道68号802号
何桂英,685745,18968517445,0,4637@163.com,重庆市渝北区金开大道68号466号
萧艳,206756,13708718477,1,3843@gmail.com,湖北省武汉市洪山区珞瑜路726号588号
杨峰,244709,15200918701,1,6950@hotmail.com,陕西省西安市雁塔区科技路88号396号
马桂英,063535,13232106066,0,4135@aliyun.com,河南省郑州市二七区大学路80号894号
郑辉,428804,13518701974,0,9412@sina.com,重庆市渝北区金开大道68号300号
于桂英,131234,13613519190,0,3428@gmail.com,天津市南开区卫津路94号685号
于娟,312288,13088164455,0,56@foxmail.com,江西省南昌市青山湖区北京东路456号199号
周艳,426532,18052795573,0,828@126.com,吉林省长春市南关区人民大街123号93号
于杰,222248,15655879814,0,5000@foxmail.com,江西省南昌市青山湖区北京东路456号836号
吴杰,616508,13995570689,0,3763@163.com,辽宁省大连市中山区人民路55号116号
李勇,445622,13515654551,0,3391@sina.com,浙江省杭州市西湖区文二路188号987号
梁雪,069383,18121114670,1,7838@outlook.com,湖北省武汉市洪山区珞瑜路726号11号
高明,281679,13351247930,1,6955@163.com,吉林省长春市南关区人民大街123号605号
陈军,208080,13150686240,1,8526@163.com,天津市南开区卫津路94号800号
孙芳,537649,18258806093,1,5037@yahoo.com,重庆市渝北区金开大道68号183号
赵艳,153318,13948540204,1,4682@qq.com,四川省成都市高新区天府五街200号172号
高杰,868317,13177015266,1,741@qq.com,陕西省西安市雁塔区科技路88号700号
宋鹏,470009,13131124833,0,7227@yahoo.com,福建省厦门市思明区中山路400号658号
马欣,091073,18138686223,1,8245@gmail.com,福建省厦门市思明区中山路400号31号
郭强,610335,13228798781,1,9134@aliyun.com,福建省厦门市思明区中山路400号856号
冯刚,337687,15544132903,1,2801@foxmail.com,上海市静安区南京西路1266号473号
张辉,628882,15052714192,0,5059@163.com,陕西省西安市未央区某某街道355号
马强,134843,13670701020,1,9069@126.com,北京市海淀区中关村大街1号312号
郑刚,919984,13911175244,0,8198@126.com,上海市静安区南京西路1266号43号
李峰,625779,13436994768,1,9685@gmail.com,浙江省杭州市西湖区文二路188号479号
林华,546979,18933044344,0,8670@sina.com,山东省青岛市市南区香港中路11号826号
王浩,843196,13219791095,1,1266@aliyun.com,江苏省南京市建邺区江东中路229号602号
吴勇,944245,18068502321,0,7059@126.com,黑龙江省哈尔滨市道里区中央大街99号801号
黄明,898575,13702109546,0,2574@yahoo.com,四川省成都市高新区天府五街200号900号
宋华,874604,13169178943,1,6092@foxmail.com,上海市静安区南京西路1266号860号
郭健,043885,18568717432,0,9605@hotmail.com,辽宁省大连市中山区人民路55号320号
何欣,229763,15960972974,0,2089@gmail.com,湖南省长沙市雨花区劳动西路102号472号
何桂英,349885,18259440515,1,3401@163.com,江苏省南京市建邺区江东中路229号848号
孙鹏,717836,15556376607,0,2748@sina.com,湖北省武汉市洪山区珞瑜路726号394号
胡峰,470242,18970439510,1,2946@163.com,福建省厦门市思明区中山路400号896号
梁超,661278,13336798259,1,3364@gmail.com,江西省南昌市青山湖区北京东路456号266号
宋悦,567674,15964509757,1,8397@126.com,浙江省杭州市西湖区文二路188号106号
杨静,902669,13529648326,0,1691@126.com,辽宁省大连市中山区人民路55号37号
高雪,879388,18443193048,0,8705@yahoo.com,辽宁省大连市中山区人民路55号9号
黄玲,850393,13018538468,0,5784@aliyun.com,吉林省长春市南关区人民大街123号240号
冯娜,405438,18346537099,0,6148@126.com,江苏省南京市建邺区江东中路229号399号
何璐,562959,15383771714,1,8187@yahoo.com,四川省成都市高新区天府五街200号173号
梁峰,407662,15588326451,1,8788@163.com,广东省深圳市南山区科技园路8号403号
高玲,469835,15351116955,1,7347@gmail.com,广东省深圳市南山区科技园路8号465号
唐浩,145839,15381377328,0,1578@hotmail.com,河南省郑州市二七区大学路80号31号
郑凯,636431,13910796948,0,494@gmail.com,四川省成都市高新区天府五街200号867号
孙勇,698555,18817664417,1,1024@foxmail.com,陕西省西安市雁塔区科技路88号922号
宋璐,884649,18498701347,1,5023@sina.com,浙江省杭州市西湖区文二路188号714号
陈宇,428079,18095187150,1,2717@163.com,辽宁省大连市中山区人民路55号54号
徐娜,200787,13810573794,0,6176@hotmail.com,安徽省合肥市政务区潜山路111号363号
胡欣,636637,15919309958,1,6248@outlook.com,北京市海淀区中关村大街1号473号
林瑶,193861,15308057782,1,1737@yahoo.com,北京市海淀区中关村大街1号686号
马涛,403861,18986321300,1,6131@aliyun.com,福建省厦门市思明区中山路400号817号
刘悦,259892,18150131941,1,3630@yahoo.com,广东省深圳市南山区科技园路8号999号
冯文,810273,13270433524,0,3411@163.com,上海市静安区南京西路1266号559号
黄娜,523554,13612794893,0,5912@qq.com,福建省厦门市思明区中山路400号103号
郑峰,621369,15040765754,0,3259@aliyun.com,辽宁省大连市中山区人民路55号892号
李文,364424,18089006413,0,4965@qq.com,重庆市渝北区金开大道68号27号
林平,671407,13811767442,1,9422@foxmail.com,河南省郑州市二七区大学路80号689号
唐芳,584946,15319108910,0,9932@hotmail.com,江西省南昌市青山湖区北京东路456号796号
冯杰,650663,13349742766,0,2618@outlook.com,重庆市渝北区金开大道68号561号
杨宇,783273,18215937353,1,4042@gmail.com,天津市南开区卫津路94号355号
谢勇,903879,13833475769,0,8333@gmail.com,重庆市渝北区金开大道68号253号
林娟,299950,13842268593,1,2932@sina.com,浙江省杭州市西湖区文二路188号867号
赵强,251638,18378113578,1,6903@aliyun.com,重庆市渝北区金开大道68号535号
陈凯,000934,13524722102,0,3426@163.com,河南省郑州市二七区大学路80号354号
冯勇,230246,15167157905,1,5277@126.com,吉林省长春市南关区人民大街123号510号
罗峰,956688,13121843068,0,7066@hotmail.com,山东省青岛市市南区香港中路11号80号
朱杰,504561,13764359132,1,3201@yahoo.com,湖南省长沙市雨花区劳动西路102号463号
吴强,991941,13589690123,1,4558@yahoo.com,陕西省西安市未央区某某街道439号
何鹏,940231,15129551214,0,6020@qq.com,四川省成都市高新区天府五街200号208号
胡超,461102,18598882729,0,5438@foxmail.com,陕西省西安市未央区某某街道841号
王丽,571635,15948547521,0,492@qq.com,天津市南开区卫津路94号941号
董杰,270706,15034759785,1,166@foxmail.com,北京市海淀区中关村大街1号174号
罗凯,823173,15249732449,1,4089@hotmail.com,河南省郑州市二七区大学路80号188号
何艳,051638,13928715211,1,1789@gmail.com,天津市南开区卫津路94号93号
董欣,214225,18140022183,1,9164@yahoo.com,天津市南开区卫津路94号169号
于平,113416,13030803004,0,2176@163.com,天津市南开区卫津路94号669号
刘洋,598109,13976761986,1,526@outlook.com,重庆市渝北区金开大道68号946号
郭秀兰,111170,15619419517,1,3628@yahoo.com,陕西省西安市未央区某某街道660号
冯欣,009649,13296716537,0,1898@sina.com,陕西省西安市未央区某某街道500号
韩强,143930,13849399586,0,2748@foxmail.com,广东省深圳市南山区科技园路8号501号
林勇,356433,13603046932,0,9354@outlook.com,广东省深圳市南山区科技园路8号636号
杨芳,501719,13696079890,1,5702@aliyun.com,上海市静安区南京西路1266号785号
刘桂英,829495,13569698190,0,8947@126.com,四川省成都市高新区天府五街200号984号
谢静,236573,18840616394,0,5231@qq.com,山东省青岛市市南区香港中路11号87号
杨雪,519593,18772742932,0,3317@126.com,辽宁省大连市中山区人民路55号334号
冯艳,743231,13711712910,0,2303@outlook.com,重庆市渝北区金开大道68号88号
韩博,665822,13112831432,1,9694@outlook.com,吉林省长春市南关区人民大街123号350号
黄丽,977109,18317864692,1,857@qq.com,福建省厦门市思明区中山路400号164号
罗静,060243,13643360478,1,587@126.com,上海市静安区南京西路1266号696号
林峰,865280,15036789401,0,2692@126.com,浙江省杭州市西湖区文二路188号735号
陈敏,588069,18432264379,1,7980@yahoo.com,湖南省长沙市雨花区劳动西路102号336号
刘平,569818,15960003860,0,6547@163.com,上海市静安区南京西路1266号360号
冯璐,260843,18617556807,1,8707@qq.com,安徽省合肥市政务区潜山路111号863号
唐丽,763640,13202591961,0,7248@aliyun.com,辽宁省大连市中山区人民路55号668号
孙悦,053088,18883971243,1,4491@foxmail.com,上海市静安区南京西路1266号576号
胡超,497637,13623118840,0,7034@126.com,黑龙江省哈尔滨市道里区中央大街99号294号
高玲,833172,13543634747,1,4665@qq.com,吉林省长春市南关区人民大街123号413号
于浩,805335,15029833153,0,4828@sina.com,河南省郑州市二七区大学路80号298号
吴峰,866031,13384135352,0,5844@gmail.com,吉林省长春市南关区人民大街123号600号
朱桂英,096380,18914532817,0,7698@gmail.com,福建省厦门市思明区中山路400号685号
王欣,748548,15670371666,0,8102@126.com,湖北省武汉市洪山区珞瑜路726号267号
刘玲,891000,15064928890,0,6483@qq.com,重庆市渝北区金开大道68号302号
何悦,337867,15702525279,1,8388@outlook.com,北京市海淀区中关村大街1号347号
黄玲,222551,13991834899,0,6440@163.com,吉林省长春市南关区人民大街123号645号
孙俊,007839,18658281475,1,2272@sina.com,四川省成都市高新区天府五街200号312号
萧悦,175004,13635258952,0,2799@gmail.com,天津市南开区卫津路94号217号
胡璐,022523,18675745193,0,7015@hotmail.com,山东省青岛市市南区香港中路11号800号
梁芳,479341,18430730904,0,231@gmail.com,重庆市渝北区金开大道68号399号
董健,246395,15530156390,1,2908@sina.com,湖南省长沙市雨花区劳动西路102号353号
周欣,299460,15954340358,0,181@qq.com,安徽省合肥市政务区潜山路111号698号
陈瑶,965477,18805526038,0,7231@126.com,上海市静安区南京西路1266号846号
刘伟,154655,15302865252,0,6997@aliyun.com,江苏省南京市建邺区江东中路229号926号
黄勇,714179,18558843126,1,7969@gmail.com,广东省深圳市南山区科技园路8号403号
陈刚,151849,15083880067,0,9977@gmail.com,黑龙江省哈尔滨市道里区中央大街99号956号
董浩,388033,15792324806,1,9299@sina.com,山东省青岛市市南区香港中路11号32号
罗娟,861376,18724048453,1,1610@sina.com,黑龙江省哈尔滨市道里区中央大街99号366号
黄悦,656566,13316663483,0,2679@yahoo.com,山东省青岛市市南区香港中路11号680号
罗秀兰,475675,15097001749,0,8239@outlook.com,上海市静安区南京西路1266号947号
何勇,293800,15307122055,1,8515@hotmail.com,陕西省西安市未央区某某街道294号
胡霞,922751,15398615370,0,6509@yahoo.com,北京市海淀区中关村大街1号43号
周健,938957,13256418557,1,1325@sina.com,四川省成都市高新区天府五街200号565号
唐强,565491,15507164540,0,8111@163.com,重庆市渝北区金开大道68号699号
宋辉,100555,18506919140,0,5176@sina.com,广东省深圳市南山区科技园路8号535号
梁瑶,583857,15142737572,1,5981@foxmail.com,湖南省长沙市雨花区劳动西路102号370号
谢军,210364,18022284499,1,7594@126.com,福建省厦门市思明区中山路400号883号
冯霞,932918,13659431549,0,6626@sina.com,江苏省南京市建邺区江东中路229号717号
杨悦,372288,18250852471,1,5530@qq.com,广东省深圳市南山区科技园路8号231号
刘博,768894,15802723282,0,4088@gmail.com,湖北省武汉市洪山区珞瑜路726号619号
何敏,845329,18352164664,1,7594@163.com,四川省成都市高新区天府五街200号572号
周军,667464,13448279918,0,8046@aliyun.com,重庆市渝北区金开大道68号630号
宋艳,918198,13567953341,0,7435@126.com,江苏省南京市建邺区江东中路229号693号
何刚,152680,15730061300,1,9018@yahoo.com,福建省厦门市思明区中山路400号929号
冯婷,186041,13672382202,0,4201@hotmail.com,上海市静安区南京西路1266号417号
马浩,768202,13558225615,1,2682@qq.com,浙江省杭州市西湖区文二路188号11号
黄娟,705032,15862831225,1,3359@aliyun.com,北京市海淀区中关村大街1号564号
林峰,514483,13672891695,0,9092@163.com,黑龙江省哈尔滨市道里区中央大街99号727号
郭霞,700066,18680319421,1,3181@gmail.com,山东省青岛市市南区香港中路11号742号
张静,174161,13522678955,0,3760@gmail.com,陕西省西安市未央区某某街道888号
罗悦,267183,13335944197,1,6702@gmail.com,上海市静安区南京西路1266号981号
宋宇,824756,18391378974,1,4439@gmail.com,辽宁省大连市中山区人民路55号989号
董静,971065,18660270644,1,9037@163.com,陕西省西安市未央区某某街道190号
马洋,715459,18941948811,0,4029@hotmail.com,天津市南开区卫津路94号268号
郑健,607505,15384611644,0,3168@163.com,湖南省长沙市雨花区劳动西路102号461号
孙华,383481,18588055516,1,5853@outlook.com,四川省成都市高新区天府五街200号724号
吴丽,657492,15756150053,0,9535@foxmail.com,重庆市渝北区金开大道68号845号
王秀兰,279887,18696645730,1,9815@hotmail.com,陕西省西安市雁塔区科技路88号825号
孙娜,452022,13007745428,0,4712@yahoo.com,上海市静安区南京西路1266号45号
徐欣,420433,18652062725,1,7140@sina.com,陕西省西安市雁塔区科技路88号616号
梁凯,224619,18171829055,1,8749@hotmail.com,四川省成都市高新区天府五街200号303号
李悦,292680,18862516652,1,9035@gmail.com,四川省成都市高新区天府五街200号911号
杨宇,253851,18772586454,1,7549@foxmail.com,四川省成都市高新区天府五街200号720号
于博,447481,18433605967,1,7383@sina.com,福建省厦门市思明区中山路400号501号
朱璐,563009,18570554014,1,2776@sina.com,湖南省长沙市雨花区劳动西路102号453号
宋宇,040287,18227748770,1,5521@sina.com,浙江省杭州市西湖区文二路188号332号
孙桂英,662494,18503831779,0,2147@qq.com,上海市静安区南京西路1266号17号
王军,491300,18805208477,1,5273@qq.com,安徽省合肥市政务区潜山路111号661号
何宇,861856,18810239587,0,8662@163.com,安徽省合肥市政务区潜山路111号691号
唐俊,586044,15522508873,1,3374@sina.com,江西省南昌市青山湖区北京东路456号511号
李健,219737,13261631188,1,9495@sina.com,天津市南开区卫津路94号6号
何军,831141,13557491592,0,3599@aliyun.com,黑龙江省哈尔滨市道里区中央大街99号859号
萧静,923905,18604731420,1,5446@aliyun.com,重庆市渝北区金开大道68号125号
徐秀兰,324600,18382986752,0,6260@qq.com,江苏省南京市建邺区江东中路229号588号
于鹏,970571,13702969475,0,2392@aliyun.com,江苏省南京市建邺区江东中路229号394号
张明,289339,15895080935,0,9482@aliyun.com,湖南省长沙市雨花区劳动西路102号493号
杨洋,790217,15835546600,0,6275@163.com,上海市静安区南京西路1266号909号
赵杰,207928,18669065460,1,4601@126.com,江苏省南京市建邺区江东中路229号128号
萧桂英,547120,15918202366,0,258@aliyun.com,广东省深圳市南山区科技园路8号40号
韩洋,638393,18148962325,0,1168@126.com,天津市南开区卫津路94号302号
杨涛,003183,13879789347,1,2630@aliyun.com,江西省南昌市青山湖区北京东路456号273号
萧欣,091241,13073556554,0,7409@aliyun.com,上海市静安区南京西路1266号709号
何霞,442930,15832193753,0,1732@foxmail.com,山东省青岛市市南区香港中路11号550号
黄伟,017936,15697303988,1,5125@yahoo.com,福建省厦门市思明区中山路400号533号
唐璐,854076,15786338037,1,2645@yahoo.com,四川省成都市高新区天府五街200号93号
杨敏,849811,18381041499,0,89@163.com,陕西省西安市雁塔区科技路88号735号
郑欣,432824,18319166420,1,131@qq.com,山东省青岛市市南区香港中路11号747号
陈洋,247802,13150195264,1,2057@hotmail.com,四川省成都市高新区天府五街200号521号
谢璐,008810,13959116097,0,5721@aliyun.com,湖南省长沙市雨花区劳动西路102号983号
张刚,609181,18029256030,0,963@126.com,辽宁省大连市中山区人民路55号790号
谢桂英,198619,13004878724,0,294@aliyun.com,天津市南开区卫津路94号32号
徐浩,475844,15606847770,1,4592@yahoo.com,江西省南昌市青山湖区北京东路456号312号
谢鹏,855022,13923911196,0,9580@qq.com,辽宁省大连市中山区人民路55号441号
宋伟,639196,15680696047,1,8120@aliyun.com,四川省成都市高新区天府五街200号689号
宋霞,226553,13319397167,1,6417@sina.com,浙江省杭州市西湖区文二路188号959号
高俊,401656,18015076203,0,6393@aliyun.com,陕西省西安市未央区某某街道680号
谢芳,333458,18836390916,0,4720@126.com,山东省青岛市市南区香港中路11号309号
吴健,976536,18957949223,1,4046@outlook.com,江西省南昌市青山湖区北京东路456号241号
冯浩,555170,15687473975,1,6655@foxmail.com,江苏省南京市建邺区江东中路229号575号
刘敏,102950,18540831438,1,13@gmail.com,浙江省杭州市西湖区文二路188号872号
林峰,405049,13040676121,0,4763@hotmail.com,辽宁省大连市中山区人民路55号432号
韩涛,959196,18545231441,0,9879@foxmail.com,安徽省合肥市政务区潜山路111号150号
于璐,579503,18384498237,0,5911@aliyun.com,北京市海淀区中关村大街1号279号
朱雪,391566,15759636120,0,7445@hotmail.com,福建省厦门市思明区中山路400号967号
何涛,332038,15715338619,0,4239@yahoo.com,湖南省长沙市雨花区劳动西路102号879号
罗强,898489,18284753697,0,9186@163.com,安徽省合肥市政务区潜山路111号680号
郭刚,302321,15858271212,1,1440@foxmail.com,黑龙江省哈尔滨市道里区中央大街99号950号
李悦,865003,13719403476,0,7479@126.com,吉林省长春市南关区人民大街123号195号
唐鹏,361880,18090106624,0,1528@163.com,北京市海淀区中关村大街1号915号
王宇,018391,15152485203,1,9889@sina.com,天津市南开区卫津路94号361号
胡静,189958,15703851144,0,6016@163.com,浙江省杭州市西湖区文二路188号777号
郑娟,282718,15775727104,0,6430@yahoo.com,辽宁省大连市中山区人民路55号292号
高丽,033836,13234407463,1,6750@gmail.com,上海市静安区南京西路1266号549号
黄秀兰,889783,18688683584,1,2919@163.com,河南省郑州市二七区大学路80号742号
赵峰,372743,18076947289,1,255@hotmail.com,天津市南开区卫津路94号225号
何磊,691765,13462780858,1,724@yahoo.com,北京市海淀区中关村大街1号666号
吴峰,863398,15631303571,1,7305@outlook.com,辽宁省大连市中山区人民路55号260号
罗洋,865865,18417050250,0,829@163.com,广东省深圳市南山区科技园路8号855号
朱桂英,234078,15088917467,1,6793@aliyun.com,河南省郑州市二七区大学路80号592号
宋鹏,402455,15958523913,1,5582@outlook.com,陕西省西安市未央区某某街道184号
梁健,416169,18283003284,1,7474@qq.com,重庆市渝北区金开大道68号295号
黄宇,177702,15090718070,1,5056@aliyun.com,广东省深圳市南山区科技园路8号648号
吴华,044916,15612144779,0,4642@gmail.com,北京市海淀区中关村大街1号786号
罗玲,376398,13220862588,1,7394@aliyun.com,广东省深圳市南山区科技园路8号306号
马磊,635362,13983016410,0,8887@aliyun.com,四川省成都市高新区天府五街200号740号
郑凯,740715,13477298893,0,5946@outlook.com,安徽省合肥市政务区潜山路111号753号
陈文,059080,13073409375,1,7299@163.com,重庆市渝北区金开大道68号19号
郑辉,959088,18795281719,0,7608@126.com,广东省深圳市南山区科技园路8号945号
郭军,997220,13662357762,1,3912@sina.com,天津市南开区卫津路94号215号
周磊,272562,15703872847,1,8906@163.com,四川省成都市高新区天府五街200号813号
张鹏,221659,15132475501,0,513@foxmail.com,四川省成都市高新区天府五街200号58号
谢文,566123,15087410950,1,6876@sina.com,浙江省杭州市西湖区文二路188号49号
胡丽,611565,15643607632,1,494@126.com,天津市南开区卫津路94号456号
梁博,533677,13449384603,0,3330@126.com,黑龙江省哈尔滨市道里区中央大街99号798号
董欣,968006,15982461101,1,4318@163.com,福建省厦门市思明区中山路400号191号
宋霞,731244,18483741680,1,5181@163.com,重庆市渝北区金开大道68号390号
唐丽,048199,15562399354,0,458@hotmail.com,河南省郑州市二七区大学路80号634号
何艳,528672,13603883860,1,988@126.com,湖南省长沙市雨花区劳动西路102号441号
张玲,189294,15524072964,0,7639@aliyun.com,江西省南昌市青山湖区北京东路456号267号
郑娟,014379,13538232740,1,4356@hotmail.com,湖南省长沙市雨花区劳动西路102号660号
杨娜,737482,15747308240,0,5178@gmail.com,山东省青岛市市南区香港中路11号676号
孙鹏,781306,18529746250,1,3641@gmail.com,黑龙江省哈尔滨市道里区中央大街99号164号
赵鹏,926351,13789746981,1,6702@yahoo.com,辽宁省大连市中山区人民路55号224号
何辉,533078,18088476116,1,6979@sina.com,天津市南开区卫津路94号756号
刘玲,593213,13760492286,1,7880@yahoo.com,四川省成都市高新区天府五街200号626号
周峰,889681,13072152464,0,6007@sina.com,福建省厦门市思明区中山路400号345号
宋华,823092,15187317334,0,3554@aliyun.com,四川省成都市高新区天府五街200号553号
孙玲,850071,18082278319,1,1784@qq.com,广东省深圳市南山区科技园路8号719号
高欣,807068,13613522366,1,7324@aliyun.com,江苏省南京市建邺区江东中路229号16号
高秀兰,903353,18131609482,1,6412@yahoo.com,湖南省长沙市雨花区劳动西路102号372号
林博,869128,13000974683,1,8600@gmail.com,重庆市渝北区金开大道68号653号
马宇,483779,15190408024,1,1950@yahoo.com,广东省深圳市南山区科技园路8号702号
于芳,278644,15039360346,1,5312@gmail.com,浙江省杭州市西湖区文二路188号361号
朱鹏,398272,15102147955,1,3572@sina.com,陕西省西安市雁塔区科技路88号874号
谢桂英,800197,15787847041,1,5102@sina.com,辽宁省大连市中山区人民路55号543号
冯峰,663137,18842013898,0,63@gmail.com,江苏省南京市建邺区江东中路229号550号
朱峰,712171,13240469911,1,9346@aliyun.com,黑龙江省哈尔滨市道里区中央大街99号930号
林婷,387016,13908809123,1,3396@163.com,山东省青岛市市南区香港中路11号754号
陈霞,832843,13895428268,1,214@126.com,湖南省长沙市雨花区劳动西路102号491号
唐洋,738005,13368659658,0,7769@outlook.com,安徽省合肥市政务区潜山路111号50号
唐平,839196,15642615915,1,2037@yahoo.com,江苏省南京市建邺区江东中路229号888号
萧俊,173312,15219086139,1,730@yahoo.com,广东省深圳市南山区科技园路8号144号
萧健,094220,18594216896,1,1581@hotmail.com,山东省青岛市市南区香港中路11号563号
冯俊,726503,18789992865,0,5883@foxmail.com,天津市南开区卫津路94号171号
陈艳,356767,15091811976,1,402@126.com,陕西省西安市雁塔区科技路88号447号
孙丽,262272,13876243571,1,3027@163.com,山东省青岛市市南区香港中路11号885号
刘雪,817315,13826949423,1,4206@sina.com,广东省深圳市南山区科技园路8号432号
董伟,618228,18332574060,0,314@hotmail.com,浙江省杭州市西湖区文二路188号267号
林勇,688422,18345147769,1,9371@qq.com,上海市静安区南京西路1266号357号
郭杰,574401,13483846557,1,8359@hotmail.com,天津市南开区卫津路94号597号
马敏,518852,18032240994,1,6466@hotmail.com,黑龙江省哈尔滨市道里区中央大街99号988号
孙华,607087,13048910025,0,3510@163.com,福建省厦门市思明区中山路400号459号
张强,722882,15685094773,0,7855@yahoo.com,上海市静安区南京西路1266号611号
杨娟,483446,15624370219,0,5651@outlook.com,安徽省合肥市政务区潜山路111号116号
陈瑶,882381,15186853937,1,3775@aliyun.com,广东省深圳市南山区科技园路8号415号
林强,672596,15665946977,0,419@163.com,江苏省南京市建邺区江东中路229号879号
刘悦,929989,13810696464,0,2057@aliyun.com,山东省青岛市市南区香港中路11号966号
周芳,649034,15856467757,0,7427@126.com,湖北省武汉市洪山区珞瑜路726号808号
郭宇,142459,18962571537,0,528@aliyun.com,陕西省西安市雁塔区科技路88号265号
杨鹏,966058,13317119349,1,9574@hotmail.com,湖南省长沙市雨花区劳动西路102号42号
刘娟,694786,13626722350,1,6018@hotmail.com,江西省南昌市青山湖区北京东路456号434号
韩健,306614,15899568403,1,9163@outlook.com,山东省青岛市市南区香港中路11号966号
徐敏,366393,13660149935,0,932@foxmail.com,上海市静安区南京西路1266号23号
陈平,983476,13163685516,1,7390@aliyun.com,湖北省武汉市洪山区珞瑜路726号929号
孙璐,264368,13133369482,0,8421@sina.com,四川省成都市高新区天府五街200号385号
于敏,873789,15784329088,1,8386@hotmail.com,江西省南昌市青山湖区北京东路456号22号
朱丽,113426,18119363067,1,3663@hotmail.com,陕西省西安市雁塔区科技路88号977号
马霞,013491,13200028149,0,7947@outlook.com,陕西省西安市雁塔区科技路88号64号
孙文,540333,15972989430,1,1554@foxmail.com,黑龙江省哈尔滨市道里区中央大街99号114号
马超,785031,15752071837,1,3147@163.com,福建省厦门市思明区中山路400号575号
林霞,898502,13757133888,1,7342@aliyun.com,江苏省南京市建邺区江东中路229号181号
马刚,229082,18465134038,1,5566@126.com,辽宁省大连市中山区人民路55号656号
董娟,418782,18702240467,0,7243@sina.com,山东省青岛市市南区香港中路11号206号
徐刚,174296,18087936307,1,8881@outlook.com,陕西省西安市雁塔区科技路88号196号
唐洋,864954,13226079464,1,6999@qq.com,天津市南开区卫津路94号328号
何博,591375,13848074329,1,3581@sina.com,天津市南开区卫津路94号539号
孙强,642099,13178791853,0,8315@gmail.com,湖南省长沙市雨花区劳动西路102号708号
黄丽,943915,15822158017,1,1165@hotmail.com,重庆市渝北区金开大道68号94号
董桂英,803401,13044818636,0,5806@hotmail.com,陕西省西安市雁塔区科技路88号26号
刘洋,123225,15284785506,0,3506@qq.com,湖南省长沙市雨花区劳动西路102号621号
孙桂英,375688,18084670316,1,2262@yahoo.com,四川省成都市高新区天府五街200号31号
林杰,024240,18339555401,1,6373@qq.com,湖南省长沙市雨花区劳动西路102号661号
孙明,989112,15748912232,1,4595@foxmail.com,江西省南昌市青山湖区北京东路456号376号
冯健,968812,13445381429,0,8752@126.com,山东省青岛市市南区香港中路11号382号
朱俊,642918,15545847787,1,9690@gmail.com,浙江省杭州市西湖区文二路188号635号
赵杰,088222,15089610374,0,1396@sina.com,山东省青岛市市南区香港中路11号101号
马涛,525766,18516982866,0,6520@foxmail.com,北京市海淀区中关村大街1号596号
林峰,833165,15524882419,0,4066@sina.com,江西省南昌市青山湖区北京东路456号42号
韩强,205993,15575491875,1,1684@foxmail.com,福建省厦门市思明区中山路400号408号
周雪,100149,15720943608,1,9233@outlook.com,广东省深圳市南山区科技园路8号923号
胡宇,436065,15634470836,1,2559@qq.com,黑龙江省哈尔滨市道里区中央大街99号108号
宋璐,765603,13566340942,0,8418@126.com,上海市静安区南京西路1266号33号
梁娜,856445,18369392763,0,607@foxmail.com,广东省深圳市南山区科技园路8号841号
黄璐,839316,18382812137,0,1598@hotmail.com,上海市静安区南京西路1266号619号
唐健,656757,13467146770,0,3904@hotmail.com,辽宁省大连市中山区人民路55号194号
何丽,765147,18163905463,0,6417@qq.com,湖北省武汉市洪山区珞瑜路726号6号
杨超,901313,15273487276,0,8054@sina.com,广东省深圳市南山区科技园路8号136号
吴勇,964018,18430335916,1,7247@qq.com,北京市海淀区中关村大街1号486号
萧军,023198,18902519120,0,9498@126.com,重庆市渝北区金开大道68号788号
韩博,662007,13671128167,0,9609@sina.com,湖南省长沙市雨花区劳动西路102号422号
董娜,004748,15692049938,0,4938@163.com,福建省厦门市思明区中山路400号567号
徐俊,928317,15654151552,0,8227@qq.com,上海市静安区南京西路1266号237号
何伟,940286,18318258300,0,2800@sina.com,天津市南开区卫津路94号673号
林桂英,559796,18859192345,1,9692@qq.com,北京市海淀区中关村大街1号281号
孙明,814605,13684162559,0,702@hotmail.com,广东省深圳市南山区科技园路8号630号
王华,436108,18258271800,1,5907@gmail.com,吉林省长春市南关区人民大街123号999号
何艳,098153,15784646788,0,548@foxmail.com,湖北省武汉市洪山区珞瑜路726号976号
郑瑶,642965,15252566186,0,2759@outlook.com,天津市南开区卫津路94号637号
周玲,827020,15505088162,0,8670@qq.com,吉林省长春市南关区人民大街123号865号
黄峰,972098,13113053067,1,9861@gmail.com,河南省郑州市二七区大学路80号92号
何涛,868092,13815679160,0,1776@aliyun.com,陕西省西安市未央区某某街道530号
董宇,243216,18317171556,1,4519@gmail.com,江苏省南京市建邺区江东中路229号54号
马玲,036624,15611449414,1,7791@163.com,福建省厦门市思明区中山路400号60号
林鹏,142592,13779869022,1,2620@hotmail.com,河南省郑州市二七区大学路80号104号
梁雪,445070,18448199812,1,847@sina.com,陕西省西安市未央区某某街道359号
马健,080788,13836277561,0,8247@gmail.com,江西省南昌市青山湖区北京东路456号826号
韩峰,019673,18100027290,0,3632@163.com,湖南省长沙市雨花区劳动西路102号725号
董涛,141958,15580045812,1,7215@qq.com,安徽省合肥市政务区潜山路111号970号
徐磊,139837,18143390611,0,5436@163.com,湖南省长沙市雨花区劳动西路102号135号
吴静,697333,18802133258,0,5876@126.com,广东省深圳市南山区科技园路8号494号
唐霞,988173,15815917928,0,7919@sina.com,陕西省西安市未央区某某街道608号
孙浩,067047,15366919369,0,2116@foxmail.com,湖南省长沙市雨花区劳动西路102号353号
胡雪,182122,18200146982,0,6930@outlook.com,辽宁省大连市中山区人民路55号454号
张雪,469941,13611500901,0,3582@163.com,重庆市渝北区金开大道68号192号
于秀兰,435503,18555604578,1,968@gmail.com,陕西省西安市雁塔区科技路88号209号
唐平,274663,15105213954,1,2424@outlook.com,北京市海淀区中关村大街1号732号
何秀兰,739264,15049033252,1,9121@qq.com,湖北省武汉市洪山区珞瑜路726号67号
郑浩,743343,15868686171,1,9901@hotmail.com,吉林省长春市南关区人民大街123号420号
罗凯,113481,13492402898,0,4327@gmail.com,四川省成都市高新区天府五街200号512号
马凯,140084,18532389904,1,9501@foxmail.com,四川省成都市高新区天府五街200号679号
孙鹏,286574,13580230630,1,7409@gmail.com,山东省青岛市市南区香港中路11号148号
徐玲,941409,18667905316,0,3117@sina.com,福建省厦门市思明区中山路400号302号
吴磊,770540,15089064849,0,8926@gmail.com,黑龙江省哈尔滨市道里区中央大街99号246号
朱欣,133757,13126841173,1,4879@gmail.com,江西省南昌市青山湖区北京东路456号197号
郑璐,295094,18033115029,1,7808@hotmail.com,陕西省西安市雁塔区科技路88号677号
李辉,114902,15036857541,1,1943@163.com,湖北省武汉市洪山区珞瑜路726号421号
黄悦,602957,15833159110,1,7569@qq.com,辽宁省大连市中山区人民路55号501号
王辉,196657,18005343579,0,6004@foxmail.com,湖南省长沙市雨花区劳动西路102号600号
梁瑶,834973,15739049088,0,422@aliyun.com,吉林省长春市南关区人民大街123号935号
何瑶,155055,13306575341,1,3900@126.com,山东省青岛市市南区香港中路11号876号
胡磊,655760,18280984867,0,845@gmail.com,辽宁省大连市中山区人民路55号40号
马娜,329688,13057951605,1,7999@163.com,河南省郑州市二七区大学路80号653号
周敏,447617,13305043322,1,1641@sina.com,重庆市渝北区金开大道68号267号
陈宇,198733,15648710000,0,7326@hotmail.com,浙江省杭州市西湖区文二路188号145号
罗娟,128994,18796498758,1,5097@hotmail.com,山东省青岛市市南区香港中路11号914号
宋平,545927,18449459327,0,6399@outlook.com,广东省深圳市南山区科技园路8号173号
张文,733705,15352019194,1,4891@qq.com,吉林省长春市南关区人民大街123号661号
赵娟,156061,15984052684,0,1118@aliyun.com,天津市南开区卫津路94号10号
赵娜,382911,18488182185,1,1684@yahoo.com,上海市静安区南京西路1266号160号
黄玲,320195,13303039378,0,7322@gmail.com,上海市静安区南京西路1266号890号
王超,586743,13901000926,0,4768@163.com,辽宁省大连市中山区人民路55号352号
周军,116543,13102475586,1,6061@qq.com,重庆市渝北区金开大道68号121号
周艳,410580,18849542668,0,124@gmail.com,河南省郑州市二七区大学路80号668号
冯峰,553461,18648062521,1,6736@126.com,重庆市渝北区金开大道68号83号
唐丽,064154,15508917705,1,7117@outlook.com,河南省郑州市二七区大学路80号864号
王峰,206867,13469857222,0,9248@163.com,浙江省杭州市西湖区文二路188号375号
张强,606589,15536121319,0,2992@hotmail.com,四川省成都市高新区天府五街200号335号
谢雪,423045,18958114770,1,8814@qq.com,江苏省南京市建邺区江东中路229号229号
林明,342559,15011032238,1,1707@qq.com,江西省南昌市青山湖区北京东路456号156号
郭秀兰,819746,13951722795,0,4613@hotmail.com,湖北省武汉市洪山区珞瑜路726号9号
郑瑶,927983,15048294171,1,5420@sina.com,吉林省长春市南关区人民大街123号931号
郭峰,606869,15905340927,1,386@163.com,辽宁省大连市中山区人民路55号407号
刘婷,875782,15130359281,0,6714@sina.com,天津市南开区卫津路94号14号
杨涛,136741,15637529415,1,8619@gmail.com,河南省郑州市二七区大学路80号574号
高瑶,956465,13764940567,1,4306@foxmail.com,上海市静安区南京西路1266号594号
王欣,840155,18854099786,0,8164@sina.com,重庆市渝北区金开大道68号594号
谢霞,882674,15254896685,1,9553@outlook.com,辽宁省大连市中山区人民路55号574号
胡辉,042293,18197483934,1,4498@qq.com,湖南省长沙市雨花区劳动西路102号266号
宋伟,253252,18587267152,1,5801@hotmail.com,湖北省武汉市洪山区珞瑜路726号112号
唐博,112220,15794259625,0,4728@qq.com,浙江省杭州市西湖区文二路188号899号
王娜,990745,13363853892,1,2898@gmail.com,河南省郑州市二七区大学路80号16号
杨芳,876048,15542962299,0,592@gmail.com,辽宁省大连市中山区人民路55号393号
张娜,428258,18634101592,0,4431@foxmail.com,吉林省长春市南关区人民大街123号398号
梁霞,055617,15512296263,1,5262@yahoo.com,福建省厦门市思明区中山路400号477号
冯杰,616859,13993768959,1,2412@hotmail.com,江苏省南京市建邺区江东中路229号571号
陈军,637188,18201590680,0,444@gmail.com,北京市海淀区中关村大街1号831号
萧桂英,312867,15046233759,1,1033@163.com,陕西省西安市未央区某某街道945号
宋欣,712152,13302644689,0,3490@foxmail.com,浙江省杭州市西湖区文二路188号502号
郑秀兰,212334,18092444354,1,8105@gmail.com,湖南省长沙市雨花区劳动西路102号940号
林杰,014202,18713809228,0,6105@foxmail.com,安徽省合肥市政务区潜山路111号758号
罗霞,790972,13628989056,1,5898@aliyun.com,湖北省武汉市洪山区珞瑜路726号413号
罗雪,525032,15317656882,0,5142@163.com,上海市静安区南京西路1266号544号
唐洋,774647,15334126499,1,2087@gmail.com,湖北省武汉市洪山区珞瑜路726号608号
胡伟,296352,15893775257,0,5553@163.com,广东省深圳市南山区科技园路8号521号
王娜,329954,13291620717,1,7744@aliyun.com,湖南省长沙市雨花区劳动西路102号742号
郭华,994097,18759297994,0,7210@yahoo.com,北京市海淀区中关村大街1号237号
梁明,663092,18436359617,1,2579@163.com,湖北省武汉市洪山区珞瑜路726号260号
萧华,364979,15143398273,0,5676@sina.com,天津市南开区卫津路94号881号
谢俊,815116,15227275974,0,1467@outlook.com,陕西省西安市未央区某某街道169号
萧敏,633279,13082576656,1,8532@gmail.com,北京市海淀区中关村大街1号436号
朱欣,118229,15880932778,0,6993@163.com,陕西省西安市雁塔区科技路88号971号
徐军,752937,18874885640,0,1501@gmail.com,湖南省长沙市雨花区劳动西路102号26号
谢峰,611157,15349511316,0,9368@qq.com,上海市静安区南京西路1266号630号
胡杰,713130,15603954361,1,9216@aliyun.com,湖南省长沙市雨花区劳动西路102号959号
黄文,835562,13489680844,0,6967@foxmail.com,上海市静安区南京西路1266号913号
唐秀兰,525240,18107402444,0,232@gmail.com,安徽省合肥市政务区潜山路111号899号
王悦,906047,18874910534,1,9307@163.com,陕西省西安市未央区某某街道419号
杨文,697964,13798501282,1,7270@qq.com,上海市静安区南京西路1266号347号
郭霞,972342,15604276145,1,8967@sina.com,天津市南开区卫津路94号572号
萧磊,614981,18884944354,0,6851@foxmail.com,浙江省杭州市西湖区文二路188号1号
黄伟,511891,18568652350,0,4778@qq.com,陕西省西安市未央区某某街道334号
周超,498079,13189146261,1,8947@gmail.com,江苏省南京市建邺区江东中路229号448号
唐娟,777314,15890069478,0,5469@163.com,福建省厦门市思明区中山路400号38号
朱强,813420,15295432380,0,1144@qq.com,黑龙江省哈尔滨市道里区中央大街99号971号
刘健,835110,15262866524,1,7621@gmail.com,重庆市渝北区金开大道68号616号
于峰,212689,15132532495,1,2343@sina.com,广东省深圳市南山区科技园路8号278号
罗洋,603726,18934462168,1,317@yahoo.com,福建省厦门市思明区中山路400号277号
胡雪,607976,15748513847,0,419@126.com,陕西省西安市未央区某某街道148号
何洋,421751,13049022376,0,7251@outlook.com,安徽省合肥市政务区潜山路111号403号
徐凯,821574,13014698857,1,5050@foxmail.com,上海市静安区南京西路1266号344号
林宇,841346,18134867847,0,6799@yahoo.com,辽宁省大连市中山区人民路55号730号
周明,479967,18422251481,1,8429@yahoo.com,吉林省长春市南关区人民大街123号533号
宋超,869364,13422169295,1,8646@163.com,上海市静安区南京西路1266号416号
吴博,438858,15895450915,1,5418@gmail.com,辽宁省大连市中山区人民路55号516号
陈欣,061313,15698574460,1,9846@yahoo.com,安徽省合肥市政务区潜山路111号774号
赵勇,348940,18590210933,1,5028@gmail.com,陕西省西安市未央区某某街道25号
宋平,765788,13377973550,0,2895@yahoo.com,吉林省长春市南关区人民大街123号72号
郑洋,145584,13772813577,0,340@outlook.com,陕西省西安市未央区某某街道397号
谢艳,750973,13030790584,0,1642@gmail.com,河南省郑州市二七区大学路80号748号
黄健,665480,13895274804,1,4565@hotmail.com,湖南省长沙市雨花区劳动西路102号123号
高磊,093950,18965575854,1,7437@163.com,湖南省长沙市雨花区劳动西路102号895号
杨霞,116843,18310702715,0,5501@outlook.com,江西省南昌市青山湖区北京东路456号514号
何宇,329894,18714278299,1,9783@163.com,北京市海淀区中关村大街1号315号
唐强,030583,15732666194,0,856@qq.com,安徽省合肥市政务区潜山路111号433号
刘文,459231,13069322154,0,16@hotmail.com,陕西省西安市雁塔区科技路88号501号
郭杰,662215,18226640285,1,1549@aliyun.com,湖南省长沙市雨花区劳动西路102号273号
朱浩,112157,15861755251,0,7645@126.com,江西省南昌市青山湖区北京东路456号300号
周伟,794700,15354165625,1,5160@hotmail.com,上海市静安区南京西路1266号238号
何杰,929082,18634946670,0,9516@yahoo.com,上海市静安区南京西路1266号982号
胡敏,600772,18266749413,0,2616@foxmail.com,安徽省合肥市政务区潜山路111号455号
陈艳,880903,13758196682,1,6792@sina.com,上海市静安区南京西路1266号256号
马娟,831290,15298052856,0,3261@gmail.com,湖北省武汉市洪山区珞瑜路726号721号
周洋,235872,18533188929,0,8136@foxmail.com,黑龙江省哈尔滨市道里区中央大街99号305号
胡雪,726927,18103729614,0,5338@foxmail.com,湖南省长沙市雨花区劳动西路102号786号
孙洋,885309,18835865885,1,7753@aliyun.com,安徽省合肥市政务区潜山路111号933号
朱瑶,221111,13978753338,0,503@163.com,北京市海淀区中关村大街1号74号
杨婷,583872,15732686271,1,7493@yahoo.com,河南省郑州市二七区大学路80号9号
张洋,039838,15643763000,0,3741@hotmail.com,四川省成都市高新区天府五街200号140号
周博,702878,13579869168,1,9538@sina.com,湖北省武汉市洪山区珞瑜路726号574号
马瑶,665645,13135036231,1,8664@outlook.com,湖南省长沙市雨花区劳动西路102号971号
萧娜,508225,13811995763,1,4250@outlook.com,浙江省杭州市西湖区文二路188号180号
郭博,580070,15266076149,1,7609@yahoo.com,辽宁省大连市中山区人民路55号589号
于刚,283014,15027145861,0,4879@163.com,重庆市渝北区金开大道68号424号
徐军,965952,18471633384,0,1277@gmail.com,江苏省南京市建邺区江东中路229号872号
谢刚,141579,13800039599,0,9533@aliyun.com,吉林省长春市南关区人民大街123号493号
冯丽,563708,15193705111,1,760@foxmail.com,天津市南开区卫津路94号753号
梁伟,943449,13987719012,0,3169@163.com,上海市静安区南京西路1266号503号
梁雪,347190,18988630342,0,777@126.com,重庆市渝北区金开大道68号463号
罗雪,235877,15177231432,1,4429@sina.com,陕西省西安市雁塔区科技路88号724号
罗辉,006086,15071042071,1,8772@aliyun.com,黑龙江省哈尔滨市道里区中央大街99号16号
周瑶,058873,13510734233,0,3061@gmail.com,北京市海淀区中关村大街1号114号
李静,111623,15330239891,0,1855@hotmail.com,天津市南开区卫津路94号684号
冯勇,951160,13055751871,0,8731@foxmail.com,陕西省西安市雁塔区科技路88号506号
赵强,843804,13308965321,0,766@sina.com,吉林省长春市南关区人民大街123号363号
赵静,943383,15658537811,1,9090@outlook.com,黑龙江省哈尔滨市道里区中央大街99号26号
张强,511681,18861095079,0,8908@sina.com,黑龙江省哈尔滨市道里区中央大街99号135号
唐凯,018034,13286414636,1,8264@aliyun.com,江西省南昌市青山湖区北京东路456号562号
唐明,814272,15347101057,0,8892@126.com,陕西省西安市未央区某某街道188号
唐芳,841061,13576259126,0,1969@hotmail.com,山东省青岛市市南区香港中路11号346号
朱鹏,614871,18546991067,0,8478@qq.com,陕西省西安市未央区某某街道645号
郑刚,624518,13067049028,1,7113@outlook.com,福建省厦门市思明区中山路400号261号
陈明,687797,13498234730,0,6319@qq.com,安徽省合肥市政务区潜山路111号748号
马文,703336,18040438453,1,4085@outlook.com,湖南省长沙市雨花区劳动西路102号437号
张璐,518343,13121182945,1,7155@qq.com,陕西省西安市未央区某某街道632号
孙刚,312911,13965475141,1,7351@sina.com,江苏省南京市建邺区江东中路229号857号
孙超,265216,18836275640,0,6416@yahoo.com,广东省深圳市南山区科技园路8号882号
萧玲,207787,13920014251,1,3643@hotmail.com,上海市静安区南京西路1266号557号
朱博,302757,15525975128,1,6625@outlook.com,安徽省合肥市政务区潜山路111号667号
唐婷,140308,15511326107,0,5986@163.com,福建省厦门市思明区中山路400号713号
谢俊,991033,18027378492,0,5926@gmail.com,辽宁省大连市中山区人民路55号730号
陈霞,977808,15897244439,0,7452@outlook.com,安徽省合肥市政务区潜山路111号938号
陈磊,071881,18912304399,0,6031@aliyun.com,江苏省南京市建邺区江东中路229号443号
宋雪,222246,15002068094,1,3396@outlook.com,湖南省长沙市雨花区劳动西路102号83号
吴涛,341133,18670048163,0,3429@sina.com,广东省深圳市南山区科技园路8号128号
李刚,780929,15743614736,0,1455@sina.com,广东省深圳市南山区科技园路8号307号
赵悦,660945,15681829269,0,7389@outlook.com,广东省深圳市南山区科技园路8号821号
孙婷,328549,15907062558,1,514@foxmail.com,重庆市渝北区金开大道68号830号
马平,717010,13587852306,1,725@163.com,北京市海淀区中关村大街1号520号
王霞,420804,18770694785,1,5834@gmail.com,浙江省杭州市西湖区文二路188号737号
赵磊,974995,15824583597,0,2086@outlook.com,河南省郑州市二七区大学路80号593号
宋欣,441762,15822285120,0,3661@aliyun.com,江西省南昌市青山湖区北京东路456号603号
赵文,923655,18236287363,0,6364@126.com,江苏省南京市建邺区江东中路229号184号
郑宇,195500,13297549470,1,1624@yahoo.com,福建省厦门市思明区中山路400号53号
陈桂英,786530,13737408366,0,6959@126.com,山东省青岛市市南区香港中路11号1号
于玲,916575,13384722709,0,7800@163.com,辽宁省大连市中山区人民路55号679号
于欣,229031,13858189545,1,9595@hotmail.com,江苏省南京市建邺区江东中路229号523号
陈磊,925227,13341534358,0,7461@126.com,黑龙江省哈尔滨市道里区中央大街99号216号
罗辉,620283,18634474774,0,5899@163.com,陕西省西安市未央区某某街道843号
朱涛,989938,13576829678,0,9364@sina.com,广东省深圳市南山区科技园路8号405号
唐霞,067048,13732093304,0,3329@yahoo.com,江苏省南京市建邺区江东中路229号691号
宋勇,704516,18718560279,1,7510@hotmail.com,河南省郑州市二七区大学路80号759号
赵健,489228,13422079595,0,1502@aliyun.com,重庆市渝北区金开大道68号676号
吴瑶,173703,13627685386,1,7591@outlook.com,吉林省长春市南关区人民大街123号559号
于敏,379349,13715340333,1,9039@gmail.com,广东省深圳市南山区科技园路8号555号
郑艳,843869,15355157089,0,8197@qq.com,重庆市渝北区金开大道68号235号
郭芳,706465,15362456061,1,3227@outlook.com,陕西省西安市未央区某某街道728号
黄桂英,867779,13740131271,1,5882@gmail.com,河南省郑州市二七区大学路80号820号
周婷,998086,13918459203,1,3352@foxmail.com,辽宁省大连市中山区人民路55号445号
黄超,454643,18701173299,0,5816@qq.com,辽宁省大连市中山区人民路55号992号
刘芳,052459,13554291420,0,4315@qq.com,北京市海淀区中关村大街1号464号
谢娜,744646,15545705140,0,1536@gmail.com,河南省郑州市二七区大学路80号108号
冯俊,475000,13155169242,0,8900@gmail.com,河南省郑州市二七区大学路80号746号
高鹏,009447,15372186012,1,4322@126.com,陕西省西安市雁塔区科技路88号287号
高娜,896622,18490000576,0,3435@aliyun.com,北京市海淀区中关村大街1号55号
朱敏,616777,13068739132,1,5891@yahoo.com,上海市静安区南京西路1266号259号
韩强,144717,13864510156,1,1136@foxmail.com,上海市静安区南京西路1266号964号
宋静,398325,18192045578,0,2610@outlook.com,湖南省长沙市雨花区劳动西路102号916号
韩强,869574,18312298257,1,1618@foxmail.com,陕西省西安市未央区某某街道469号
梁健,940327,13622705474,1,7785@126.com,广东省深圳市南山区科技园路8号710号
萧雪,692833,15540237354,1,5348@yahoo.com,辽宁省大连市中山区人民路55号183号
李浩,424005,15190663200,1,744@aliyun.com,天津市南开区卫津路94号194号
梁浩,417494,13710991360,1,3693@sina.com,天津市南开区卫津路94号404号
马超,300599,18688873681,1,8869@outlook.com,陕西省西安市未央区某某街道34号
刘勇,667847,18480511663,0,1010@aliyun.com,天津市南开区卫津路94号59号
张涛,458265,15100671065,0,3255@foxmail.com,吉林省长春市南关区人民大街123号645号
刘浩,881487,18310838581,1,9304@foxmail.com,陕西省西安市未央区某某街道549号
郭芳,881429,15975118385,1,3417@126.com,山东省青岛市市南区香港中路11号973号
张芳,808351,15751306336,0,1271@qq.com,四川省成都市高新区天府五街200号418号
周娟,778726,15587398959,0,117@gmail.com,陕西省西安市未央区某某街道260号
马平,825624,13743166146,1,1946@hotmail.com,福建省厦门市思明区中山路400号606号
梁悦,471746,18061057830,0,7272@outlook.com,陕西省西安市雁塔区科技路88号795号
林鹏,730069,15941989004,0,6049@aliyun.com,河南省郑州市二七区大学路80号234号
萧瑶,551551,15707019270,1,7167@aliyun.com,陕西省西安市雁塔区科技路88号495号
郭涛,857887,15724379731,1,6765@gmail.com,安徽省合肥市政务区潜山路111号877号
李婷,116897,18553543507,1,5656@qq.com,北京市海淀区中关村大街1号931号
郭瑶,226680,13771477041,1,3835@qq.com,湖南省长沙市雨花区劳动西路102号659号
王霞,579819,18986863477,1,7769@outlook.com,江苏省南京市建邺区江东中路229号775号
梁宇,310651,18828939412,0,2951@yahoo.com,黑龙江省哈尔滨市道里区中央大街99号168号
萧艳,718689,18081007858,0,4070@aliyun.com,江西省南昌市青山湖区北京东路456号657号
郑博,323060,18813005785,0,3496@qq.com,吉林省长春市南关区人民大街123号448号
赵凯,497687,18084942587,0,5122@126.com,河南省郑州市二七区大学路80号322号
陈博,425852,18451143128,1,4585@163.com,吉林省长春市南关区人民大街123号824号
朱强,542778,18426203507,0,883@gmail.com,陕西省西安市雁塔区科技路88号292号
韩峰,579694,15661019834,1,4075@126.com,北京市海淀区中关村大街1号380号
林娟,269607,13628069784,1,8405@yahoo.com,广东省深圳市南山区科技园路8号914号
李璐,799761,15587696946,0,2114@163.com,福建省厦门市思明区中山路400号158号
张欣,867855,15860436704,1,9724@gmail.com,北京市海淀区中关村大街1号246号
周敏,800251,15179892277,0,7664@qq.com,吉林省长春市南关区人民大街123号461号
于悦,520680,18951321687,0,3515@foxmail.com,辽宁省大连市中山区人民路55号757号
黄悦,957652,13621165658,1,4528@hotmail.com,湖南省长沙市雨花区劳动西路102号902号
杨浩,836403,18647427930,0,2822@sina.com,北京市海淀区中关村大街1号339号
马凯,568828,15105936262,1,9434@foxmail.com,黑龙江省哈尔滨市道里区中央大街99号979号
郑芳,302688,15973680802,0,5869@foxmail.com,陕西省西安市雁塔区科技路88号209号
张伟,494709,15550404738,0,4227@outlook.com,黑龙江省哈尔滨市道里区中央大街99号100号
于娜,326919,18691616735,1,1319@sina.com,黑龙江省哈尔滨市道里区中央大街99号936号
刘健,141017,13248350390,1,1561@126.com,北京市海淀区中关村大街1号520号
徐浩,213254,18767240972,1,1446@sina.com,四川省成都市高新区天府五街200号596号
张俊,572608,13097946190,1,9551@yahoo.com,河南省郑州市二七区大学路80号808号
高超,554688,15038856625,1,9936@hotmail.com,浙江省杭州市西湖区文二路188号955号
朱健,901208,15848679986,1,9495@gmail.com,江西省南昌市青山湖区北京东路456号398号
高芳,804684,15153067214,0,1510@yahoo.com,江苏省南京市建邺区江东中路229号244号
谢磊,157389,18515583483,0,1677@sina.com,天津市南开区卫津路94号833号
罗欣,010630,18087111931,0,9639@yahoo.com,广东省深圳市南山区科技园路8号451号
梁欣,313882,18648816806,0,3486@sina.com,江苏省南京市建邺区江东中路229号702号
吴俊,251289,15396813581,1,6114@sina.com,黑龙江省哈尔滨市道里区中央大街99号710号
黄军,513604,18145966311,1,2926@126.com,四川省成都市高新区天府五街200号266号
于浩,714616,13374033929,1,8754@hotmail.com,上海市静安区南京西路1266号145号
王宇,696689,15547167916,1,2632@hotmail.com,陕西省西安市雁塔区科技路88号463号
高伟,040277,15175006077,1,3208@163.com,辽宁省大连市中山区人民路55号397号
赵静,762826,13946687660,0,1452@126.com,湖南省长沙市雨花区劳动西路102号155号
李辉,021773,18614889048,1,6351@yahoo.com,上海市静安区南京西路1266号818号
谢伟,688928,18419404662,0,8324@aliyun.com,浙江省杭州市西湖区文二路188号938号
萧欣,900829,18044779967,1,2223@yahoo.com,上海市静安区南京西路1266号119号
宋静,517899,18130321325,0,4061@126.com,广东省深圳市南山区科技园路8号183号
李璐,057876,18920206064,0,7472@163.com,陕西省西安市雁塔区科技路88号75号
徐艳,301360,15304213197,1,6496@outlook.com,湖北省武汉市洪山区珞瑜路726号174号
韩磊,639061,15796471122,0,8348@yahoo.com,北京市海淀区中关村大街1号534号
韩浩,777381,15747106333,1,743@sina.com,上海市静安区南京西路1266号855号
郑娟,487387,15532021329,0,2754@aliyun.com,广东省深圳市南山区科技园路8号800号
陈宇,592107,13188402468,0,8584@foxmail.com,四川省成都市高新区天府五街200号146号
朱悦,880732,13057556416,1,5536@foxmail.com,黑龙江省哈尔滨市道里区中央大街99号73号
林杰,514222,18584174104,0,9673@aliyun.com,天津市南开区卫津路94号123号
郭秀兰,692718,18837142646,1,4526@yahoo.com,黑龙江省哈尔滨市道里区中央大街99号664号
郑瑶,440312,18733505264,1,2123@sina.com,江西省南昌市青山湖区北京东路456号254号
林悦,279258,15936487566,0,3742@aliyun.com,江苏省南京市建邺区江东中路229号385号
周玲,002402,15929891584,1,6077@126.com,广东省深圳市南山区科技园路8号945号
刘霞,393526,13767868976,1,5735@foxmail.com,安徽省合肥市政务区潜山路111号353号
何文,700051,18344802121,0,5846@126.com,河南省郑州市二七区大学路80号15号
于华,912949,15098425007,1,5081@126.com,河南省郑州市二七区大学路80号147号
吴辉,840555,15620979119,1,7@outlook.com,浙江省杭州市西湖区文二路188号713号
梁俊,320002,18918348469,0,291@outlook.com,天津市南开区卫津路94号167号
董强,034343,13213387170,1,1006@foxmail.com,天津市南开区卫津路94号55号
梁峰,697826,13636291474,0,8987@outlook.com,湖北省武汉市洪山区珞瑜路726号479号
高健,523726,18985083708,1,2056@foxmail.com,四川省成都市高新区天府五街200号959号
宋明,474659,15663500859,1,678@126.com,河南省郑州市二七区大学路80号966号
冯涛,041610,13221149801,0,1022@outlook.com,黑龙江省哈尔滨市道里区中央大街99号541号
刘洋,710680,18444936316,1,1810@163.com,四川省成都市高新区天府五街200号680号
罗刚,654447,13217767851,0,5349@gmail.com,重庆市渝北区金开大道68号404号
胡静,792240,18404085760,1,3417@163.com,湖南省长沙市雨花区劳动西路102号93号
胡宇,156564,13978560220,0,5354@yahoo.com,陕西省西安市未央区某某街道596号
萧辉,570399,13269169656,1,2531@hotmail.com,河南省郑州市二七区大学路80号885号
林浩,885762,15292840297,1,366@hotmail.com,广东省深圳市南山区科技园路8号652号
冯璐,681961,13787980104,1,5705@foxmail.com,江苏省南京市建邺区江东中路229号868号
王军,230429,13400551679,0,8926@hotmail.com,山东省青岛市市南区香港中路11号123号
赵宇,082823,18991373922,1,2465@outlook.com,辽宁省大连市中山区人民路55号142号
林静,554638,18279691998,1,862@yahoo.com,江西省南昌市青山湖区北京东路456号750号
董桂英,129784,13127387847,0,7322@126.com,江西省南昌市青山湖区北京东路456号180号
郑军,470929,18975462199,0,8775@yahoo.com,湖南省长沙市雨花区劳动西路102号856号
罗涛,034100,18361236287,0,56@163.com,辽宁省大连市中山区人民路55号74号
郑杰,392351,18871624952,0,8541@gmail.com,重庆市渝北区金开大道68号4号
马瑶,835922,13164526740,1,2699@sina.com,陕西省西安市雁塔区科技路88号606号
于敏,192753,13729553473,0,5149@hotmail.com,湖南省长沙市雨花区劳动西路102号329号
胡峰,716949,15583064083,0,147@sina.com,陕西省西安市未央区某某街道774号
刘霞,955783,13505722904,1,979@qq.com,湖南省长沙市雨花区劳动西路102号684号
宋洋,241084,18211313694,1,8068@foxmail.com,陕西省西安市未央区某某街道246号
郭秀兰,250984,18748081959,1,8154@yahoo.com,福建省厦门市思明区中山路400号234号
黄敏,642805,18111529356,0,2782@163.com,浙江省杭州市西湖区文二路188号806号
李霞,779985,18220653382,1,9469@qq.com,河南省郑州市二七区大学路80号784号
孙杰,874986,15772291883,0,283@gmail.com,北京市海淀区中关村大街1号781号
宋浩,536007,13050948953,0,9963@aliyun.com,浙江省杭州市西湖区文二路188号128号
何鹏,453931,13787026767,1,6644@outlook.com,湖南省长沙市雨花区劳动西路102号17号
高文,811587,13149379842,1,5940@yahoo.com,安徽省合肥市政务区潜山路111号338号
徐鹏,307457,18073621080,0,5605@163.com,江西省南昌市青山湖区北京东路456号334号
董健,515487,13059929766,1,4817@gmail.com,上海市静安区南京西路1266号440号
萧霞,253419,13284161811,0,1049@foxmail.com,湖北省武汉市洪山区珞瑜路726号167号
何平,515342,13720132314,0,8991@outlook.com,江西省南昌市青山湖区北京东路456号361号
郭凯,094205,13133664876,0,9385@aliyun.com,上海市静安区南京西路1266号448号
宋峰,177466,13002195026,1,1588@foxmail.com,重庆市渝北区金开大道68号498号
赵强,190910,18198083694,1,6338@gmail.com,浙江省杭州市西湖区文二路188号203号
高俊,380373,15040492948,0,6615@126.com,陕西省西安市雁塔区科技路88号171号
徐浩,522286,13830398398,1,9103@qq.com,北京市海淀区中关村大街1号734号
赵芳,022198,18358595619,1,3300@yahoo.com,重庆市渝北区金开大道68号595号
赵勇,641357,13109718753,1,1745@sina.com,重庆市渝北区金开大道68号813号
杨璐,266838,18864364217,0,6770@hotmail.com,陕西省西安市未央区某某街道555号
韩桂英,984668,13342146457,1,8535@126.com,黑龙江省哈尔滨市道里区中央大街99号769号
郭霞,233662,13747357729,0,43@sina.com,湖北省武汉市洪山区珞瑜路726号231号
胡军,599705,18999265393,0,6526@126.com,上海市静安区南京西路1266号629号
王秀兰,571513,18712672465,1,8749@126.com,浙江省杭州市西湖区文二路188号120号
马辉,358346,13858197293,1,2309@sina.com,重庆市渝北区金开大道68号245号
赵娜,570533,15936923469,0,9380@126.com,湖北省武汉市洪山区珞瑜路726号326号
高涛,145032,13566001519,0,7200@163.com,四川省成都市高新区天府五街200号161号
郑勇,682035,18469951342,0,2666@outlook.com,江西省南昌市青山湖区北京东路456号197号
孙婷,160856,18538814497,0,6089@aliyun.com,浙江省杭州市西湖区文二路188号344号
朱明,132961,13332191885,0,801@gmail.com,上海市静安区南京西路1266号77号
陈浩,421721,18165562674,1,9610@hotmail.com,天津市南开区卫津路94号180号
朱涛,478038,18338092318,1,2034@163.com,河南省郑州市二七区大学路80号137号
谢杰,029761,18178168107,1,6476@126.com,重庆市渝北区金开大道68号437号
宋瑶,854561,15822386835,1,3597@outlook.com,吉林省长春市南关区人民大街123号116号
胡璐,810551,15891243199,0,401@foxmail.com,辽宁省大连市中山区人民路55号18号
梁浩,051063,18793238790,1,696@qq.com,安徽省合肥市政务区潜山路111号599号
高秀兰,588484,13503556923,0,3813@outlook.com,湖南省长沙市雨花区劳动西路102号679号
王辉,115147,15753450726,0,2446@126.com,重庆市渝北区金开大道68号568号
徐鹏,688683,15222798320,1,2635@sina.com,浙江省杭州市西湖区文二路188号164号
王芳,819645,18115192787,0,1627@163.com,山东省青岛市市南区香港中路11号915号
李玲,480416,15869726254,1,9483@hotmail.com,天津市南开区卫津路94号270号
徐平,735381,13274483528,0,8724@qq.com,辽宁省大连市中山区人民路55号400号
周军,024043,18388638130,0,2835@aliyun.com,四川省成都市高新区天府五街200号444号
韩健,110466,13415635003,0,5366@126.com,江西省南昌市青山湖区北京东路456号590号
于平,997815,18807914246,0,3620@hotmail.com,广东省深圳市南山区科技园路8号326号
吴艳,044863,15334043033,1,9940@sina.com,四川省成都市高新区天府五街200号196号
朱华,722832,18824733993,1,8168@sina.com,江苏省南京市建邺区江东中路229号250号
宋凯,695656,13586286187,0,1879@163.com,北京市海淀区中关村大街1号627号
孙瑶,369812,18426466199,0,1354@hotmail.com,福建省厦门市思明区中山路400号165号
宋伟,328554,13428052527,1,7083@qq.com,湖南省长沙市雨花区劳动西路102号824号
郭峰,531428,18620742129,1,3428@foxmail.com,江西省南昌市青山湖区北京东路456号334号
董伟,291707,18655515515,1,5273@sina.com,广东省深圳市南山区科技园路8号796号
刘涛,477512,15908272811,1,8542@gmail.com,陕西省西安市未央区某某街道616号
董婷,148248,18390043551,0,6096@foxmail.com,重庆市渝北区金开大道68号259号
高俊,157913,13249665048,1,4297@sina.com,安徽省合肥市政务区潜山路111号615号
唐刚,258494,15034887796,0,4112@gmail.com,江苏省南京市建邺区江东中路229号52号
朱俊,981806,18467131632,1,4694@126.com,重庆市渝北区金开大道68号160号
萧敏,214657,18361460768,0,874@outlook.com,北京市海淀区中关村大街1号300号
吴刚,864917,13524707377,1,9846@163.com,陕西省西安市雁塔区科技路88号803号
林鹏,968596,15638714251,0,4160@gmail.com,湖北省武汉市洪山区珞瑜路726号416号
徐鹏,483664,13192719159,0,7777@qq.com,江苏省南京市建邺区江东中路229号57号
胡婷,061454,18472225837,1,4266@qq.com,江西省南昌市青山湖区北京东路456号519号
郑玲,937450,18208321099,0,808@outlook.com,河南省郑州市二七区大学路80号946号
高俊,998860,13035164761,0,7241@sina.com,陕西省西安市未央区某某街道600号
周艳,472802,18393336765,1,5275@126.com,陕西省西安市雁塔区科技路88号677号
陈浩,983733,13006064332,0,5845@outlook.com,江苏省南京市建邺区江东中路229号537号
董静,613092,15879219295,1,6060@yahoo.com,江西省南昌市青山湖区北京东路456号411号
董辉,392904,15053073199,0,1842@sina.com,福建省厦门市思明区中山路400号126号
周伟,051882,13425399487,0,9930@foxmail.com,天津市南开区卫津路94号925号
胡凯,226929,18669913632,1,5105@163.com,天津市南开区卫津路94号32号
黄娜,989947,15736508858,0,850@foxmail.com,上海市静安区南京西路1266号293号
郭华,891659,13189331555,0,2831@sina.com,北京市海淀区中关村大街1号777号
董刚,322690,18996172081,1,808@aliyun.com,福建省厦门市思明区中山路400号736号
梁艳,038044,18492734374,1,5483@yahoo.com,湖南省长沙市雨花区劳动西路102号990号
马军,439399,13879408054,1,7021@qq.com,四川省成都市高新区天府五街200号849号
马瑶,702366,13391775465,0,2321@gmail.com,吉林省长春市南关区人民大街123号14号
马欣,304502,13546427322,0,2378@aliyun.com,北京市海淀区中关村大街1号439号
林磊,926891,13997338866,1,8322@yahoo.com,广东省深圳市南山区科技园路8号248号
李浩,402833,13996024807,1,2583@yahoo.com,黑龙江省哈尔滨市道里区中央大街99号139号
陈雪,504286,13297006188,0,1338@outlook.com,广东省深圳市南山区科技园路8号905号
朱静,910087,13940283729,0,8782@outlook.com,广东省深圳市南山区科技园路8号991号
韩健,209093,15653597706,0,5282@qq.com,山东省青岛市市南区香港中路11号708号
于娜,134503,13700698667,0,7952@qq.com,上海市静安区南京西路1266号895号
李娜,161445,18238412251,1,6186@hotmail.com,江西省南昌市青山湖区北京东路456号231号
周洋,523793,18731292809,0,2098@aliyun.com,黑龙江省哈尔滨市道里区中央大街99号288号
萧欣,946560,18051049955,1,9536@outlook.com,河南省郑州市二七区大学路80号828号
朱华,198025,18901786190,0,2773@163.com,福建省厦门市思明区中山路400号149号
唐雪,975442,18314407834,0,2987@outlook.com,山东省青岛市市南区香港中路11号445号
于磊,095624,13535561223,1,8928@qq.com,江西省南昌市青山湖区北京东路456号797号
刘文,103161,13093240094,1,9678@126.com,河南省郑州市二七区大学路80号703号
董霞,699424,18723932610,1,4014@hotmail.com,重庆市渝北区金开大道68号298号
马悦,281015,18668774678,0,4548@yahoo.com,湖南省长沙市雨花区劳动西路102号259号
赵军,430814,18057896507,1,7527@163.com,安徽省合肥市政务区潜山路111号466号
高超,463502,18607788492,0,4810@outlook.com,山东省青岛市市南区香港中路11号358号
林璐,576974,18963039960,1,1377@hotmail.com,北京市海淀区中关村大街1号556号
郭丽,285278,18204701232,0,9484@foxmail.com,安徽省合肥市政务区潜山路111号335号
梁雪,355137,15067899532,0,4580@hotmail.com,重庆市渝北区金开大道68号878号
唐峰,221115,15151895395,0,9977@outlook.com,福建省厦门市思明区中山路400号982号
胡玲,479870,13772373032,1,4339@yahoo.com,四川省成都市高新区天府五街200号694号
胡峰,978552,13444657134,1,62@126.com,天津市南开区卫津路94号671号
徐凯,317120,15174955756,1,4542@126.com,浙江省杭州市西湖区文二路188号326号
罗辉,609742,18090666896,1,3210@gmail.com,辽宁省大连市中山区人民路55号668号
冯悦,223901,13713864961,0,9870@qq.com,福建省厦门市思明区中山路400号628号
董璐,339426,18815465584,1,2005@yahoo.com,湖北省武汉市洪山区珞瑜路726号384号
高杰,122573,18804324811,0,9328@qq.com,福建省厦门市思明区中山路400号988号
赵超,868425,15289588434,1,8153@sina.com,安徽省合肥市政务区潜山路111号393号
杨明,974370,18650765927,0,2893@126.com,陕西省西安市雁塔区科技路88号861号
于霞,707605,15291015355,1,7492@yahoo.com,河南省郑州市二七区大学路80号191号
徐明,743197,13468383381,0,2160@163.com,北京市海淀区中关村大街1号21号
梁玲,107347,15343260406,1,8610@aliyun.com,四川省成都市高新区天府五街200号723号
胡涛,722311,13686648333,1,8962@hotmail.com,黑龙江省哈尔滨市道里区中央大街99号352号
孙瑶,725674,13095596853,1,3891@126.com,天津市南开区卫津路94号423号
周平,809387,13435174686,0,189@126.com,江苏省南京市建邺区江东中路229号345号
冯鹏,215386,13193486776,1,7407@yahoo.com,江苏省南京市建邺区江东中路229号981号
宋婷,507034,13100492943,1,1034@sina.com,江西省南昌市青山湖区北京东路456号611号
韩辉,700423,15177402986,1,3320@hotmail.com,吉林省长春市南关区人民大街123号224号
赵静,687772,18225304830,1,7895@hotmail.com,江苏省南京市建邺区江东中路229号363号
郑俊,611464,18752712460,0,255@qq.com,江西省南昌市青山湖区北京东路456号387号
徐刚,209198,18153567630,1,2600@sina.com,黑龙江省哈尔滨市道里区中央大街99号541号
韩勇,516010,13966756802,1,896@hotmail.com,广东省深圳市南山区科技园路8号428号
董文,051645,18349658078,0,5655@gmail.com,辽宁省大连市中山区人民路55号74号
梁磊,155295,15511953793,0,8611@outlook.com,四川省成都市高新区天府五街200号255号
周敏,997740,15820454483,1,4781@foxmail.com,福建省厦门市思明区中山路400号948号
刘秀兰,294160,18578179692,0,3002@aliyun.com,陕西省西安市雁塔区科技路88号212号
李鹏,044519,13445049517,1,6335@aliyun.com,陕西省西安市未央区某某街道584号
林文,234356,15708274058,0,567@163.com,安徽省合肥市政务区潜山路111号895号
黄艳,624582,13920574477,1,6169@hotmail.com,湖北省武汉市洪山区珞瑜路726号682号
罗桂英,686145,15383388845,0,6944@163.com,浙江省杭州市西湖区文二路188号405号
郭文,240899,13868844111,1,2235@gmail.com,江西省南昌市青山湖区北京东路456号202号
罗俊,459268,13931971234,0,315@aliyun.com,福建省厦门市思明区中山路400号393号
刘明,881163,18242452285,0,7017@outlook.com,天津市南开区卫津路94号48号
徐俊,127738,18750991723,0,2018@hotmail.com,山东省青岛市市南区香港中路11号574号
唐雪,342825,18881639270,0,8597@126.com,重庆市渝北区金开大道68号183号
张峰,699959,13055809057,0,7884@aliyun.com,山东省青岛市市南区香港中路11号800号
郑娜,906710,15135081965,1,3521@aliyun.com,浙江省杭州市西湖区文二路188号113号
胡丽,519991,15922279672,1,992@qq.com,陕西省西安市未央区某某街道391号
陈欣,242724,18398507489,0,5159@126.com,湖北省武汉市洪山区珞瑜路726号854号
罗浩,553711,18064069448,1,9699@sina.com,江苏省南京市建邺区江东中路229号129号
马勇,878240,13531754880,0,3524@foxmail.com,安徽省合肥市政务区潜山路111号463号
冯桂英,947804,18620313160,0,5554@126.com,吉林省长春市南关区人民大街123号829号
宋文,926737,15711467118,0,458@aliyun.com,天津市南开区卫津路94号945号
朱博,375883,13779736488,1,1256@foxmail.com,山东省青岛市市南区香港中路11号619号
唐娜,744884,13623166354,1,127@yahoo.com,安徽省合肥市政务区潜山路111号162号
罗秀兰,207104,13688605543,0,2630@yahoo.com,福建省厦门市思明区中山路400号504号
冯凯,612645,13266494437,1,8365@hotmail.com,上海市静安区南京西路1266号660号
刘凯,382269,15300429519,0,4179@aliyun.com,辽宁省大连市中山区人民路55号145号
陈娜,091458,13091500622,1,7686@foxmail.com,浙江省杭州市西湖区文二路188号536号
刘瑶,114966,15216095093,1,439@yahoo.com,河南省郑州市二七区大学路80号615号
唐霞,242637,18280326742,1,3633@qq.com,安徽省合肥市政务区潜山路111号130号
刘瑶,905733,18896835418,1,1777@qq.com,江西省南昌市青山湖区北京东路456号919号
吴婷,614220,13546226682,1,9557@gmail.com,天津市南开区卫津路94号230号
谢璐,525433,13031835296,0,1926@hotmail.com,黑龙江省哈尔滨市道里区中央大街99号564号
刘瑶,550511,18518330299,1,2176@foxmail.com,广东省深圳市南山区科技园路8号816号
梁婷,468425,13845911615,0,14@hotmail.com,北京市海淀区中关村大街1号856号
梁华,099197,13072178509,0,1239@foxmail.com,福建省厦门市思明区中山路400号671号
郭婷,297810,18024597843,0,7542@aliyun.com,广东省深圳市南山区科技园路8号678号
韩超,406351,13864149419,1,3356@aliyun.com,江西省南昌市青山湖区北京东路456号812号
杨平,678931,13059732060,1,4436@126.com,湖南省长沙市雨花区劳动西路102号361号
吴磊,295961,13955655368,1,6947@yahoo.com,上海市静安区南京西路1266号929号
何鹏,532455,15614165812,1,9944@aliyun.com,湖南省长沙市雨花区劳动西路102号184号
罗敏,592205,13261819750,1,9940@foxmail.com,天津市南开区卫津路94号746号
周凯,330023,15012496870,1,111@foxmail.com,湖南省长沙市雨花区劳动西路102号978号
杨宇,637583,18021269907,0,5171@outlook.com,山东省青岛市市南区香港中路11号793号
张健,417859,13582103825,1,8801@aliyun.com,湖南省长沙市雨花区劳动西路102号422号
周文,556746,18304753808,0,3235@outlook.com,辽宁省大连市中山区人民路55号956号
唐丽,376958,15987731184,1,1483@qq.com,湖北省武汉市洪山区珞瑜路726号119号
吴杰,188138,18273785826,1,7552@sina.com,江西省南昌市青山湖区北京东路456号346号
何健,990013,15299221320,0,1860@126.com,福建省厦门市思明区中山路400号968号
刘俊,601387,18066698182,0,1202@hotmail.com,广东省深圳市南山区科技园路8号365号
张静,329314,13574525730,1,9740@hotmail.com,四川省成都市高新区天府五街200号113号
梁健,657829,13994121982,1,3033@aliyun.com,湖南省长沙市雨花区劳动西路102号485号
吴桂英,997671,18291885284,1,4785@yahoo.com,黑龙江省哈尔滨市道里区中央大街99号457号
孙璐,440437,18529385695,0,7116@163.com,黑龙江省哈尔滨市道里区中央大街99号170号
罗秀兰,993831,15085783341,1,9081@gmail.com,湖北省武汉市洪山区珞瑜路726号513号
马刚,448029,13418405574,1,2305@foxmail.com,黑龙江省哈尔滨市道里区中央大街99号341号
李文,338260,13919486183,1,1272@yahoo.com,江西省南昌市青山湖区北京东路456号898号
林平,243287,15855107017,1,353@163.com,河南省郑州市二七区大学路80号662号
林博,427523,15617390217,1,2005@163.com,天津市南开区卫津路94号794号
张杰,063586,15603048152,1,615@aliyun.com,安徽省合肥市政务区潜山路111号408号
唐华,379206,18188043770,1,4650@yahoo.com,陕西省西安市未央区某某街道18号
徐秀兰,026631,13780737824,0,8867@gmail.com,辽宁省大连市中山区人民路55号834号
郭娜,237259,13586536734,1,7690@hotmail.com,江苏省南京市建邺区江东中路229号357号
梁华,417959,15944069831,1,2815@sina.com,河南省郑州市二七区大学路80号799号
孙华,150515,15774347550,1,8718@outlook.com,山东省青岛市市南区香港中路11号158号
李秀兰,881731,13345807328,1,7677@foxmail.com,吉林省长春市南关区人民大街123号833号
黄峰,137611,18442368118,0,707@outlook.com,辽宁省大连市中山区人民路55号277号
孙宇,268248,15343051304,0,5007@outlook.com,湖南省长沙市雨花区劳动西路102号761号
马杰,715442,13905096701,0,3292@163.com,江西省南昌市青山湖区北京东路456号937号
王涛,691641,18854618800,1,803@qq.com,上海市静安区南京西路1266号669号
刘鹏,366336,15202104454,0,1157@yahoo.com,福建省厦门市思明区中山路400号946号
朱芳,511434,13832177500,0,661@hotmail.com,陕西省西安市雁塔区科技路88号136号
陈雪,627014,15363607087,0,7081@foxmail.com,浙江省杭州市西湖区文二路188号21号
郑丽,601857,15039719931,1,8660@hotmail.com,辽宁省大连市中山区人民路55号524号
高桂英,155573,18585662881,0,4683@yahoo.com,黑龙江省哈尔滨市道里区中央大街99号1号
高宇,420684,15705892676,0,1220@126.com,河南省郑州市二七区大学路80号297号
梁峰,620102,13153155997,1,1422@126.com,江苏省南京市建邺区江东中路229号336号
梁凯,957383,18766329523,0,2955@126.com,广东省深圳市南山区科技园路8号523号
董秀兰,413240,13892905762,1,6956@foxmail.com,四川省成都市高新区天府五街200号851号
韩文,600284,18767170770,1,6815@sina.com,河南省郑州市二七区大学路80号319号
吴瑶,861352,18360898137,1,6998@qq.com,江西省南昌市青山湖区北京东路456号280号
宋桂英,074053,13276042717,0,5699@aliyun.com,江苏省南京市建邺区江东中路229号46号
孙丽,900407,18030356002,0,1225@126.com,湖北省武汉市洪山区珞瑜路726号481号
罗涛,932470,13787676964,0,5453@sina.com,广东省深圳市南山区科技园路8号534号
王杰,888297,18854327282,1,4163@163.com,湖南省长沙市雨花区劳动西路102号75号
高凯,232366,13688417549,0,3626@outlook.com,四川省成都市高新区天府五街200号275号
高华,804027,18025455962,0,4088@outlook.com,河南省郑州市二七区大学路80号517号
周芳,330694,18558285822,1,5404@foxmail.com,广东省深圳市南山区科技园路8号548号
何艳,044251,15663531933,0,781@foxmail.com,江苏省南京市建邺区江东中路229号595号
林桂英,924391,13988608957,0,1565@sina.com,江苏省南京市建邺区江东中路229号830号
周娜,533567,15148246317,0,4759@sina.com,陕西省西安市未央区某某街道409号
王桂英,905534,15725915315,1,1377@yahoo.com,湖南省长沙市雨花区劳动西路102号496号
唐玲,767946,13338626116,1,2215@yahoo.com,江西省南昌市青山湖区北京东路456号574号
董瑶,872814,18678286741,1,178@gmail.com,福建省厦门市思明区中山路400号626号
于军,354990,18680733114,0,6623@outlook.com,河南省郑州市二七区大学路80号376号
郑健,393730,15685733123,0,972@hotmail.com,辽宁省大连市中山区人民路55号624号
胡婷,310796,18317178917,0,4414@sina.com,江苏省南京市建邺区江东中路229号357号
王娟,504157,15738994941,0,7764@yahoo.com,安徽省合肥市政务区潜山路111号227号
罗芳,834488,15617658698,0,5766@126.com,浙江省杭州市西湖区文二路188号191号
黄雪,159616,13618571501,0,9657@sina.com,山东省青岛市市南区香港中路11号67号
郑敏,169315,15154656565,0,3008@hotmail.com,黑龙江省哈尔滨市道里区中央大街99号360号
李璐,331081,15663277430,0,4984@yahoo.com,湖南省长沙市雨花区劳动西路102号703号
何秀兰,508752,13892206088,0,6559@163.com,安徽省合肥市政务区潜山路111号818号
周婷,158940,13691835197,0,5410@gmail.com,浙江省杭州市西湖区文二路188号794号
张浩,885393,18118777369,0,438@sina.com,河南省郑州市二七区大学路80号79号
吴伟,572996,18853924168,0,7838@163.com,黑龙江省哈尔滨市道里区中央大街99号763号
张洋,417924,15659338177,1,4417@hotmail.com,黑龙江省哈尔滨市道里区中央大街99号710号
马雪,735560,13417733195,0,2753@gmail.com,福建省厦门市思明区中山路400号121号
梁凯,391864,15216487651,1,1391@foxmail.com,北京市海淀区中关村大街1号592号
孙娜,340034,18051939215,1,4850@gmail.com,陕西省西安市未央区某某街道817号
王艳,822392,18254572229,0,1121@qq.com,北京市海淀区中关村大街1号132号
张明,666097,13583262300,1,2771@outlook.com,天津市南开区卫津路94号79号
李雪,714156,13506433787,0,7465@qq.com,江苏省南京市建邺区江东中路229号213号
徐悦,655512,13688380098,1,5137@hotmail.com,吉林省长春市南关区人民大街123号197号
高雪,829889,18721687970,0,5070@yahoo.com,黑龙江省哈尔滨市道里区中央大街99号996号
朱辉,395734,15179782933,1,167@hotmail.com,湖南省长沙市雨花区劳动西路102号150号
高秀兰,358487,15504764931,1,8253@foxmail.com,河南省郑州市二七区大学路80号146号
宋悦,367263,15964526917,0,6775@sina.com,重庆市渝北区金开大道68号665号
吴娜,317658,15607823735,0,4537@qq.com,四川省成都市高新区天府五街200号418号
董静,119923,15937397210,0,2836@aliyun.com,辽宁省大连市中山区人民路55号342号
周健,415303,15134097423,1,8695@yahoo.com,江西省南昌市青山湖区北京东路456号481号
林静,099447,13895713216,0,7446@outlook.com,河南省郑州市二七区大学路80号356号
王桂英,649222,15138813073,0,9886@outlook.com,湖北省武汉市洪山区珞瑜路726号496号
刘伟,266138,13990247027,0,3273@163.com,天津市南开区卫津路94号315号
陈欣,434967,13715698203,0,3872@126.com,吉林省长春市南关区人民大街123号587号
徐华,001447,18593337327,0,6274@163.com,浙江省杭州市西湖区文二路188号290号
赵峰,689730,15039083801,0,9346@sina.com,辽宁省大连市中山区人民路55号498号
赵涛,484002,18578399505,1,5663@foxmail.com,山东省青岛市市南区香港中路11号123号
罗鹏,750968,18945043991,1,1050@hotmail.com,重庆市渝北区金开大道68号820号
冯芳,643298,15582773847,1,105@126.com,湖南省长沙市雨花区劳动西路102号600号
马静,632548,13762506205,0,1306@yahoo.com,广东省深圳市南山区科技园路8号869号
张勇,457337,15798348408,1,5578@126.com,上海市静安区南京西路1266号768号
徐勇,029915,13856170914,0,7238@aliyun.com,上海市静安区南京西路1266号164号
周华,243364,15895369359,1,8831@outlook.com,黑龙江省哈尔滨市道里区中央大街99号436号
赵秀兰,966229,15264087025,0,9860@gmail.com,上海市静安区南京西路1266号415号
宋俊,908692,15159399209,1,5934@qq.com,福建省厦门市思明区中山路400号893号
唐涛,098940,15704245513,1,5491@hotmail.com,上海市静安区南京西路1266号853号
胡明,914555,18068687174,0,2134@outlook.com,广东省深圳市南山区科技园路8号618号
朱桂英,586599,15244620512,0,1237@qq.com,湖南省长沙市雨花区劳动西路102号267号
林军,996422,15335046627,0,1838@outlook.com,江西省南昌市青山湖区北京东路456号972号
刘秀兰,630797,13637416279,1,1846@foxmail.com,四川省成都市高新区天府五街200号35号
陈洋,160162,18226579656,1,4780@126.com,广东省深圳市南山区科技园路8号376号
何桂英,075668,15506917711,0,5584@outlook.com,陕西省西安市未央区某某街道609号
唐宇,593133,15712241304,0,6094@aliyun.com,河南省郑州市二七区大学路80号195号
冯艳,482237,13901576962,1,3186@sina.com,黑龙江省哈尔滨市道里区中央大街99号864号
马磊,993287,15517170050,0,3501@yahoo.com,湖北省武汉市洪山区珞瑜路726号271号
谢明,010964,15239510250,0,7423@126.com,陕西省西安市未央区某某街道587号
郑娟,599945,13320468676,0,7064@qq.com,陕西省西安市未央区某某街道510号
高娟,846885,15973619175,1,8164@qq.com,河南省郑州市二七区大学路80号270号
周刚,918637,15067452653,1,1048@foxmail.com,浙江省杭州市西湖区文二路188号125号
韩文,265242,18579755090,0,7872@yahoo.com,安徽省合肥市政务区潜山路111号403号
杨秀兰,841575,15761355757,1,8125@gmail.com,天津市南开区卫津路94号885号
韩博,165902,13491031135,1,5948@sina.com,四川省成都市高新区天府五街200号641号
孙秀兰,937965,15529015278,1,8847@163.com,江苏省南京市建邺区江东中路229号144号
林明,635115,18346181704,0,2509@126.com,河南省郑州市二七区大学路80号738号
周静,268923,13574616886,1,6051@sina.com,吉林省长春市南关区人民大街123号754号
韩强,105633,15533414730,1,827@sina.com,浙江省杭州市西湖区文二路188号861号
郭俊,887894,18919732823,1,9063@outlook.com,陕西省西安市未央区某某街道363号
郑强,911194,13803818026,1,5241@yahoo.com,黑龙江省哈尔滨市道里区中央大街99号660号
宋悦,869835,18335897749,0,1196@foxmail.com,吉林省长春市南关区人民大街123号581号
徐华,198123,15770029188,1,7060@yahoo.com,陕西省西安市未央区某某街道30号
刘军,261748,18136176666,0,1134@foxmail.com,河南省郑州市二七区大学路80号91号
张博,238884,18723992763,0,803@yahoo.com,陕西省西安市未央区某某街道749号
陈勇,560327,13767510481,0,9270@aliyun.com,天津市南开区卫津路94号717号
高军,609804,13036578566,1,4177@yahoo.com,黑龙江省哈尔滨市道里区中央大街99号36号
李悦,887598,13646354623,1,9628@hotmail.com,福建省厦门市思明区中山路400号241号
谢秀兰,004772,18150170981,1,2618@outlook.com,安徽省合肥市政务区潜山路111号736号
周璐,713782,18894679743,1,7741@aliyun.com,广东省深圳市南山区科技园路8号21号
高娜,398139,18647986917,1,6453@126.com,吉林省长春市南关区人民大街123号380号
黄伟,428936,18040713719,1,81@sina.com,山东省青岛市市南区香港中路11号394号
韩浩,628211,18645692203,1,6829@aliyun.com,福建省厦门市思明区中山路400号561号
梁文,214986,15818990305,0,6925@qq.com,吉林省长春市南关区人民大街123号73号
黄悦,003385,13274726542,1,8248@qq.com,广东省深圳市南山区科技园路8号511号
周瑶,488457,18086329695,0,1628@yahoo.com,江苏省南京市建邺区江东中路229号262号
胡静,601951,18396579941,1,620@126.com,湖北省武汉市洪山区珞瑜路726号836号
梁鹏,990612,13180127160,1,4069@qq.com,陕西省西安市未央区某某街道954号
周静,510416,18345392775,1,1524@126.com,四川省成都市高新区天府五街200号404号
杨婷,197814,15367503788,1,2829@foxmail.com,北京市海淀区中关村大街1号650号
朱峰,351685,13607598800,1,431@yahoo.com,浙江省杭州市西湖区文二路188号957号
何玲,010963,13958464445,0,1911@foxmail.com,吉林省长春市南关区人民大街123号550号
郭强,548486,13676005794,1,2042@126.com,江西省南昌市青山湖区北京东路456号16号
赵丽,871675,18318324324,1,3489@sina.com,河南省郑州市二七区大学路80号316号
周宇,706381,18285551480,1,2145@163.com,黑龙江省哈尔滨市道里区中央大街99号534号
刘瑶,539111,13248690103,1,7419@outlook.com,上海市静安区南京西路1266号576号
杨超,214243,15387680506,0,8144@hotmail.com,陕西省西安市未央区某某街道750号
谢浩,258923,18839341139,0,9548@hotmail.com,北京市海淀区中关村大街1号729号
韩强,281986,15732048060,1,8570@126.com,广东省深圳市南山区科技园路8号756号
林瑶,271076,18914576675,0,7890@gmail.com,湖北省武汉市洪山区珞瑜路726号891号
韩璐,462107,15837074002,0,6602@foxmail.com,四川省成都市高新区天府五街200号284号
谢瑶,576798,15591729332,1,884@sina.com,吉林省长春市南关区人民大街123号959号
谢艳,646284,18334883200,0,4535@foxmail.com,陕西省西安市雁塔区科技路88号282号
张超,189249,18180684637,0,8119@hotmail.com,江西省南昌市青山湖区北京东路456号57号
陈雪,849306,15298565267,0,1379@sina.com,陕西省西安市未央区某某街道450号
董敏,111865,15921388603,1,2121@foxmail.com,安徽省合肥市政务区潜山路111号157号
吴伟,021387,13731814554,1,2999@hotmail.com,四川省成都市高新区天府五街200号772号
高磊,023599,13710628164,1,4560@hotmail.com,上海市静安区南京西路1266号513号
于芳,194666,13527632540,0,9975@foxmail.com,安徽省合肥市政务区潜山路111号70号
赵敏,386762,15095499808,0,9298@foxmail.com,上海市静安区南京西路1266号813号
萧璐,131281,13562035702,1,724@outlook.com,黑龙江省哈尔滨市道里区中央大街99号774号
于瑶,313413,15885543089,0,2515@sina.com,上海市静安区南京西路1266号422号
何杰,158147,18596953803,1,79@outlook.com,江苏省南京市建邺区江东中路229号839号
郑桂英,568337,18336133459,1,5793@hotmail.com,浙江省杭州市西湖区文二路188号871号
周华,874299,15311639952,1,8779@hotmail.com,浙江省杭州市西湖区文二路188号702号
于鹏,651033,18040026136,1,1189@aliyun.com,黑龙江省哈尔滨市道里区中央大街99号144号
林丽,880431,13720821625,0,1514@gmail.com,吉林省长春市南关区人民大街123号132号
赵霞,603227,13546453054,0,3912@hotmail.com,湖北省武汉市洪山区珞瑜路726号710号
韩婷,025516,13388815278,0,6697@outlook.com,河南省郑州市二七区大学路80号609号
郑磊,639018,18311143281,1,8621@outlook.com,陕西省西安市雁塔区科技路88号713号
罗雪,649559,18669160874,1,9459@outlook.com,浙江省杭州市西湖区文二路188号407号
张宇,540361,18357609346,0,6596@yahoo.com,陕西省西安市雁塔区科技路88号668号
朱芳,158568,13201342600,1,2803@sina.com,湖南省长沙市雨花区劳动西路102号882号
徐洋,205881,15012580705,0,6038@gmail.com,安徽省合肥市政务区潜山路111号757号
黄秀兰,244655,18369626289,1,708@foxmail.com,江苏省南京市建邺区江东中路229号328号
陈桂英,098926,15639660519,0,6630@foxmail.com,重庆市渝北区金开大道68号95号
赵悦,218121,15659188106,0,7632@foxmail.com,山东省青岛市市南区香港中路11号243号
李雪,643895,15890221777,1,5138@hotmail.com,重庆市渝北区金开大道68号762号
马涛,320058,15062160015,0,4326@gmail.com,天津市南开区卫津路94号664号
黄磊,555415,13861704405,0,193@hotmail.com,湖南省长沙市雨花区劳动西路102号416号
董婷,139936,13511872478,1,2326@qq.com,浙江省杭州市西湖区文二路188号910号
黄强,102681,18641483876,0,2715@126.com,重庆市渝北区金开大道68号531号
董芳,897594,15173229400,1,5906@qq.com,吉林省长春市南关区人民大街123号468号
朱峰,569892,13448926023,1,4191@qq.com,山东省青岛市市南区香港中路11号376号
董欣,609835,18781861961,1,32@aliyun.com,重庆市渝北区金开大道68号54号
萧峰,842568,18513552802,0,8212@163.com,湖北省武汉市洪山区珞瑜路726号7号
于宇,349431,15981565595,0,9208@aliyun.com,湖南省长沙市雨花区劳动西路102号460号
杨欣,030739,18003044066,1,8989@126.com,天津市南开区卫津路94号618号
萧娜,697134,13631153795,0,4280@yahoo.com,四川省成都市高新区天府五街200号810号
谢瑶,431540,18912189775,1,4605@qq.com,四川省成都市高新区天府五街200号567号
吴凯,914986,13726431119,0,9675@gmail.com,江西省南昌市青山湖区北京东路456号190号
萧敏,340125,15542195526,0,8006@sina.com,四川省成都市高新区天府五街200号708号
韩刚,550960,18221133381,0,6694@sina.com,江西省南昌市青山湖区北京东路456号59号
陈霞,422087,15232023998,0,8516@outlook.com,重庆市渝北区金开大道68号666号
唐玲,800903,13441653747,1,4790@163.com,陕西省西安市雁塔区科技路88号56号
王敏,917881,15151426485,1,9900@foxmail.com,山东省青岛市市南区香港中路11号980号
周伟,858452,18538013058,0,6723@yahoo.com,福建省厦门市思明区中山路400号98号
徐玲,559414,18426996837,0,8984@126.com,安徽省合肥市政务区潜山路111号804号
周凯,250852,15036588572,0,4350@126.com,浙江省杭州市西湖区文二路188号957号
杨涛,543677,13277158163,1,4338@qq.com,黑龙江省哈尔滨市道里区中央大街99号58号
谢玲,046929,18303805165,0,7211@yahoo.com,浙江省杭州市西湖区文二路188号514号
郭悦,701234,15756010330,1,2776@qq.com,江苏省南京市建邺区江东中路229号629号
何婷,876424,18289139221,1,9556@126.com,黑龙江省哈尔滨市道里区中央大街99号849号
杨宇,878628,15270131114,0,2374@yahoo.com,江苏省南京市建邺区江东中路229号759号
宋勇,666767,13302739644,0,350@163.com,湖南省长沙市雨花区劳动西路102号685号
王敏,439102,15675673929,0,2457@gmail.com,广东省深圳市南山区科技园路8号349号
陈涛,681171,13225406833,1,1062@foxmail.com,天津市南开区卫津路94号90号
胡静,765034,18686788172,1,1866@qq.com,浙江省杭州市西湖区文二路188号18号
冯俊,027616,13938853889,1,7074@outlook.com,天津市南开区卫津路94号723号
萧文,706139,18792116726,0,934@qq.com,上海市静安区南京西路1266号572号
高霞,097479,15145228308,1,1282@163.com,天津市南开区卫津路94号731号
吴凯,986195,13453930390,0,8963@126.com,安徽省合肥市政务区潜山路111号5号
唐璐,220568,18987646822,0,3704@163.com,江西省南昌市青山湖区北京东路456号299号
梁雪,626143,15909727828,1,1265@163.com,陕西省西安市未央区某某街道736号
李艳,643058,18024501143,1,4903@163.com,四川省成都市高新区天府五街200号941号
高欣,094667,15704448357,1,4682@163.com,安徽省合肥市政务区潜山路111号243号
杨博,053194,15890249913,0,8136@163.com,湖南省长沙市雨花区劳动西路102号681号
梁伟,544803,18207726424,1,5302@foxmail.com,江苏省南京市建邺区江东中路229号368号
周明,648568,13006719918,1,4521@126.com,吉林省长春市南关区人民大街123号868号
孙悦,964583,13567319923,0,2447@gmail.com,黑龙江省哈尔滨市道里区中央大街99号728号
郑博,528800,18159502110,0,891@qq.com,江苏省南京市建邺区江东中路229号531号
赵霞,124954,15385915699,0,2976@outlook.com,上海市静安区南京西路1266号627号
马娜,324096,15900251887,0,7664@foxmail.com,江西省南昌市青山湖区北京东路456号343号
张华,321162,15849572471,1,7484@163.com,黑龙江省哈尔滨市道里区中央大街99号332号
李静,832405,18719491457,0,2308@163.com,重庆市渝北区金开大道68号495号
韩峰,437758,13903169728,0,4148@gmail.com,福建省厦门市思明区中山路400号953号
罗婷,974010,15537192166,0,6365@foxmail.com,福建省厦门市思明区中山路400号559号
王璐,294563,13020737939,0,8806@yahoo.com,江苏省南京市建邺区江东中路229号614号
徐宇,256977,13923539886,0,9115@yahoo.com,黑龙江省哈尔滨市道里区中央大街99号387号
陈磊,030053,18093428024,0,4970@qq.com,北京市海淀区中关村大街1号918号
郑涛,624139,13090869156,1,41@sina.com,吉林省长春市南关区人民大街123号230号
朱洋,529427,13561023496,1,495@hotmail.com,上海市静安区南京西路1266号953号
刘艳,734688,13396170676,1,6966@foxmail.com,辽宁省大连市中山区人民路55号12号
马明,666098,18815480297,1,2235@sina.com,黑龙江省哈尔滨市道里区中央大街99号179号
李璐,598358,18880665627,0,5066@163.com,浙江省杭州市西湖区文二路188号729号
董峰,617259,18071921303,0,8408@sina.com,江苏省南京市建邺区江东中路229号691号
吴博,203921,15679741449,0,3493@gmail.com,安徽省合肥市政务区潜山路111号18号
黄华,416743,18692537618,1,5621@foxmail.com,陕西省西安市雁塔区科技路88号465号
周丽,752488,13280333658,1,1924@163.com,吉林省长春市南关区人民大街123号98号
郭博,516818,15076318488,0,9139@foxmail.com,山东省青岛市市南区香港中路11号677号
董娟,641639,15989880237,0,1642@aliyun.com,陕西省西安市未央区某某街道178号
郭鹏,195607,15019929880,1,1675@aliyun.com,山东省青岛市市南区香港中路11号932号
于浩,053566,18780181245,0,2377@hotmail.com,辽宁省大连市中山区人民路55号965号
郑勇,886661,13488196402,1,8661@outlook.com,北京市海淀区中关村大街1号613号
董桂英,706303,18415456211,1,9186@sina.com,安徽省合肥市政务区潜山路111号180号
赵玲,873976,13293567618,1,9256@hotmail.com,福建省厦门市思明区中山路400号312号
郭敏,328374,13830536769,1,2013@gmail.com,江西省南昌市青山湖区北京东路456号438号
于明,430328,15106244350,1,7706@126.com,吉林省长春市南关区人民大街123号905号
吴秀兰,952318,13462461665,0,4771@gmail.com,浙江省杭州市西湖区文二路188号53号
韩俊,481367,18596823341,1,2915@aliyun.com,四川省成都市高新区天府五街200号992号
韩平,447696,15043553166,0,586@foxmail.com,上海市静安区南京西路1266号655号
陈杰,170010,13683000821,0,3633@aliyun.com,河南省郑州市二七区大学路80号512号
谢秀兰,182261,13392451734,1,9139@126.com,陕西省西安市未央区某某街道629号
谢鹏,360165,15580992550,0,5662@qq.com,山东省青岛市市南区香港中路11号140号
胡静,816864,13416259666,0,6059@foxmail.com,山东省青岛市市南区香港中路11号251号
李鹏,515382,15879644475,1,6855@gmail.com,陕西省西安市未央区某某街道729号
何秀兰,195155,13454442659,1,2482@126.com,湖南省长沙市雨花区劳动西路102号351号
赵敏,221487,18117012103,0,167@126.com,湖南省长沙市雨花区劳动西路102号847号
朱明,077138,13166585789,0,9208@163.com,重庆市渝北区金开大道68号805号
赵军,974901,18720965671,0,2482@foxmail.com,河南省郑州市二七区大学路80号755号
唐静,798854,13590036300,1,6340@yahoo.com,广东省深圳市南山区科技园路8号408号
罗俊,858986,13447884226,1,6896@163.com,黑龙江省哈尔滨市道里区中央大街99号473号
周婷,911129,15738704290,1,2543@sina.com,江西省南昌市青山湖区北京东路456号624号
郭丽,210112,18461708687,1,9843@126.com,湖北省武汉市洪山区珞瑜路726号549号
梁俊,525423,18091629230,1,2814@126.com,山东省青岛市市南区香港中路11号145号
陈静,537260,13240187899,0,9963@yahoo.com,辽宁省大连市中山区人民路55号458号
朱洋,319285,13412959339,1,8826@yahoo.com,湖北省武汉市洪山区珞瑜路726号36号
王浩,134402,15635668918,1,7565@sina.com,江西省南昌市青山湖区北京东路456号520号
张勇,664063,15188549943,0,9340@yahoo.com,河南省郑州市二七区大学路80号660号
何辉,243190,15308971197,1,6526@outlook.com,四川省成都市高新区天府五街200号566号
郭婷,619552,18386647633,1,9409@hotmail.com,福建省厦门市思明区中山路400号77号
韩健,938890,13468888088,0,1651@163.com,湖北省武汉市洪山区珞瑜路726号378号
宋杰,165683,18749946567,0,4459@gmail.com,湖南省长沙市雨花区劳动西路102号441号
杨霞,179310,15969423439,0,3797@outlook.com,广东省深圳市南山区科技园路8号284号
孙婷,263508,13823349075,1,8398@163.com,吉林省长春市南关区人民大街123号243号
陈超,795791,18696589847,0,7707@qq.com,四川省成都市高新区天府五街200号104号
高伟,754600,13716188626,0,3369@qq.com,陕西省西安市未央区某某街道901号
吴秀兰,990443,18822687126,1,4710@foxmail.com,江西省南昌市青山湖区北京东路456号902号
孙宇,621627,18776827892,0,8360@sina.com,吉林省长春市南关区人民大街123号540号
唐欣,614606,15135348274,0,8114@outlook.com,安徽省合肥市政务区潜山路111号502号
郭浩,284764,15913522452,1,726@gmail.com,陕西省西安市未央区某某街道195号
宋博,645416,13332831717,0,5038@gmail.com,浙江省杭州市西湖区文二路188号495号
冯敏,909363,13109846233,1,3438@yahoo.com,天津市南开区卫津路94号792号
陈悦,046606,15019929208,0,7369@foxmail.com,陕西省西安市雁塔区科技路88号560号
董娜,379650,18488667431,0,3797@outlook.com,吉林省长春市南关区人民大街123号829号
韩博,191066,15944835205,0,2026@outlook.com,陕西省西安市雁塔区科技路88号215号
于涛,787453,13807223481,0,1776@gmail.com,四川省成都市高新区天府五街200号286号
韩博,076356,15236292434,0,6429@aliyun.com,湖北省武汉市洪山区珞瑜路726号235号
郑洋,939520,18867961520,1,2068@yahoo.com,江西省南昌市青山湖区北京东路456号38号
何雪,108637,18356770867,1,1281@outlook.com,四川省成都市高新区天府五街200号294号
林丽,197890,15143043462,0,1228@sina.com,吉林省长春市南关区人民大街123号50号
梁伟,120145,18991897490,1,3171@163.com,吉林省长春市南关区人民大街123号338号
宋超,468552,13481764171,0,1765@sina.com,陕西省西安市雁塔区科技路88号382号
郭宇,028746,15273697492,0,4686@qq.com,河南省郑州市二七区大学路80号952号
吴鹏,678978,18531452820,1,9971@foxmail.com,安徽省合肥市政务区潜山路111号290号
赵文,297576,13639030480,1,5297@foxmail.com,河南省郑州市二七区大学路80号427号
何峰,347408,15098117602,1,6392@126.com,福建省厦门市思明区中山路400号196号
李宇,787173,18670825476,1,2234@163.com,四川省成都市高新区天府五街200号394号
张辉,605017,15285271549,1,3991@yahoo.com,广东省深圳市南山区科技园路8号658号
张雪,972109,18324113423,0,8857@aliyun.com,浙江省杭州市西湖区文二路188号601号
郑峰,033455,18851035079,1,1670@foxmail.com,黑龙江省哈尔滨市道里区中央大街99号197号
陈雪,739505,18535757564,0,1463@126.com,上海市静安区南京西路1266号712号
宋平,797359,18900747077,0,1091@foxmail.com,福建省厦门市思明区中山路400号384号
马艳,794616,18650042848,1,5007@gmail.com,辽宁省大连市中山区人民路55号229号
李峰,890966,15079118899,0,1739@aliyun.com,山东省青岛市市南区香港中路11号401号
胡娟,487205,13028475482,1,4328@yahoo.com,天津市南开区卫津路94号366号
林芳,391612,13097549117,0,230@foxmail.com,黑龙江省哈尔滨市道里区中央大街99号645号
萧健,518871,13585396354,0,8618@yahoo.com,福建省厦门市思明区中山路400号709号
唐博,956519,15876666639,1,3248@gmail.com,山东省青岛市市南区香港中路11号846号
罗艳,235193,13783141747,0,1549@163.com,陕西省西安市雁塔区科技路88号39号
萧桂英,146229,13063110856,1,8748@163.com,上海市静安区南京西路1266号172号
冯伟,371378,13003465938,1,7160@gmail.com,河南省郑州市二七区大学路80号114号
王玲,693366,15263349518,0,6355@gmail.com,四川省成都市高新区天府五街200号399号
刘军,745818,18428814502,0,6427@sina.com,吉林省长春市南关区人民大街123号342号
萧浩,473174,15266304182,1,1753@163.com,湖北省武汉市洪山区珞瑜路726号622号
马磊,342633,13616366246,1,4571@gmail.com,湖南省长沙市雨花区劳动西路102号219号
宋娟,024282,13912848964,0,6133@qq.com,陕西省西安市雁塔区科技路88号205号
谢伟,397692,15319715163,1,7753@126.com,湖北省武汉市洪山区珞瑜路726号163号
郭伟,595020,13752261131,0,5875@qq.com,北京市海淀区中关村大街1号4号
陈婷,654361,13778749342,1,2096@qq.com,湖南省长沙市雨花区劳动西路102号621号
黄洋,531566,18867649607,1,4959@qq.com,黑龙江省哈尔滨市道里区中央大街99号540号
唐杰,311694,18544498335,0,166@outlook.com,山东省青岛市市南区香港中路11号885号
郑勇,427903,15119900084,0,8877@aliyun.com,辽宁省大连市中山区人民路55号778号
宋丽,232093,18786034378,1,9920@sina.com,江苏省南京市建邺区江东中路229号582号
陈璐,070570,18384515556,0,5472@163.com,福建省厦门市思明区中山路400号302号
朱雪,121672,18212578005,0,2247@163.com,天津市南开区卫津路94号294号
于伟,678777,15198563500,1,2235@126.com,河南省郑州市二七区大学路80号366号
宋明,479088,18849410155,1,8766@qq.com,安徽省合肥市政务区潜山路111号611号
冯秀兰,125592,13696447627,1,2663@foxmail.com,安徽省合肥市政务区潜山路111号4号
梁秀兰,719904,13137128043,1,9598@126.com,河南省郑州市二七区大学路80号897号
吴勇,991607,15331472171,1,5734@sina.com,重庆市渝北区金开大道68号78号
吴勇,976432,15547427144,0,6336@126.com,河南省郑州市二七区大学路80号188号
孙刚,612020,15219891536,1,9960@126.com,安徽省合肥市政务区潜山路111号832号
王凯,417627,18289081678,0,1652@gmail.com,黑龙江省哈尔滨市道里区中央大街99号485号
董平,627018,15742818320,1,2525@gmail.com,湖北省武汉市洪山区珞瑜路726号592号
陈娜,081661,18631663133,1,3274@qq.com,山东省青岛市市南区香港中路11号680号
吴平,152805,18996405857,1,6062@gmail.com,河南省郑州市二七区大学路80号520号
李敏,918400,18616353798,0,4984@sina.com,四川省成都市高新区天府五街200号225号
何华,832617,15130745805,0,8948@sina.com,浙江省杭州市西湖区文二路188号827号
谢玲,157120,18292999851,0,2965@aliyun.com,湖北省武汉市洪山区珞瑜路726号742号
高霞,988305,15069374954,1,2220@foxmail.com,江西省南昌市青山湖区北京东路456号695号
朱鹏,274408,13634704078,1,7777@126.com,上海市静安区南京西路1266号333号
朱秀兰,763607,15330873724,1,8636@qq.com,安徽省合肥市政务区潜山路111号544号
孙璐,641159,13762979633,0,4478@sina.com,江苏省南京市建邺区江东中路229号898号
董敏,689761,13227423795,1,3952@126.com,广东省深圳市南山区科技园路8号561号
李静,427568,18580465628,1,4270@sina.com,黑龙江省哈尔滨市道里区中央大街99号469号
李欣,419819,15050177010,0,4128@aliyun.com,山东省青岛市市南区香港中路11号210号
萧刚,861198,18075154041,1,2265@sina.com,陕西省西安市雁塔区科技路88号682号
黄平,826705,13409212263,0,7430@yahoo.com,河南省郑州市二七区大学路80号584号
吴健,654095,13036402905,1,6622@163.com,安徽省合肥市政务区潜山路111号872号
宋芳,399297,18543816124,0,9960@yahoo.com,江西省南昌市青山湖区北京东路456号228号
孙璐,479704,18303633767,1,2165@163.com,广东省深圳市南山区科技园路8号600号
冯文,248627,18786766035,1,8822@sina.com,重庆市渝北区金开大道68号884号
于刚,070980,18101373883,1,3579@163.com,山东省青岛市市南区香港中路11号662号
冯鹏,555707,18036327787,0,7693@qq.com,上海市静安区南京西路1266号993号
谢华,355516,13360096809,1,490@foxmail.com,重庆市渝北区金开大道68号992号
陈艳,374272,15357318537,0,5930@outlook.com,湖南省长沙市雨花区劳动西路102号868号
罗悦,473384,13857747836,0,1935@gmail.com,福建省厦门市思明区中山路400号437号
韩浩,838579,18420153531,1,2746@outlook.com,福建省厦门市思明区中山路400号857号
谢博,811260,18337616040,0,6350@yahoo.com,湖北省武汉市洪山区珞瑜路726号501号
宋健,122523,13054451067,1,4207@126.com,福建省厦门市思明区中山路400号786号
王涛,919202,15901750316,1,1866@sina.com,湖北省武汉市洪山区珞瑜路726号953号
王超,964097,15080013708,0,3145@163.com,山东省青岛市市南区香港中路11号381号
梁平,972431,18995260623,1,967@sina.com,陕西省西安市雁塔区科技路88号252号
杨欣,482915,15671557664,0,1846@126.com,上海市静安区南京西路1266号987号
董刚,761017,13591230094,0,9226@foxmail.com,安徽省合肥市政务区潜山路111号608号
李浩,070373,13344683712,1,8786@yahoo.com,黑龙江省哈尔滨市道里区中央大街99号766号
郭璐,905599,15571701078,0,282@126.com,北京市海淀区中关村大街1号910号
罗宇,038644,13796900532,1,8086@sina.com,陕西省西安市未央区某某街道621号
董军,771843,13765308125,0,8586@126.com,重庆市渝北区金开大道68号51号
林静,264209,18983766441,0,5036@yahoo.com,福建省厦门市思明区中山路400号687号
宋健,205805,13197742852,1,9360@gmail.com,江苏省南京市建邺区江东中路229号732号
郭鹏,073914,18444791281,1,5873@sina.com,河南省郑州市二七区大学路80号584号
刘峰,083002,18782960934,0,7223@foxmail.com,四川省成都市高新区天府五街200号374号
萧霞,650070,18758420574,0,2590@163.com,河南省郑州市二七区大学路80号728号
郭霞,463218,18442131782,1,3593@hotmail.com,江西省南昌市青山湖区北京东路456号444号
高杰,630129,18770703162,0,4880@outlook.com,浙江省杭州市西湖区文二路188号390号
罗玲,997423,18846307883,0,204@163.com,四川省成都市高新区天府五街200号297号
马浩,670760,13312918405,1,1814@163.com,浙江省杭州市西湖区文二路188号332号
谢芳,539552,15278117504,0,2777@aliyun.com,黑龙江省哈尔滨市道里区中央大街99号187号
徐杰,598844,13101087344,1,509@sina.com,河南省郑州市二七区大学路80号971号
周华,710040,18618614625,1,622@sina.com,广东省深圳市南山区科技园路8号235号
孙涛,607887,13475564964,1,9315@aliyun.com,重庆市渝北区金开大道68号140号
李凯,749478,15195659758,0,8576@foxmail.com,陕西省西安市未央区某某街道468号
萧娜,192545,18386623936,0,2013@sina.com,陕西省西安市雁塔区科技路88号829号
宋娜,327812,18347427464,1,8994@gmail.com,广东省深圳市南山区科技园路8号377号
赵艳,656171,13726591283,0,3010@163.com,黑龙江省哈尔滨市道里区中央大街99号174号
王秀兰,376593,15170730554,1,4391@163.com,安徽省合肥市政务区潜山路111号53号
何伟,620447,15774163408,1,7063@foxmail.com,安徽省合肥市政务区潜山路111号296号
郭辉,193775,13752765975,0,9979@foxmail.com,山东省青岛市市南区香港中路11号50号
董艳,823396,13815009068,1,3587@sina.com,湖南省长沙市雨花区劳动西路102号280号
杨涛,394991,13693033543,1,1237@gmail.com,安徽省合肥市政务区潜山路111号448号
冯强,660781,18230740319,1,3076@sina.com,安徽省合肥市政务区潜山路111号162号
赵辉,687152,18305966032,1,9089@foxmail.com,天津市南开区卫津路94号315号
冯浩,009133,13099568048,1,6567@163.com,辽宁省大连市中山区人民路55号110号
董俊,232270,18581256460,1,3649@aliyun.com,广东省深圳市南山区科技园路8号294号
周杰,128655,18521828418,0,6387@gmail.com,湖北省武汉市洪山区珞瑜路726号287号
黄娟,226510,15173942541,0,8557@hotmail.com,河南省郑州市二七区大学路80号272号
孙超,569012,15349102790,0,6615@163.com,吉林省长春市南关区人民大街123号218号
陈洋,069986,13486787019,0,4321@qq.com,黑龙江省哈尔滨市道里区中央大街99号998号
刘勇,171222,18534696552,1,5944@sina.com,黑龙江省哈尔滨市道里区中央大街99号896号
李文,966577,18394792528,1,4080@qq.com,陕西省西安市雁塔区科技路88号72号
杨鹏,319848,18052421621,0,4083@163.com,黑龙江省哈尔滨市道里区中央大街99号28号
萧俊,102916,13525650694,0,8863@gmail.com,四川省成都市高新区天府五街200号125号
陈辉,582068,13826939928,1,3026@126.com,上海市静安区南京西路1266号895号
宋雪,585270,13108601234,0,322@yahoo.com,重庆市渝北区金开大道68号47号
刘丽,870053,15868542015,1,484@126.com,重庆市渝北区金开大道68号771号
宋婷,140439,15339941152,1,8860@gmail.com,湖南省长沙市雨花区劳动西路102号832号
韩静,459706,18912223982,0,2487@aliyun.com,四川省成都市高新区天府五街200号274号
黄瑶,396571,18657462860,1,4631@sina.com,黑龙江省哈尔滨市道里区中央大街99号2号
周敏,172928,15902592997,1,2511@sina.com,天津市南开区卫津路94号446号
刘俊,094277,13422043143,0,3214@aliyun.com,上海市静安区南京西路1266号825号
李秀兰,049263,18320428969,1,126@hotmail.com,陕西省西安市未央区某某街道353号
陈博,230234,15151127020,0,1724@qq.com,江苏省南京市建邺区江东中路229号689号
周健,258859,15252717698,1,6744@163.com,湖南省长沙市雨花区劳动西路102号830号
赵娟,183463,13888964561,1,6900@aliyun.com,江西省南昌市青山湖区北京东路456号692号
唐文,699917,13128729047,1,6248@126.com,江西省南昌市青山湖区北京东路456号331号
郑洋,047442,15993804432,1,8880@qq.com,湖南省长沙市雨花区劳动西路102号105号
董平,991300,18701868357,0,6032@hotmail.com,天津市南开区卫津路94号209号
林峰,420802,13543168813,1,6122@sina.com,湖北省武汉市洪山区珞瑜路726号560号
罗华,673563,18136892729,1,1482@aliyun.com,河南省郑州市二七区大学路80号665号
赵辉,444512,13840948883,0,5375@foxmail.com,陕西省西安市未央区某某街道125号
刘悦,544255,15770803659,0,1932@qq.com,北京市海淀区中关村大街1号199号
马桂英,367598,13408423934,0,2983@yahoo.com,安徽省合肥市政务区潜山路111号230号
胡瑶,099554,18632971235,1,3930@aliyun.com,吉林省长春市南关区人民大街123号729号
刘璐,502667,13453109594,1,3737@126.com,陕西省西安市雁塔区科技路88号39号
朱洋,803374,15822247540,1,9585@qq.com,辽宁省大连市中山区人民路55号251号
林宇,216593,13974406729,1,6498@aliyun.com,河南省郑州市二七区大学路80号375号
梁娟,131853,13958072305,0,4420@gmail.com,湖北省武汉市洪山区珞瑜路726号171号
王婷,938142,13837616150,0,4064@foxmail.com,安徽省合肥市政务区潜山路111号407号
吴敏,225834,18768889535,1,7105@yahoo.com,上海市静安区南京西路1266号506号
杨勇,098953,15317697523,1,8900@hotmail.com,天津市南开区卫津路94号453号
于凯,537633,13716795941,0,9417@gmail.com,陕西省西安市未央区某某街道300号
孙婷,617295,18327784686,0,1871@163.com,江苏省南京市建邺区江东中路229号560号
马丽,091040,13189881126,1,6188@hotmail.com,湖北省武汉市洪山区珞瑜路726号116号
冯杰,362664,15656442703,0,9639@qq.com,天津市南开区卫津路94号674号
梁健,656277,13397188207,1,2084@sina.com,江西省南昌市青山湖区北京东路456号619号
董丽,455645,18718943491,1,1303@sina.com,吉林省长春市南关区人民大街123号966号
王杰,030969,18151927268,1,2484@126.com,上海市静安区南京西路1266号323号
赵璐,396057,18442432689,1,4989@hotmail.com,山东省青岛市市南区香港中路11号731号
徐艳,582351,18939702048,0,8154@outlook.com,湖南省长沙市雨花区劳动西路102号707号
朱涛,227576,13929763191,1,9636@aliyun.com,江西省南昌市青山湖区北京东路456号861号
刘霞,551783,15975084875,0,5152@163.com,重庆市渝北区金开大道68号483号
王刚,490528,15066179634,1,5069@foxmail.com,湖南省长沙市雨花区劳动西路102号41号
罗娜,533949,13813811763,0,8796@qq.com,河南省郑州市二七区大学路80号650号
何敏,810905,18620034264,0,109@foxmail.com,陕西省西安市雁塔区科技路88号936号
董静,145864,13123467249,0,6795@gmail.com,江西省南昌市青山湖区北京东路456号473号
韩明,105470,18822768502,0,6951@outlook.com,黑龙江省哈尔滨市道里区中央大街99号245号
何健,538316,15084463080,0,7803@gmail.com,陕西省西安市未央区某某街道54号
郑磊,999026,15532171083,0,3609@outlook.com,辽宁省大连市中山区人民路55号165号
谢桂英,389369,15883177273,0,7498@163.com,江西省南昌市青山湖区北京东路456号328号
韩洋,444914,18756771018,0,5879@163.com,安徽省合肥市政务区潜山路111号614号
吴凯,503046,18530363862,0,1832@qq.com,天津市南开区卫津路94号731号
胡欣,616767,18064618735,0,9870@qq.com,四川省成都市高新区天府五街200号476号
梁强,554361,18759577177,0,1671@outlook.com,安徽省合肥市政务区潜山路111号871号
赵娜,372188,15730524575,1,4487@yahoo.com,上海市静安区南京西路1266号345号
谢军,676365,13092544372,1,2853@126.com,河南省郑州市二七区大学路80号974号
郭博,601402,13959463566,1,6148@sina.com,天津市南开区卫津路94号590号
杨刚,861304,13602888144,1,3886@163.com,重庆市渝北区金开大道68号95号
孙超,207100,13454947130,0,1759@sina.com,吉林省长春市南关区人民大街123号299号
罗婷,251440,18045670517,0,653@gmail.com,安徽省合肥市政务区潜山路111号247号
陈雪,749357,13097293114,1,8776@aliyun.com,四川省成都市高新区天府五街200号653号
唐静,887484,18161818773,1,6162@qq.com,天津市南开区卫津路94号485号
林辉,878169,13534557689,1,550@outlook.com,四川省成都市高新区天府五街200号829号
萧璐,328104,13830346632,0,8956@yahoo.com,湖北省武汉市洪山区珞瑜路726号463号
高文,970529,15612091519,1,3419@sina.com,辽宁省大连市中山区人民路55号466号
郑涛,880750,18134203401,1,4555@126.com,江西省南昌市青山湖区北京东路456号234号
宋强,159549,13219285391,0,3755@163.com,黑龙江省哈尔滨市道里区中央大街99号961号
萧玲,463025,13868212062,0,5467@yahoo.com,天津市南开区卫津路94号207号
马霞,108853,13629134566,0,7114@hotmail.com,湖北省武汉市洪山区珞瑜路726号800号
董辉,663366,13098803977,1,16@yahoo.com,广东省深圳市南山区科技园路8号83号
吴强,591132,15365320542,1,2590@qq.com,河南省郑州市二七区大学路80号417号
胡悦,466182,18762586336,0,283@outlook.com,陕西省西安市雁塔区科技路88号683号
于勇,093770,15722958196,1,551@163.com,黑龙江省哈尔滨市道里区中央大街99号334号
张玲,512913,18229968348,1,6556@sina.com,四川省成都市高新区天府五街200号740号
何涛,428116,13495847614,1,2232@foxmail.com,江西省南昌市青山湖区北京东路456号853号
唐磊,053498,15909428328,1,3260@gmail.com,山东省青岛市市南区香港中路11号62号
韩秀兰,006746,15712136083,1,1349@aliyun.com,陕西省西安市未央区某某街道779号
萧华,231387,15986614388,1,3392@163.com,重庆市渝北区金开大道68号276号
陈涛,890063,13880312372,0,539@hotmail.com,广东省深圳市南山区科技园路8号283号
刘洋,179376,13746840578,1,9882@yahoo.com,福建省厦门市思明区中山路400号716号
郑敏,348903,15608667916,1,7538@outlook.com,湖北省武汉市洪山区珞瑜路726号137号
刘凯,484478,18456585888,1,4836@163.com,江苏省南京市建邺区江东中路229号7号
郭玲,477509,13470175309,1,483@163.com,黑龙江省哈尔滨市道里区中央大街99号436号
高悦,826615,13126024998,0,3700@foxmail.com,陕西省西安市未央区某某街道291号
黄宇,700048,13740036024,1,2237@hotmail.com,黑龙江省哈尔滨市道里区中央大街99号950号
韩敏,074182,15238155950,0,4665@126.com,福建省厦门市思明区中山路400号44号
陈健,278814,15707515979,0,1578@sina.com,陕西省西安市未央区某某街道309号
王勇,733764,15849196101,1,8394@126.com,四川省成都市高新区天府五街200号558号
杨娟,477376,15329100994,0,2136@foxmail.com,安徽省合肥市政务区潜山路111号232号
朱欣,835199,18519175310,1,8639@hotmail.com,江苏省南京市建邺区江东中路229号71号
王婷,696052,18848756156,1,1674@aliyun.com,黑龙江省哈尔滨市道里区中央大街99号7号
杨悦,936332,13426730570,1,5553@foxmail.com,安徽省合肥市政务区潜山路111号474号
梁婷,997184,18142375961,1,2888@outlook.com,辽宁省大连市中山区人民路55号447号
唐玲,680157,13408226526,1,1871@outlook.com,江苏省南京市建邺区江东中路229号440号
朱洋,211957,18118216196,1,1869@gmail.com,上海市静安区南京西路1266号151号
胡超,755262,15375226028,1,565@qq.com,四川省成都市高新区天府五街200号600号
萧芳,959659,13624885822,0,1961@sina.com,辽宁省大连市中山区人民路55号622号
冯辉,720839,18765593820,1,501@126.com,山东省青岛市市南区香港中路11号3号
韩娜,497255,15305900901,1,3103@outlook.com,北京市海淀区中关村大街1号902号
李健,636443,13924199809,0,1114@foxmail.com,陕西省西安市未央区某某街道574号
张博,366529,13273314535,0,8157@qq.com,江苏省南京市建邺区江东中路229号357号
徐文,551872,18776793114,0,1741@qq.com,陕西省西安市未央区某某街道873号
宋磊,384837,18720199625,1,772@qq.com,吉林省长春市南关区人民大街123号760号
高悦,472370,18909037699,0,3600@hotmail.com,江苏省南京市建邺区江东中路229号931号
赵辉,411156,13173526770,0,3284@qq.com,安徽省合肥市政务区潜山路111号171号
张健,701298,13330915128,1,968@sina.com,山东省青岛市市南区香港中路11号857号
胡杰,847879,13992196865,0,9253@foxmail.com,陕西省西安市未央区某某街道79号
梁平,107706,15546431183,0,3666@aliyun.com,江苏省南京市建邺区江东中路229号701号
郑悦,084255,13902961253,1,1799@sina.com,陕西省西安市未央区某某街道4号
梁璐,769816,13320581731,0,2442@sina.com,黑龙江省哈尔滨市道里区中央大街99号841号
罗静,902015,15096496322,0,6069@outlook.com,陕西省西安市雁塔区科技路88号849号
孙秀兰,857870,18879004591,1,7162@126.com,陕西省西安市雁塔区科技路88号824号
黄浩,063734,13673950037,1,893@hotmail.com,黑龙江省哈尔滨市道里区中央大街99号310号
韩娜,205511,18830648926,0,9603@126.com,上海市静安区南京西路1266号108号
林军,922783,13981503335,0,817@sina.com,天津市南开区卫津路94号122号
唐艳,533567,18642473066,0,3940@163.com,山东省青岛市市南区香港中路11号276号
高娜,518552,13659292133,0,2687@126.com,黑龙江省哈尔滨市道里区中央大街99号408号
杨宇,354586,13392136793,1,5190@foxmail.com,湖北省武汉市洪山区珞瑜路726号963号
朱娟,284759,18147402246,0,2308@126.com,福建省厦门市思明区中山路400号390号
陈婷,229402,15548557599,0,4635@hotmail.com,湖南省长沙市雨花区劳动西路102号818号
唐华,891552,13500896499,0,2920@yahoo.com,江西省南昌市青山湖区北京东路456号10号
罗军,856247,18193818095,1,8282@sina.com,黑龙江省哈尔滨市道里区中央大街99号143号
杨鹏,634267,13623408739,0,457@qq.com,黑龙江省哈尔滨市道里区中央大街99号974号
冯伟,247286,18820748606,0,8037@hotmail.com,吉林省长春市南关区人民大街123号845号
孙文,428570,18661992178,1,1445@sina.com,广东省深圳市南山区科技园路8号767号
李鹏,929922,15384504595,1,6108@hotmail.com,黑龙江省哈尔滨市道里区中央大街99号737号
徐文,227714,18090174000,1,7835@qq.com,陕西省西安市雁塔区科技路88号974号
罗娜,981240,13007978000,1,9992@qq.com,天津市南开区卫津路94号317号
周浩,120561,18693870603,0,2907@outlook.com,天津市南开区卫津路94号109号
杨峰,591582,13939830427,0,5886@sina.com,上海市静安区南京西路1266号915号
萧婷,762698,13810758337,0,8408@foxmail.com,安徽省合肥市政务区潜山路111号525号
韩文,243047,18129900452,0,6662@aliyun.com,陕西省西安市未央区某某街道763号
马强,345925,18105044009,0,1719@qq.com,安徽省合肥市政务区潜山路111号916号
高璐,758746,18932825238,0,6591@sina.com,河南省郑州市二七区大学路80号335号
董雪,291960,15873699209,1,8595@outlook.com,福建省厦门市思明区中山路400号150号
林平,387302,13869447693,1,7051@outlook.com,天津市南开区卫津路94号117号
林磊,565467,18578140231,1,4895@qq.com,辽宁省大连市中山区人民路55号837号
林芳,636158,13870334815,0,8631@foxmail.com,重庆市渝北区金开大道68号512号
董芳,225948,18641964853,1,5176@sina.com,北京市海淀区中关村大街1号442号
孙明,280210,18421888292,1,3393@sina.com,陕西省西安市雁塔区科技路88号906号
赵涛,850862,13418141591,1,5783@qq.com,湖北省武汉市洪山区珞瑜路726号513号
罗俊,431218,18682191044,0,5967@126.com,浙江省杭州市西湖区文二路188号797号
谢华,219378,15058273405,1,8521@aliyun.com,辽宁省大连市中山区人民路55号82号
周璐,060473,15670462962,0,5149@126.com,四川省成都市高新区天府五街200号736号
董涛,192355,15035585308,1,4959@yahoo.com,吉林省长春市南关区人民大街123号513号
杨超,903497,13604527453,0,7594@163.com,浙江省杭州市西湖区文二路188号194号
宋婷,061924,15972375091,1,437@hotmail.com,重庆市渝北区金开大道68号78号
朱悦,400948,18306200830,1,2441@foxmail.com,广东省深圳市南山区科技园路8号534号
王悦,805786,13536689205,1,8057@foxmail.com,辽宁省大连市中山区人民路55号984号
韩浩,570792,15167122169,0,2242@gmail.com,广东省深圳市南山区科技园路8号774号
黄秀兰,430124,13658850884,1,6841@foxmail.com,江苏省南京市建邺区江东中路229号36号
杨鹏,983906,13241300991,0,3790@hotmail.com,江西省南昌市青山湖区北京东路456号232号
徐健,612831,15726185817,0,7208@hotmail.com,黑龙江省哈尔滨市道里区中央大街99号520号
杨华,913365,13016671902,0,7538@aliyun.com,重庆市渝北区金开大道68号968号
陈杰,083222,18432847840,0,992@163.com,陕西省西安市雁塔区科技路88号976号
韩雪,248898,18695403825,1,9837@sina.com,吉林省长春市南关区人民大街123号59号
谢刚,014911,15601368608,1,130@gmail.com,安徽省合肥市政务区潜山路111号903号
董娜,052767,13227101795,0,9277@aliyun.com,山东省青岛市市南区香港中路11号690号
萧欣,853091,15069352364,0,9253@163.com,河南省郑州市二七区大学路80号419号
胡瑶,443499,15545057749,0,8185@outlook.com,浙江省杭州市西湖区文二路188号417号
吴勇,962550,13160437689,1,1846@yahoo.com,黑龙江省哈尔滨市道里区中央大街99号198号
郑丽,954278,13848879929,1,1017@hotmail.com,山东省青岛市市南区香港中路11号703号
朱静,963018,15219904389,0,8297@qq.com,重庆市渝北区金开大道68号448号
董杰,910250,18625803458,1,9747@outlook.com,重庆市渝北区金开大道68号4号
董磊,959686,13432100859,1,6250@gmail.com,北京市海淀区中关村大街1号447号
周刚,696329,18519453060,1,2618@aliyun.com,山东省青岛市市南区香港中路11号416号
林瑶,944856,15357600489,0,735@hotmail.com,江苏省南京市建邺区江东中路229号148号
谢静,628856,13780618443,1,8242@aliyun.com,广东省深圳市南山区科技园路8号294号
徐洋,476323,13645302908,1,1005@163.com,江苏省南京市建邺区江东中路229号299号
张明,907242,13004321997,1,78@gmail.com,湖北省武汉市洪山区珞瑜路726号8号
刘敏,437367,15729125673,1,323@foxmail.com,黑龙江省哈尔滨市道里区中央大街99号491号
马雪,196886,13440400844,1,7950@163.com,福建省厦门市思明区中山路400号973号
宋健,628683,15572059951,0,5450@126.com,安徽省合肥市政务区潜山路111号651号
罗明,422367,18585912086,0,2145@outlook.com,安徽省合肥市政务区潜山路111号371号
韩丽,496459,15106347837,0,9914@gmail.com,江苏省南京市建邺区江东中路229号573号
董凯,316871,15059665885,0,1721@gmail.com,江西省南昌市青山湖区北京东路456号965号
韩娜,055602,15638825119,0,2941@yahoo.com,四川省成都市高新区天府五街200号689号
吴敏,564854,13043921006,1,1821@yahoo.com,辽宁省大连市中山区人民路55号198号
宋伟,715896,18004775290,0,692@outlook.com,上海市静安区南京西路1266号633号
韩凯,877098,15178166403,1,7434@qq.com,上海市静安区南京西路1266号90号
徐博,597658,13065269186,1,5246@hotmail.com,安徽省合肥市政务区潜山路111号686号
高平,701540,15925723684,1,1521@qq.com,陕西省西安市雁塔区科技路88号754号
王桂英,910784,13647927882,0,4477@163.com,广东省深圳市南山区科技园路8号144号
林宇,055537,13334479647,1,822@gmail.com,吉林省长春市南关区人民大街123号368号
谢丽,404353,18983203220,0,1963@sina.com,北京市海淀区中关村大街1号223号
郑军,887628,13219016623,0,2940@gmail.com,安徽省合肥市政务区潜山路111号391号
胡霞,529417,18278709531,0,1746@hotmail.com,湖南省长沙市雨花区劳动西路102号412号
郭璐,293442,13321913911,0,6076@gmail.com,重庆市渝北区金开大道68号775号
孙娜,389683,15698410638,1,3700@126.com,四川省成都市高新区天府五街200号728号
徐强,731047,18605179537,0,2134@gmail.com,江西省南昌市青山湖区北京东路456号906号
胡静,820349,15384507895,0,415@gmail.com,黑龙江省哈尔滨市道里区中央大街99号91号
李军,321193,18457156749,1,1596@gmail.com,北京市海淀区中关村大街1号224号
高娟,928895,18591485061,1,2095@foxmail.com,福建省厦门市思明区中山路400号760号
林勇,502294,13857162952,0,9034@foxmail.com,广东省深圳市南山区科技园路8号512号
周凯,380426,18869670300,1,518@sina.com,陕西省西安市未央区某某街道746号
王欣,605751,18633000205,0,2740@aliyun.com,北京市海淀区中关村大街1号733号
赵敏,670407,18064394681,1,3883@qq.com,吉林省长春市南关区人民大街123号590号
李芳,375744,13267363054,1,5618@foxmail.com,吉林省长春市南关区人民大街123号712号
杨桂英,540041,18394728075,0,2139@qq.com,四川省成都市高新区天府五街200号438号
何玲,254138,13980857069,1,2824@163.com,陕西省西安市雁塔区科技路88号350号
何辉,604656,18269306093,0,9840@yahoo.com,江西省南昌市青山湖区北京东路456号63号
杨桂英,963049,18444485447,0,3104@gmail.com,天津市南开区卫津路94号615号
郭璐,087483,13433500201,0,8796@gmail.com,上海市静安区南京西路1266号720号
宋华,697945,13650405111,1,861@163.com,浙江省杭州市西湖区文二路188号874号
马华,820408,15838751247,0,9716@sina.com,浙江省杭州市西湖区文二路188号509号
宋悦,641168,13640748960,0,5125@163.com,北京市海淀区中关村大街1号947号
何桂英,512302,13552751458,1,9629@gmail.com,北京市海淀区中关村大街1号699号
董文,133131,18922246242,0,3473@foxmail.com,北京市海淀区中关村大街1号468号
吴辉,053223,15865088332,0,6009@aliyun.com,山东省青岛市市南区香港中路11号227号
黄超,179396,13853031276,1,2881@aliyun.com,江苏省南京市建邺区江东中路229号671号
高凯,942271,15571122556,1,9712@foxmail.com,辽宁省大连市中山区人民路55号429号
韩俊,837939,18936965850,1,5993@aliyun.com,江西省南昌市青山湖区北京东路456号898号
冯明,783965,13251186767,0,2723@yahoo.com,河南省郑州市二七区大学路80号136号
谢娟,873667,13391570653,1,7847@gmail.com,湖北省武汉市洪山区珞瑜路726号832号
张瑶,257592,18546395889,0,9379@foxmail.com,辽宁省大连市中山区人民路55号217号
于明,074652,13925866264,0,2055@gmail.com,黑龙江省哈尔滨市道里区中央大街99号917号
陈娟,840329,13002301916,0,7207@gmail.com,陕西省西安市未央区某某街道461号
孙玲,526287,18234577404,0,1723@hotmail.com,重庆市渝北区金开大道68号42号
王华,668249,13344795374,1,7474@aliyun.com,陕西省西安市雁塔区科技路88号565号
冯凯,742156,15671709468,0,2935@aliyun.com,江苏省南京市建邺区江东中路229号618号
胡凯,141563,18095149835,1,4542@foxmail.com,福建省厦门市思明区中山路400号806号
李芳,641424,13327176265,0,7082@126.com,吉林省长春市南关区人民大街123号39号
冯秀兰,841587,18741715079,1,5645@qq.com,江苏省南京市建邺区江东中路229号149号
周磊,949319,15555525297,1,9158@outlook.com,天津市南开区卫津路94号129号
吴洋,198160,15508032720,0,6328@126.com,天津市南开区卫津路94号259号
萧瑶,708831,13156223610,0,4949@yahoo.com,江苏省南京市建邺区江东中路229号376号
徐凯,681072,13385886494,0,3219@outlook.com,天津市南开区卫津路94号876号
马文,449890,13488307576,1,4686@qq.com,山东省青岛市市南区香港中路11号161号
梁宇,470732,18179862418,1,8269@163.com,河南省郑州市二七区大学路80号324号
谢涛,122740,15385518657,0,43@hotmail.com,河南省郑州市二七区大学路80号289号
徐浩,570992,13314761163,0,9469@qq.com,辽宁省大连市中山区人民路55号850号
韩文,994177,15634268440,0,6898@foxmail.com,重庆市渝北区金开大道68号708号
徐静,883589,18462117637,0,2301@foxmail.com,浙江省杭州市西湖区文二路188号578号
于辉,258606,13845109858,0,8033@outlook.com,河南省郑州市二七区大学路80号375号
胡勇,667406,18330638489,1,4726@sina.com,陕西省西安市雁塔区科技路88号932号
王雪,449199,15820291042,0,2273@sina.com,河南省郑州市二七区大学路80号237号
李伟,619835,18987123384,1,2232@sina.com,陕西省西安市未央区某某街道384号
郭娜,442812,13118363277,1,7919@163.com,江西省南昌市青山湖区北京东路456号613号
朱敏,793665,18697105332,0,3574@hotmail.com,河南省郑州市二七区大学路80号909号
黄洋,998488,13292856694,0,7897@yahoo.com,江西省南昌市青山湖区北京东路456号982号
朱峰,124037,15334343395,0,2329@yahoo.com,上海市静安区南京西路1266号369号
赵峰,226917,13521917705,1,4761@foxmail.com,吉林省长春市南关区人民大街123号859号
韩芳,056989,18784116366,1,2511@outlook.com,天津市南开区卫津路94号608号
何浩,377958,13795279695,1,1851@hotmail.com,山东省青岛市市南区香港中路11号276号
谢宇,723621,18415481915,1,2044@126.com,山东省青岛市市南区香港中路11号503号
马秀兰,110137,15872105150,1,1848@sina.com,上海市静安区南京西路1266号519号
萧俊,894711,13861366439,0,9792@outlook.com,山东省青岛市市南区香港中路11号601号
林浩,221301,15931345562,0,8646@aliyun.com,陕西省西安市未央区某某街道823号
高勇,786429,15911235987,0,1263@gmail.com,天津市南开区卫津路94号778号
赵芳,621460,15208308788,1,5332@qq.com,湖北省武汉市洪山区珞瑜路726号526号
吴娟,431912,18040174732,1,7431@163.com,陕西省西安市未央区某某街道608号
郭俊,611060,13872359991,0,8946@sina.com,广东省深圳市南山区科技园路8号510号
韩强,730650,15137685029,0,7397@hotmail.com,北京市海淀区中关村大街1号597号
梁伟,567307,13443316227,1,6431@outlook.com,北京市海淀区中关村大街1号861号
陈瑶,147626,15901116151,0,4658@foxmail.com,北京市海淀区中关村大街1号531号
高涛,824345,18088107365,0,5050@aliyun.com,广东省深圳市南山区科技园路8号404号
冯磊,977005,18017039232,0,3175@aliyun.com,陕西省西安市未央区某某街道727号
马璐,076790,15717013540,1,4687@sina.com,山东省青岛市市南区香港中路11号311号
孙宇,187039,18392709611,0,4725@126.com,福建省厦门市思明区中山路400号912号
于明,662528,13638482803,1,7541@sina.com,江苏省南京市建邺区江东中路229号932号
孙平,372953,15696177926,0,644@163.com,辽宁省大连市中山区人民路55号917号
刘杰,084249,15735975922,0,2265@163.com,上海市静安区南京西路1266号473号
于刚,745585,18165423017,0,8007@qq.com,黑龙江省哈尔滨市道里区中央大街99号350号
梁雪,802657,13899582999,0,5186@hotmail.com,浙江省杭州市西湖区文二路188号828号
朱欣,929064,15784862425,1,4201@yahoo.com,江西省南昌市青山湖区北京东路456号111号
郑婷,897072,15906192026,1,1334@qq.com,四川省成都市高新区天府五街200号928号
于华,857107,15581374716,1,6005@sina.com,山东省青岛市市南区香港中路11号492号
郑宇,185261,18752768653,1,2799@foxmail.com,江西省南昌市青山湖区北京东路456号439号
王博,830871,18807755657,0,6683@gmail.com,吉林省长春市南关区人民大街123号970号
张健,373909,13660397021,0,3299@126.com,安徽省合肥市政务区潜山路111号52号
张健,087013,15655273142,1,9305@126.com,安徽省合肥市政务区潜山路111号995号
罗秀兰,018052,15078398397,1,5782@outlook.com,河南省郑州市二七区大学路80号133号
于桂英,725073,13927744410,1,5727@aliyun.com,北京市海淀区中关村大街1号363号
何峰,802191,13338610675,1,8170@aliyun.com,吉林省长春市南关区人民大街123号479号
刘俊,526646,13296955921,1,5765@sina.com,河南省郑州市二七区大学路80号532号
何军,508500,13789287601,1,3827@163.com,江苏省南京市建邺区江东中路229号939号
吴平,952889,13147479966,1,5676@aliyun.com,河南省郑州市二七区大学路80号19号
刘强,256058,18075673027,1,5320@qq.com,江西省南昌市青山湖区北京东路456号112号
于艳,015138,18276307125,0,7848@aliyun.com,陕西省西安市雁塔区科技路88号212号
萧磊,326161,18765233022,0,3093@163.com,安徽省合肥市政务区潜山路111号469号
高悦,841503,15520580721,1,9095@qq.com,湖北省武汉市洪山区珞瑜路726号671号
朱博,128398,15084372669,0,3002@outlook.com,江西省南昌市青山湖区北京东路456号877号
宋雪,905052,15269821926,1,5602@gmail.com,河南省郑州市二七区大学路80号483号
梁娜,170572,18055673025,0,3248@aliyun.com,湖北省武汉市洪山区珞瑜路726号940号
谢婷,809236,18712666673,1,9613@126.com,福建省厦门市思明区中山路400号279号
胡勇,768463,15576116848,0,6727@126.com,江西省南昌市青山湖区北京东路456号591号
谢浩,746822,13432290220,0,1267@outlook.com,陕西省西安市雁塔区科技路88号624号
周凯,492211,15521625166,0,843@aliyun.com,重庆市渝北区金开大道68号952号
孙璐,830041,15626253528,1,2350@163.com,北京市海淀区中关村大街1号660号
韩军,185360,13083386045,1,7964@aliyun.com,天津市南开区卫津路94号114号
朱刚,053308,15895001280,0,5263@outlook.com,福建省厦门市思明区中山路400号409号
冯刚,706404,18448377733,0,8668@aliyun.com,福建省厦门市思明区中山路400号617号
陈娜,771315,18233088952,1,6758@qq.com,陕西省西安市未央区某某街道844号
王华,038563,13998721479,1,9903@foxmail.com,辽宁省大连市中山区人民路55号39号
胡军,189743,18787468291,1,1709@qq.com,湖北省武汉市洪山区珞瑜路726号123号
宋杰,235374,13069124797,1,2222@hotmail.com,浙江省杭州市西湖区文二路188号156号
朱丽,337435,15274346465,0,8982@sina.com,河南省郑州市二七区大学路80号331号
罗丽,114528,13429736937,1,2802@aliyun.com,天津市南开区卫津路94号650号
于健,005422,15199435460,1,6494@outlook.com,辽宁省大连市中山区人民路55号699号
韩娟,457318,18257302784,1,3595@foxmail.com,湖北省武汉市洪山区珞瑜路726号873号
马娟,863889,13536865918,0,1920@126.com,浙江省杭州市西湖区文二路188号551号
王健,485648,15945969500,1,1429@gmail.com,北京市海淀区中关村大街1号888号
唐璐,290560,18600609544,0,2954@aliyun.com,天津市南开区卫津路94号380号
朱华,396897,18648532335,1,3082@hotmail.com,吉林省长春市南关区人民大街123号176号
梁玲,980303,18457263178,0,5585@hotmail.com,江西省南昌市青山湖区北京东路456号963号
郭娜,407605,18742987267,1,6471@foxmail.com,浙江省杭州市西湖区文二路188号11号
高博,767470,13864928191,0,2884@foxmail.com,江苏省南京市建邺区江东中路229号185号
马辉,923475,15235204922,0,2374@foxmail.com,吉林省长春市南关区人民大街123号974号
梁杰,826522,18952660998,0,5783@aliyun.com,上海市静安区南京西路1266号232号
谢敏,595577,13061064175,1,1674@aliyun.com,北京市海淀区中关村大街1号752号
吴平,900765,18407700514,0,7327@qq.com,湖南省长沙市雨花区劳动西路102号187号
高俊,451076,13255196663,1,3322@aliyun.com,江苏省南京市建邺区江东中路229号829号
韩峰,893812,13892153650,1,9331@yahoo.com,黑龙江省哈尔滨市道里区中央大街99号441号
孙伟,972082,13678020242,1,4545@yahoo.com,江西省南昌市青山湖区北京东路456号748号
谢健,517143,15108830075,0,6569@aliyun.com,湖北省武汉市洪山区珞瑜路726号553号
梁文,887915,13242869862,1,3830@sina.com,四川省成都市高新区天府五街200号501号
朱敏,132974,15113981282,0,4985@outlook.com,北京市海淀区中关村大街1号574号
朱涛,029454,18612176057,1,7096@outlook.com,山东省青岛市市南区香港中路11号540号
陈洋,498474,15118267856,1,3732@126.com,辽宁省大连市中山区人民路55号939号
于刚,674985,15122561609,0,2496@hotmail.com,河南省郑州市二七区大学路80号893号
胡磊,370330,13026480566,0,5827@126.com,江苏省南京市建邺区江东中路229号473号
周悦,504095,15910026731,0,7519@hotmail.com,陕西省西安市未央区某某街道163号
何军,509737,15167039583,1,8949@gmail.com,北京市海淀区中关村大街1号522号
吴军,950563,18228832688,0,1416@126.com,浙江省杭州市西湖区文二路188号35号
吴俊,444637,15296331866,1,9188@gmail.com,湖北省武汉市洪山区珞瑜路726号153号
陈悦,741509,18880118794,0,3379@126.com,江苏省南京市建邺区江东中路229号173号
林涛,868431,18242288458,0,4949@gmail.com,陕西省西安市雁塔区科技路88号928号
周静,376444,18404007935,0,248@outlook.com,安徽省合肥市政务区潜山路111号308号
何杰,713763,15954047780,1,2617@yahoo.com,浙江省杭州市西湖区文二路188号511号
于欣,905779,13780905008,1,3929@gmail.com,江苏省南京市建邺区江东中路229号127号
冯俊,921219,13687184329,0,5572@126.com,北京市海淀区中关村大街1号52号
杨雪,431086,13621263747,1,856@aliyun.com,安徽省合肥市政务区潜山路111号134号
马霞,775147,15387918591,0,6315@aliyun.com,湖南省长沙市雨花区劳动西路102号320号
周瑶,582240,18512069831,1,7257@foxmail.com,山东省青岛市市南区香港中路11号681号
孙博,751670,13648125436,0,9276@gmail.com,江西省南昌市青山湖区北京东路456号283号
罗文,772101,15938977879,0,8555@yahoo.com,湖南省长沙市雨花区劳动西路102号236号
于秀兰,864707,18942212683,1,3665@outlook.com,陕西省西安市未央区某某街道422号
徐俊,286092,13946582233,0,2789@163.com,河南省郑州市二七区大学路80号318号
谢雪,429289,18453098580,1,3778@qq.com,广东省深圳市南山区科技园路8号21号
黄伟,737783,13450880640,1,5928@gmail.com,上海市静安区南京西路1266号637号
罗文,866382,15793824740,0,6482@gmail.com,湖北省武汉市洪山区珞瑜路726号299号
韩文,646763,13371405603,0,6948@foxmail.com,辽宁省大连市中山区人民路55号574号
马俊,977867,13808704003,0,6600@foxmail.com,北京市海淀区中关村大街1号170号
宋文,723746,13467845006,0,743@yahoo.com,四川省成都市高新区天府五街200号539号
吴博,540480,15245798669,1,5319@gmail.com,四川省成都市高新区天府五街200号950号
朱娟,858802,18006700581,1,4974@sina.com,浙江省杭州市西湖区文二路188号117号
马博,540862,18156836838,0,6095@foxmail.com,河南省郑州市二七区大学路80号728号
张丽,970466,13597854677,0,8263@yahoo.com,陕西省西安市雁塔区科技路88号207号
郑健,811179,13607464057,1,9357@sina.com,湖北省武汉市洪山区珞瑜路726号348号
冯刚,867133,15088648112,0,1892@yahoo.com,黑龙江省哈尔滨市道里区中央大街99号477号
吴璐,069690,18957797764,0,6569@sina.com,吉林省长春市南关区人民大街123号796号
胡峰,632719,15701995787,0,8602@sina.com,陕西省西安市雁塔区科技路88号927号
郭欣,052338,15776810196,1,7416@sina.com,黑龙江省哈尔滨市道里区中央大街99号122号
陈敏,389273,13123501748,0,6652@163.com,湖南省长沙市雨花区劳动西路102号414号
郭瑶,524363,13588587418,0,9484@163.com,陕西省西安市雁塔区科技路88号114号
张文,013904,15550090808,1,61@163.com,安徽省合肥市政务区潜山路111号943号
郭博,104604,15070503150,1,3364@aliyun.com,黑龙江省哈尔滨市道里区中央大街99号784号
梁明,896372,15768112748,1,7@hotmail.com,重庆市渝北区金开大道68号991号
胡伟,162036,15226839833,0,4001@163.com,辽宁省大连市中山区人民路55号78号
吴艳,209695,13215916266,1,1078@126.com,辽宁省大连市中山区人民路55号362号
高敏,238019,18888245815,0,8039@qq.com,湖北省武汉市洪山区珞瑜路726号237号
王霞,846174,18453040094,1,1600@hotmail.com,福建省厦门市思明区中山路400号658号
萧强,710646,18385706993,1,5227@outlook.com,湖北省武汉市洪山区珞瑜路726号907号
黄明,254746,15684555439,0,4667@gmail.com,浙江省杭州市西湖区文二路188号89号
朱文,934507,13223505422,0,8306@outlook.com,重庆市渝北区金开大道68号772号
唐明,244602,13944637987,1,6531@sina.com,广东省深圳市南山区科技园路8号909号
罗婷,573354,15917405347,1,6212@qq.com,山东省青岛市市南区香港中路11号855号
董浩,428866,13047148700,0,2619@hotmail.com,天津市南开区卫津路94号746号
刘军,976176,13335505653,1,6629@hotmail.com,吉林省长春市南关区人民大街123号210号
何欣,003462,13034518992,1,9847@sina.com,黑龙江省哈尔滨市道里区中央大街99号34号
杨文,357259,18422477574,1,9362@126.com,安徽省合肥市政务区潜山路111号171号
陈博,129619,18048650364,0,9021@yahoo.com,黑龙江省哈尔滨市道里区中央大街99号14号
马洋,592024,15100436230,0,2592@qq.com,江西省南昌市青山湖区北京东路456号8号
谢璐,425348,18202765321,0,8600@hotmail.com,陕西省西安市雁塔区科技路88号632号
董艳,800784,13870443501,1,2232@outlook.com,四川省成都市高新区天府五街200号666号
唐玲,521215,18890445053,0,1298@126.com,重庆市渝北区金开大道68号59号
李丽,301318,13811138498,1,8391@aliyun.com,广东省深圳市南山区科技园路8号645号
高玲,579844,15858987074,0,4804@gmail.com,重庆市渝北区金开大道68号926号
张伟,547062,18892910948,1,1112@foxmail.com,福建省厦门市思明区中山路400号609号
梁娜,121095,18241544459,1,3481@outlook.com,江西省南昌市青山湖区北京东路456号41号
孙瑶,827407,18512965985,0,5342@outlook.com,陕西省西安市雁塔区科技路88号429号
马敏,835215,13532231537,0,1136@gmail.com,广东省深圳市南山区科技园路8号538号
宋杰,059675,13156258615,1,1302@sina.com,福建省厦门市思明区中山路400号885号
黄丽,927480,13101910768,1,6206@126.com,辽宁省大连市中山区人民路55号409号
冯娟,227430,15054044168,1,5683@yahoo.com,北京市海淀区中关村大街1号460号
张婷,429489,18375168039,1,5944@gmail.com,浙江省杭州市西湖区文二路188号654号
张华,629830,18471738827,0,2583@yahoo.com,吉林省长春市南关区人民大街123号815号
唐丽,596096,18400261092,1,942@yahoo.com,湖南省长沙市雨花区劳动西路102号425号
黄明,878706,15294224691,0,9786@qq.com,广东省深圳市南山区科技园路8号789号
高峰,528995,18493575760,0,2081@qq.com,陕西省西安市雁塔区科技路88号676号
萧明,307267,18260457359,0,1862@126.com,上海市静安区南京西路1266号713号
胡璐,438699,18116695499,0,7243@126.com,安徽省合肥市政务区潜山路111号164号
梁勇,511041,18816257374,1,9170@sina.com,河南省郑州市二七区大学路80号351号
高芳,570771,13790839471,1,2971@gmail.com,北京市海淀区中关村大街1号912号
谢勇,409195,15390382713,0,5560@126.com,重庆市渝北区金开大道68号42号
胡文,509757,13488161306,1,8743@163.com,湖南省长沙市雨花区劳动西路102号478号
刘磊,448789,13417533050,0,4263@gmail.com,吉林省长春市南关区人民大街123号16号
李涛,044050,13186500568,1,4279@163.com,黑龙江省哈尔滨市道里区中央大街99号183号
谢桂英,769793,18444835705,0,1750@163.com,重庆市渝北区金开大道68号718号
郭丽,011757,13697785737,0,96@yahoo.com,安徽省合肥市政务区潜山路111号685号
张娜,440859,15042354463,0,1023@yahoo.com,河南省郑州市二七区大学路80号846号
何敏,472921,13012767060,1,2609@foxmail.com,天津市南开区卫津路94号985号
刘华,169400,18596663219,0,2649@163.com,四川省成都市高新区天府五街200号905号
唐娜,119035,18218146984,1,8312@yahoo.com,湖南省长沙市雨花区劳动西路102号678号
罗欣,444284,18400180615,0,8214@qq.com,辽宁省大连市中山区人民路55号519号
胡俊,559415,15582281300,0,4875@hotmail.com,河南省郑州市二七区大学路80号432号
何辉,934545,15125107742,0,5059@foxmail.com,黑龙江省哈尔滨市道里区中央大街99号18号
何凯,972910,18985735209,1,5070@126.com,辽宁省大连市中山区人民路55号39号
李宇,532363,13119276735,1,7991@gmail.com,吉林省长春市南关区人民大街123号127号
马娜,098138,13808389336,1,8423@163.com,山东省青岛市市南区香港中路11号768号
王磊,002210,18078443178,0,7017@163.com,吉林省长春市南关区人民大街123号672号
徐静,894446,18787908418,0,8045@qq.com,吉林省长春市南关区人民大街123号200号
何丽,186590,13561947458,0,560@qq.com,北京市海淀区中关村大街1号985号
董辉,086009,15771121336,0,3249@yahoo.com,安徽省合肥市政务区潜山路111号35号
林霞,007473,15703836179,1,9614@sina.com,安徽省合肥市政务区潜山路111号842号
萧桂英,742714,18198358871,1,4225@hotmail.com,安徽省合肥市政务区潜山路111号634号
林伟,948985,18159689400,1,7159@aliyun.com,四川省成都市高新区天府五街200号741号
林霞,006235,15646886986,0,38@126.com,重庆市渝北区金开大道68号386号
黄璐,687486,15179322953,1,8474@hotmail.com,江苏省南京市建邺区江东中路229号106号
胡敏,668486,13246153654,0,800@163.com,吉林省长春市南关区人民大街123号253号
郑欣,724389,18034658571,0,9946@aliyun.com,辽宁省大连市中山区人民路55号904号
朱凯,444487,15138708168,0,6547@163.com,辽宁省大连市中山区人民路55号641号
林静,444383,13174163946,0,6456@foxmail.com,湖北省武汉市洪山区珞瑜路726号281号
梁鹏,817396,18984161001,0,9115@gmail.com,福建省厦门市思明区中山路400号109号
陈磊,454751,13720244783,1,720@gmail.com,陕西省西安市未央区某某街道738号
黄磊,064008,15965516809,1,2157@outlook.com,浙江省杭州市西湖区文二路188号74号
郑勇,405126,18349133572,1,3101@sina.com,河南省郑州市二七区大学路80号31号
赵芳,617196,13637881595,0,754@aliyun.com,广东省深圳市南山区科技园路8号240号
王勇,984491,13956279112,0,3630@qq.com,福建省厦门市思明区中山路400号879号
林玲,662043,13258356680,0,968@foxmail.com,天津市南开区卫津路94号39号
胡峰,816479,15603731346,0,3414@163.com,广东省深圳市南山区科技园路8号29号
周婷,054618,18832582093,0,6061@sina.com,上海市静安区南京西路1266号395号
韩杰,857288,15077082474,1,5717@foxmail.com,四川省成都市高新区天府五街200号285号
梁艳,425207,13274746223,1,7432@qq.com,福建省厦门市思明区中山路400号523号
郑华,511892,15939315272,1,7290@qq.com,辽宁省大连市中山区人民路55号410号
徐丽,766723,13769669615,0,8622@yahoo.com,江苏省南京市建邺区江东中路229号78号
罗娜,190846,13742417158,1,9912@yahoo.com,重庆市渝北区金开大道68号756号
唐敏,938361,13626669317,1,9250@aliyun.com,重庆市渝北区金开大道68号113号
于桂英,602162,18495248806,0,573@qq.com,河南省郑州市二七区大学路80号632号
郑敏,394245,15294577785,0,5232@foxmail.com,安徽省合肥市政务区潜山路111号366号
吴艳,166483,15833800182,1,6715@163.com,黑龙江省哈尔滨市道里区中央大街99号896号
胡瑶,479850,18272907806,0,3676@hotmail.com,福建省厦门市思明区中山路400号85号
周浩,306085,13693483379,0,1653@gmail.com,福建省厦门市思明区中山路400号370号
徐健,846954,18373585135,1,2522@outlook.com,辽宁省大连市中山区人民路55号502号
周鹏,495965,18503193563,1,3238@foxmail.com,河南省郑州市二七区大学路80号838号
梁悦,545583,13706956227,0,2985@sina.com,广东省深圳市南山区科技园路8号409号
张健,116191,13099177835,0,8966@hotmail.com,江苏省南京市建邺区江东中路229号542号
唐博,186535,13981310225,1,3477@163.com,安徽省合肥市政务区潜山路111号940号
董艳,941937,18400087981,0,2759@hotmail.com,山东省青岛市市南区香港中路11号154号
何涛,556556,18115670358,0,4554@hotmail.com,辽宁省大连市中山区人民路55号657号
刘华,069335,13855260801,1,4649@126.com,福建省厦门市思明区中山路400号525号
何俊,021558,13938907837,0,359@qq.com,湖北省武汉市洪山区珞瑜路726号48号
高璐,228792,15319650459,1,5878@yahoo.com,陕西省西安市未央区某某街道174号
王涛,631252,15888190145,0,7858@aliyun.com,湖北省武汉市洪山区珞瑜路726号991号
徐鹏,528941,13568759693,1,1355@foxmail.com,山东省青岛市市南区香港中路11号576号
李鹏,249485,15513641687,1,4843@gmail.com,陕西省西安市未央区某某街道263号
胡芳,492130,15041548915,1,2980@foxmail.com,北京市海淀区中关村大街1号923号
吴娜,443184,13750379600,0,2442@163.com,浙江省杭州市西湖区文二路188号705号
杨峰,297963,18978135427,0,6736@sina.com,天津市南开区卫津路94号946号
于洋,974138,13473507825,0,8125@foxmail.com,江苏省南京市建邺区江东中路229号194号
徐浩,927923,15198701048,0,6668@163.com,陕西省西安市雁塔区科技路88号833号
宋玲,716298,13095849798,1,4780@sina.com,天津市南开区卫津路94号230号
徐杰,696550,13842923640,0,9111@hotmail.com,吉林省长春市南关区人民大街123号582号
唐磊,391133,13179312772,1,8407@foxmail.com,山东省青岛市市南区香港中路11号262号
陈凯,923003,15730227570,0,458@hotmail.com,黑龙江省哈尔滨市道里区中央大街99号985号
郭浩,641046,15720978204,0,4831@126.com,江苏省南京市建邺区江东中路229号223号
唐欣,962883,18084715194,0,5401@gmail.com,湖北省武汉市洪山区珞瑜路726号460号
冯刚,280129,15233277297,0,5938@aliyun.com,山东省青岛市市南区香港中路11号757号
张悦,039267,15976667257,0,3497@qq.com,黑龙江省哈尔滨市道里区中央大街99号483号
董刚,441726,18164315106,1,6255@yahoo.com,陕西省西安市雁塔区科技路88号691号
张洋,714518,15712693890,1,3546@aliyun.com,江苏省南京市建邺区江东中路229号343号
郑玲,359894,15851124034,0,1914@aliyun.com,上海市静安区南京西路1266号422号
于超,251810,15559474761,1,327@qq.com,江西省南昌市青山湖区北京东路456号224号
陈霞,510823,13996676644,1,5863@gmail.com,安徽省合肥市政务区潜山路111号700号
林洋,168165,18424290712,1,3088@126.com,四川省成都市高新区天府五街200号251号
朱洋,804175,15294674352,0,1522@aliyun.com,河南省郑州市二七区大学路80号115号
萧鹏,074447,15366459369,1,7684@sina.com,河南省郑州市二七区大学路80号244号
赵军,247972,15978597668,0,2493@yahoo.com,黑龙江省哈尔滨市道里区中央大街99号585号
王强,377034,13455554628,1,4386@foxmail.com,浙江省杭州市西湖区文二路188号960号
刘秀兰,248469,18877691085,1,2576@qq.com,天津市南开区卫津路94号944号
张洋,772880,15704029745,0,9225@qq.com,重庆市渝北区金开大道68号926号
胡霞,181494,18747864900,0,8473@aliyun.com,北京市海淀区中关村大街1号710号
杨明,071989,18049819908,0,8809@aliyun.com,浙江省杭州市西湖区文二路188号259号
罗明,106981,13888559497,0,1462@yahoo.com,陕西省西安市未央区某某街道554号
王浩,954160,13842124649,0,1397@foxmail.com,黑龙江省哈尔滨市道里区中央大街99号215号
徐博,361085,13784664797,0,6882@126.com,山东省青岛市市南区香港中路11号710号
罗静,817169,18247028949,1,1650@aliyun.com,山东省青岛市市南区香港中路11号984号
刘华,692748,18283193949,0,2605@outlook.com,黑龙江省哈尔滨市道里区中央大街99号263号
郭敏,650638,13030523515,0,8049@yahoo.com,北京市海淀区中关村大街1号759号
吴刚,683263,18741677955,0,5014@163.com,广东省深圳市南山区科技园路8号109号
李文,744574,13090858524,1,85@outlook.com,重庆市渝北区金开大道68号750号
萧娟,882044,13069704094,0,3615@sina.com,湖南省长沙市雨花区劳动西路102号934号
宋雪,042800,18682043346,1,4052@126.com,上海市静安区南京西路1266号828号
林芳,911187,13833602299,1,4389@sina.com,四川省成都市高新区天府五街200号588号
周强,374461,13107222220,0,7087@aliyun.com,安徽省合肥市政务区潜山路111号934号
黄超,031242,18618037459,1,560@aliyun.com,湖南省长沙市雨花区劳动西路102号226号
周悦,485496,15307876696,1,3762@outlook.com,河南省郑州市二七区大学路80号423号
孙文,112873,15814245191,0,650@yahoo.com,安徽省合肥市政务区潜山路111号303号
冯鹏,515946,13292613317,0,4730@yahoo.com,江苏省南京市建邺区江东中路229号682号
朱静,801414,13924039428,1,6777@foxmail.com,陕西省西安市未央区某某街道162号
冯瑶,682926,18219532747,0,1646@126.com,陕西省西安市未央区某某街道422号
谢伟,973369,13811622556,1,6167@126.com,天津市南开区卫津路94号472号
宋静,344802,15764106243,0,1549@qq.com,陕西省西安市雁塔区科技路88号209号
孙超,838455,15968581320,1,1762@163.com,江苏省南京市建邺区江东中路229号981号
郑超,284540,13393837263,0,5519@hotmail.com,江西省南昌市青山湖区北京东路456号581号
杨雪,354182,18174361212,0,5659@foxmail.com,四川省成都市高新区天府五街200号600号
陈凯,744388,15112147419,0,3951@gmail.com,北京市海淀区中关村大街1号552号
韩婷,758322,18949243327,1,7370@qq.com,吉林省长春市南关区人民大街123号6号
刘秀兰,528504,18847767993,1,5231@aliyun.com,江西省南昌市青山湖区北京东路456号699号
胡博,282829,18310902034,1,3920@126.com,江苏省南京市建邺区江东中路229号82号
赵辉,442517,18872914683,1,4486@yahoo.com,安徽省合肥市政务区潜山路111号521号
郭桂英,060246,18759217376,1,421@qq.com,江苏省南京市建邺区江东中路229号383号
董军,380827,13279966008,0,5392@gmail.com,陕西省西安市雁塔区科技路88号756号
胡华,989327,13472215681,1,6646@qq.com,广东省深圳市南山区科技园路8号700号
谢悦,134013,18322634250,1,3821@qq.com,陕西省西安市未央区某某街道758号
宋娜,367014,18810212920,1,6754@outlook.com,安徽省合肥市政务区潜山路111号463号
董悦,103439,13485685765,0,6137@126.com,湖北省武汉市洪山区珞瑜路726号536号
胡明,432823,13979472789,1,279@sina.com,湖南省长沙市雨花区劳动西路102号200号
罗欣,732206,13389875353,1,2339@yahoo.com,湖北省武汉市洪山区珞瑜路726号308号
宋娜,152259,18013118288,0,4871@hotmail.com,安徽省合肥市政务区潜山路111号905号
冯敏,657958,15733245251,1,2701@163.com,天津市南开区卫津路94号816号
董桂英,253737,18334307959,1,4982@gmail.com,广东省深圳市南山区科技园路8号239号
何俊,322083,15333981414,0,5950@gmail.com,北京市海淀区中关村大街1号151号
张丽,819652,15128391423,1,8938@aliyun.com,天津市南开区卫津路94号892号
黄俊,269031,18336234879,1,8267@foxmail.com,吉林省长春市南关区人民大街123号633号
杨芳,476265,13971467333,0,4905@qq.com,天津市南开区卫津路94号275号
董鹏,569606,18314906657,1,5344@163.com,福建省厦门市思明区中山路400号473号
朱悦,885492,13487188194,1,8333@gmail.com,广东省深圳市南山区科技园路8号842号
赵峰,955522,18141824788,1,448@gmail.com,山东省青岛市市南区香港中路11号821号
宋悦,616037,13564145575,0,846@gmail.com,福建省厦门市思明区中山路400号671号
陈娜,195691,18484554831,0,513@outlook.com,浙江省杭州市西湖区文二路188号522号
张超,455592,18299694072,0,3703@sina.com,湖北省武汉市洪山区珞瑜路726号184号
胡玲,439971,13696461088,0,9706@qq.com,江苏省南京市建邺区江东中路229号572号
梁芳,059167,15643398457,1,1886@qq.com,陕西省西安市未央区某某街道850号
宋玲,905657,13330780656,1,5419@outlook.com,重庆市渝北区金开大道68号154号
林霞,483130,13824775963,1,7002@163.com,四川省成都市高新区天府五街200号793号
孙博,692388,13102797262,1,7111@outlook.com,河南省郑州市二七区大学路80号953号
宋明,311033,13148146775,1,8748@126.com,江苏省南京市建邺区江东中路229号591号
刘婷,628968,15764123354,1,500@hotmail.com,辽宁省大连市中山区人民路55号968号
刘浩,530278,13300001122,1,3686@163.com,广东省深圳市南山区科技园路8号971号
谢峰,372829,18891742468,1,587@foxmail.com,广东省深圳市南山区科技园路8号250号
罗伟,549278,15671209180,0,8920@hotmail.com,江苏省南京市建邺区江东中路229号101号
梁杰,670564,15865263692,1,2709@foxmail.com,湖南省长沙市雨花区劳动西路102号687号
赵涛,391807,18384835349,1,3608@hotmail.com,湖北省武汉市洪山区珞瑜路726号405号
赵静,063253,18339732810,1,9968@yahoo.com,吉林省长春市南关区人民大街123号804号
马鹏,137417,18330506514,0,6966@gmail.com,湖南省长沙市雨花区劳动西路102号920号
张丽,154449,13726584130,1,5577@outlook.com,山东省青岛市市南区香港中路11号450号
罗超,793102,18162612686,1,7374@outlook.com,天津市南开区卫津路94号625号
郭璐,666139,15887882704,1,8582@qq.com,江西省南昌市青山湖区北京东路456号802号
朱鹏,399478,13716316954,1,533@sina.com,天津市南开区卫津路94号487号
杨雪,853032,13055338471,1,8208@126.com,安徽省合肥市政务区潜山路111号925号
韩霞,864071,13947126590,0,1195@aliyun.com,重庆市渝北区金开大道68号168号
于娜,314031,18088738976,1,7258@qq.com,浙江省杭州市西湖区文二路188号444号
于健,794915,15676472612,1,2974@sina.com,山东省青岛市市南区香港中路11号709号
高洋,665791,13139658552,1,3713@aliyun.com,山东省青岛市市南区香港中路11号693号
胡伟,024233,13901636923,0,995@hotmail.com,陕西省西安市未央区某某街道194号
宋华,698842,15827950867,1,1316@126.com,陕西省西安市未央区某某街道559号
胡璐,314625,13993400089,0,4570@hotmail.com,天津市南开区卫津路94号848号
郑敏,571749,18888320306,1,4639@sina.com,安徽省合肥市政务区潜山路111号784号
宋伟,889841,18088044280,0,1523@gmail.com,河南省郑州市二七区大学路80号107号
冯艳,464862,15927129948,0,394@foxmail.com,浙江省杭州市西湖区文二路188号189号
孙敏,111164,13708055955,0,5487@aliyun.com,山东省青岛市市南区香港中路11号217号
王博,449259,15369720524,0,5731@aliyun.com,北京市海淀区中关村大街1号997号
唐军,113210,15879078501,0,3423@outlook.com,福建省厦门市思明区中山路400号502号
张勇,005063,18696525182,0,578@foxmail.com,安徽省合肥市政务区潜山路111号352号
宋娜,429923,15829603759,1,8327@hotmail.com,河南省郑州市二七区大学路80号854号
韩雪,352640,18604772684,1,3208@outlook.com,吉林省长春市南关区人民大街123号179号
陈霞,336628,13566775572,1,9256@aliyun.com,天津市南开区卫津路94号619号
韩健,792288,15709501800,1,1235@hotmail.com,浙江省杭州市西湖区文二路188号131号
朱艳,556918,18381998891,1,9374@126.com,湖南省长沙市雨花区劳动西路102号488号
郑峰,671988,13389689773,1,1910@163.com,辽宁省大连市中山区人民路55号336号
马辉,578175,15169142779,0,5177@foxmail.com,湖北省武汉市洪山区珞瑜路726号296号
孙磊,084800,13839772476,1,11@126.com,江西省南昌市青山湖区北京东路456号671号
徐宇,057802,15006109759,1,5928@gmail.com,辽宁省大连市中山区人民路55号646号
李文,212125,18776876506,1,7396@gmail.com,四川省成都市高新区天府五街200号473号
谢杰,516772,15761617642,0,4093@163.com,山东省青岛市市南区香港中路11号488号
郭娜,953604,18470393907,1,492@163.com,湖南省长沙市雨花区劳动西路102号10号
梁文,674266,13003390996,1,7532@yahoo.com,湖南省长沙市雨花区劳动西路102号285号
马平,876374,15841538707,1,1105@gmail.com,四川省成都市高新区天府五街200号577号
杨艳,520880,18893081972,1,6976@outlook.com,湖北省武汉市洪山区珞瑜路726号212号
张勇,015192,15377449900,1,7313@aliyun.com,浙江省杭州市西湖区文二路188号375号
韩文,553389,18424050192,1,3616@aliyun.com,重庆市渝北区金开大道68号685号
马洋,735204,13302100795,1,7181@outlook.com,辽宁省大连市中山区人民路55号231号
黄明,894828,15920198894,1,4095@qq.com,上海市静安区南京西路1266号36号
郭华,855405,13185826521,1,3006@qq.com,江西省南昌市青山湖区北京东路456号625号
吴杰,575455,13044484912,0,496@hotmail.com,山东省青岛市市南区香港中路11号480号
萧婷,303796,15644046874,1,5010@foxmail.com,上海市静安区南京西路1266号632号
高洋,286524,13198292188,0,8861@126.com,上海市静安区南京西路1266号969号
陈悦,595983,18472443931,0,6932@163.com,安徽省合肥市政务区潜山路111号683号
朱超,635599,18994660352,1,4493@outlook.com,吉林省长春市南关区人民大街123号457号
孙磊,938175,18727042079,0,2959@gmail.com,浙江省杭州市西湖区文二路188号941号
马军,527443,15207912737,1,5861@aliyun.com,吉林省长春市南关区人民大街123号486号
王涛,419152,15055338923,0,6931@qq.com,上海市静安区南京西路1266号299号
高峰,105059,15358753551,1,2848@foxmail.com,广东省深圳市南山区科技园路8号638号
黄宇,957391,18899570158,1,3347@hotmail.com,四川省成都市高新区天府五街200号553号
李磊,445905,15048983937,0,7526@gmail.com,浙江省杭州市西湖区文二路188号855号
董凯,163293,15586932304,0,9545@aliyun.com,江西省南昌市青山湖区北京东路456号677号
陈磊,520634,13371818882,0,2248@aliyun.com,黑龙江省哈尔滨市道里区中央大街99号483号
周悦,090394,15280116345,0,6488@foxmail.com,湖南省长沙市雨花区劳动西路102号702号
林芳,371962,13040664326,0,1919@hotmail.com,上海市静安区南京西路1266号574号
王洋,349682,18913250333,0,663@outlook.com,北京市海淀区中关村大街1号708号
郑敏,046767,13058158696,0,2902@qq.com,福建省厦门市思明区中山路400号500号
朱博,619339,15661652375,0,8870@outlook.com,北京市海淀区中关村大街1号762号
高涛,439634,13161774492,1,5464@163.com,陕西省西安市雁塔区科技路88号224号
宋雪,785512,13467480508,1,308@gmail.com,上海市静安区南京西路1266号545号
吴霞,874822,18682552811,0,5284@163.com,辽宁省大连市中山区人民路55号624号
朱桂英,171553,15844994488,1,7079@foxmail.com,江西省南昌市青山湖区北京东路456号53号
何欣,215001,15145413357,1,825@126.com,四川省成都市高新区天府五街200号477号
王健,052202,13705410482,1,9210@foxmail.com,黑龙江省哈尔滨市道里区中央大街99号259号
萧敏,694646,18675483948,1,7660@126.com,山东省青岛市市南区香港中路11号6号
萧桂英,691761,13747479845,0,5930@163.com,北京市海淀区中关村大街1号65号
宋丽,072608,18149335096,1,8217@126.com,陕西省西安市未央区某某街道9号
杨华,951368,15358962334,1,4877@163.com,河南省郑州市二七区大学路80号300号
董军,280401,13502414658,1,7435@outlook.com,福建省厦门市思明区中山路400号373号
何静,370630,18454206991,1,8816@hotmail.com,重庆市渝北区金开大道68号602号
于伟,153863,18057326830,0,630@126.com,陕西省西安市未央区某某街道314号
宋静,243044,15520284602,1,5484@163.com,辽宁省大连市中山区人民路55号115号
谢丽,571091,18224226001,1,8867@yahoo.com,四川省成都市高新区天府五街200号197号
于宇,184871,13650239122,1,6131@aliyun.com,河南省郑州市二七区大学路80号897号
梁娟,184852,13577537088,1,6078@outlook.com,陕西省西安市雁塔区科技路88号468号
韩宇,108618,15039770958,0,47@sina.com,福建省厦门市思明区中山路400号429号
周雪,584710,13714771638,1,902@sina.com,吉林省长春市南关区人民大街123号864号
于凯,101816,13674875441,1,8854@foxmail.com,四川省成都市高新区天府五街200号841号
郭辉,299952,18860038470,1,1607@outlook.com,陕西省西安市雁塔区科技路88号688号
郑静,507740,13335988409,0,6463@126.com,陕西省西安市未央区某某街道137号
朱华,293711,15228535019,0,4485@gmail.com,辽宁省大连市中山区人民路55号974号
胡勇,319481,18389102046,0,2486@gmail.com,四川省成都市高新区天府五街200号860号
冯博,180160,15012858807,1,3904@outlook.com,广东省深圳市南山区科技园路8号547号
王辉,149609,13796070817,0,3588@yahoo.com,江西省南昌市青山湖区北京东路456号880号
周雪,987672,15331153536,1,7156@sina.com,浙江省杭州市西湖区文二路188号210号
郭强,356076,15010860946,1,6494@hotmail.com,河南省郑州市二七区大学路80号611号
萧霞,382046,18182845384,1,6467@hotmail.com,重庆市渝北区金开大道68号306号
刘军,546654,18612000161,1,7880@163.com,河南省郑州市二七区大学路80号228号
王辉,428314,18413412435,1,2168@126.com,浙江省杭州市西湖区文二路188号678号
董秀兰,643859,15383199189,1,6873@gmail.com,安徽省合肥市政务区潜山路111号216号
李辉,967731,15799743313,0,3814@sina.com,安徽省合肥市政务区潜山路111号77号
于平,674710,18567392585,1,7881@sina.com,河南省郑州市二七区大学路80号7号
朱辉,295174,15102734260,0,8479@163.com,上海市静安区南京西路1266号970号
董鹏,712407,13473565474,0,2@yahoo.com,天津市南开区卫津路94号158号
刘涛,628274,13323131126,1,5406@gmail.com,重庆市渝北区金开大道68号856号
宋霞,003340,15781668183,1,5661@126.com,辽宁省大连市中山区人民路55号155号
谢辉,065999,13861191421,0,4299@outlook.com,天津市南开区卫津路94号804号
林敏,511364,18101150290,1,8039@qq.com,安徽省合肥市政务区潜山路111号179号
梁杰,701427,18481843741,0,992@163.com,湖南省长沙市雨花区劳动西路102号790号
冯宇,616945,15235429590,0,9887@126.com,河南省郑州市二七区大学路80号411号
罗峰,786518,15189311788,0,2380@126.com,山东省青岛市市南区香港中路11号110号
董瑶,897393,13383384585,1,3419@foxmail.com,江苏省南京市建邺区江东中路229号578号
徐芳,853930,15975540083,0,9765@outlook.com,重庆市渝北区金开大道68号694号
李辉,697176,18996164822,1,9143@126.com,黑龙江省哈尔滨市道里区中央大街99号818号
郑杰,840946,15723423874,1,2968@163.com,陕西省西安市未央区某某街道120号
朱桂英,903036,18342866980,0,9530@foxmail.com,北京市海淀区中关村大街1号105号
徐娟,983874,15946040821,1,55@126.com,辽宁省大连市中山区人民路55号773号
宋刚,574349,18914504922,1,1704@outlook.com,黑龙江省哈尔滨市道里区中央大街99号515号
郑鹏,456091,15129293147,0,5145@hotmail.com,安徽省合肥市政务区潜山路111号419号
马芳,861107,13566617373,1,1782@yahoo.com,黑龙江省哈尔滨市道里区中央大街99号15号
董强,981338,15799149699,1,8845@sina.com,辽宁省大连市中山区人民路55号732号
梁伟,265221,13305107696,1,9490@126.com,河南省郑州市二七区大学路80号689号
朱凯,131123,13718624443,1,9458@qq.com,浙江省杭州市西湖区文二路188号255号
何军,190926,15600903130,1,7406@yahoo.com,浙江省杭州市西湖区文二路188号729号
郑静,062171,15898660385,0,8112@163.com,四川省成都市高新区天府五街200号382号
吴明,101232,15644104811,1,774@sina.com,河南省郑州市二七区大学路80号117号
刘浩,756785,18362134661,0,5262@yahoo.com,广东省深圳市南山区科技园路8号177号
梁文,854553,13360294588,0,9920@gmail.com,江西省南昌市青山湖区北京东路456号173号
郭峰,058037,15325776653,0,5449@outlook.com,重庆市渝北区金开大道68号938号
黄丽,133418,18404584593,1,4072@126.com,湖北省武汉市洪山区珞瑜路726号222号
郭俊,607658,15051143131,1,1207@aliyun.com,吉林省长春市南关区人民大街123号23号
马敏,051631,15220979204,0,8820@foxmail.com,山东省青岛市市南区香港中路11号335号
董浩,037108,18003223070,0,9096@outlook.com,辽宁省大连市中山区人民路55号932号
赵洋,288528,15175246570,1,7663@aliyun.com,湖南省长沙市雨花区劳动西路102号155号
徐娜,722685,18284905382,0,7134@gmail.com,湖北省武汉市洪山区珞瑜路726号605号
梁桂英,785057,18771542414,0,7113@outlook.com,浙江省杭州市西湖区文二路188号138号
萧军,449283,13590971349,0,9714@aliyun.com,四川省成都市高新区天府五街200号406号
马勇,105646,18259847082,0,8761@aliyun.com,北京市海淀区中关村大街1号385号
赵超,664154,13130816726,1,5933@sina.com,上海市静安区南京西路1266号765号
刘婷,088628,13553116566,0,5564@aliyun.com,陕西省西安市雁塔区科技路88号44号
吴涛,350332,13516319319,1,5959@qq.com,辽宁省大连市中山区人民路55号267号
何雪,922326,13326889621,0,5387@sina.com,吉林省长春市南关区人民大街123号105号
董博,677231,15068496036,0,8053@hotmail.com,北京市海淀区中关村大街1号298号
朱静,144841,18922566878,0,3748@aliyun.com,陕西省西安市未央区某某街道750号
胡超,064297,13567195653,0,4622@hotmail.com,浙江省杭州市西湖区文二路188号372号
黄健,900876,18986327689,1,8837@126.com,吉林省长春市南关区人民大街123号518号
何华,910576,13566905832,0,9525@foxmail.com,浙江省杭州市西湖区文二路188号75号
孙浩,615384,15376303096,0,5690@yahoo.com,福建省厦门市思明区中山路400号93号
于雪,972508,13006213463,0,2319@gmail.com,四川省成都市高新区天府五街200号567号
陈瑶,904478,15957199776,0,1235@126.com,江西省南昌市青山湖区北京东路456号554号
宋勇,967554,13348921050,1,5146@sina.com,上海市静安区南京西路1266号13号
谢平,427988,13518069261,1,9428@foxmail.com,天津市南开区卫津路94号620号
孙瑶,886631,15841591637,0,1308@126.com,浙江省杭州市西湖区文二路188号527号
吴磊,351632,18721983816,0,9327@gmail.com,广东省深圳市南山区科技园路8号606号
黄玲,811075,13902849048,0,2364@163.com,江苏省南京市建邺区江东中路229号990号
韩健,130931,13098241707,1,417@hotmail.com,陕西省西安市未央区某某街道353号
胡辉,119031,15059267978,1,2715@163.com,安徽省合肥市政务区潜山路111号88号
李浩,893940,13995706645,0,4948@qq.com,辽宁省大连市中山区人民路55号923号
高洋,892792,18896439684,0,5212@sina.com,福建省厦门市思明区中山路400号789号
谢博,903558,18009792557,0,5488@aliyun.com,辽宁省大连市中山区人民路55号781号
郭艳,678098,13502048703,1,2099@outlook.com,河南省郑州市二七区大学路80号980号
董秀兰,439576,18545508035,0,8444@qq.com,湖北省武汉市洪山区珞瑜路726号732号
朱浩,192467,18006364218,0,3591@hotmail.com,河南省郑州市二七区大学路80号62号
朱瑶,428547,18048900684,0,5130@yahoo.com,上海市静安区南京西路1266号666号
赵强,723691,18859449371,1,5346@outlook.com,湖北省武汉市洪山区珞瑜路726号910号
周俊,962073,13176452022,1,8457@foxmail.com,浙江省杭州市西湖区文二路188号890号
郑桂英,000672,13099873864,1,6918@sina.com,辽宁省大连市中山区人民路55号726号
周博,414179,15124497917,0,5631@aliyun.com,湖南省长沙市雨花区劳动西路102号962号
孙刚,702112,13406830963,0,6728@outlook.com,湖南省长沙市雨花区劳动西路102号963号
孙瑶,584980,13529368249,0,1266@gmail.com,广东省深圳市南山区科技园路8号787号
吴刚,147596,13248820941,1,5540@aliyun.com,广东省深圳市南山区科技园路8号310号
于健,023078,18990083551,1,8494@aliyun.com,重庆市渝北区金开大道68号867号
胡杰,262032,13360970178,1,627@yahoo.com,辽宁省大连市中山区人民路55号662号
梁健,325563,13885384868,0,5444@sina.com,湖北省武汉市洪山区珞瑜路726号42号
徐杰,843921,13048529019,0,476@126.com,四川省成都市高新区天府五街200号436号
李洋,265203,18127362141,0,8140@163.com,北京市海淀区中关村大街1号26号
陈丽,483546,13926087953,0,9575@yahoo.com,辽宁省大连市中山区人民路55号336号
何磊,319878,15246892276,0,4297@hotmail.com,北京市海淀区中关村大街1号369号
李丽,132481,15061787103,1,3598@foxmail.com,河南省郑州市二七区大学路80号440号
杨秀兰,172957,13515119293,0,8695@hotmail.com,广东省深圳市南山区科技园路8号504号
胡刚,982837,15968877566,1,1272@163.com,重庆市渝北区金开大道68号417号
黄瑶,723904,13400677127,1,101@126.com,北京市海淀区中关村大街1号36号
萧娟,470958,18519377712,1,2845@aliyun.com,福建省厦门市思明区中山路400号851号
谢明,710465,15071846230,1,5812@126.com,重庆市渝北区金开大道68号502号
吴凯,472233,18933310738,0,422@outlook.com,重庆市渝北区金开大道68号918号
韩芳,802561,13906113577,1,2108@aliyun.com,黑龙江省哈尔滨市道里区中央大街99号995号
梁欣,560243,18100888389,0,8631@aliyun.com,北京市海淀区中关村大街1号918号
冯超,098826,15570587667,0,4883@126.com,北京市海淀区中关村大街1号396号
董涛,212776,18421692614,0,1973@163.com,河南省郑州市二七区大学路80号508号
韩凯,234875,13990561828,0,3201@sina.com,辽宁省大连市中山区人民路55号371号
朱勇,549154,18605897160,0,1440@aliyun.com,福建省厦门市思明区中山路400号476号
谢敏,248854,15121054209,1,2882@hotmail.com,山东省青岛市市南区香港中路11号713号
宋艳,854091,15741314648,1,3127@foxmail.com,辽宁省大连市中山区人民路55号565号
罗勇,085101,13758659107,0,8984@gmail.com,陕西省西安市雁塔区科技路88号646号
郑瑶,750857,15654154862,1,844@163.com,安徽省合肥市政务区潜山路111号372号
萧宇,674611,15705922361,1,9408@yahoo.com,湖南省长沙市雨花区劳动西路102号530号
董玲,823724,13336609564,0,8071@aliyun.com,陕西省西安市雁塔区科技路88号459号
孙霞,951285,13116904924,1,9100@outlook.com,陕西省西安市未央区某某街道854号
刘涛,195810,18723205489,0,377@qq.com,吉林省长春市南关区人民大街123号212号
徐博,477250,18545826141,1,5145@hotmail.com,上海市静安区南京西路1266号425号
萧平,437788,15232234363,1,2500@qq.com,江苏省南京市建邺区江东中路229号848号
刘俊,453441,13166595894,0,2652@outlook.com,北京市海淀区中关村大街1号173号
韩瑶,110231,15256574605,1,7398@hotmail.com,河南省郑州市二七区大学路80号622号
刘璐,988796,13834754500,0,9504@gmail.com,湖北省武汉市洪山区珞瑜路726号589号
于丽,138114,15729456322,0,9927@gmail.com,四川省成都市高新区天府五街200号593号
高涛,157541,13075616571,1,1663@sina.com,重庆市渝北区金开大道68号172号
林婷,268336,15755490306,0,8867@aliyun.com,辽宁省大连市中山区人民路55号186号
陈浩,135059,15936896260,0,2586@126.com,吉林省长春市南关区人民大街123号539号
宋静,468240,13220217029,0,6690@yahoo.com,江西省南昌市青山湖区北京东路456号225号
张辉,158408,18154291845,1,9815@126.com,广东省深圳市南山区科技园路8号957号
马凯,955226,18547052696,0,790@outlook.com,天津市南开区卫津路94号901号
杨平,977584,15234475734,0,1222@126.com,湖南省长沙市雨花区劳动西路102号211号
刘艳,799138,15711557790,0,3911@sina.com,安徽省合肥市政务区潜山路111号911号
杨明,943095,15814714616,0,4066@163.com,黑龙江省哈尔滨市道里区中央大街99号193号
何军,323348,15100473199,1,389@hotmail.com,重庆市渝北区金开大道68号232号
高凯,120603,18359906899,1,8937@163.com,北京市海淀区中关村大街1号836号
吴秀兰,336693,15528322345,0,8833@yahoo.com,天津市南开区卫津路94号149号
董玲,448860,18030140503,0,9068@outlook.com,浙江省杭州市西湖区文二路188号174号
谢艳,893303,13312696010,1,5382@foxmail.com,四川省成都市高新区天府五街200号585号
郑勇,144505,15768856306,1,6758@aliyun.com,广东省深圳市南山区科技园路8号323号
林勇,629120,18487766413,1,9105@163.com,北京市海淀区中关村大街1号312号
高博,688265,13750023311,0,8770@foxmail.com,陕西省西安市雁塔区科技路88号511号
唐丽,419106,18610314073,0,3087@aliyun.com,黑龙江省哈尔滨市道里区中央大街99号816号
胡雪,389358,15736898373,1,6924@126.com,四川省成都市高新区天府五街200号289号
高涛,274227,13846096573,0,5288@hotmail.com,北京市海淀区中关村大街1号399号
赵婷,067437,13408088411,1,849@outlook.com,安徽省合肥市政务区潜山路111号92号
吴婷,980609,15942177661,0,9116@hotmail.com,黑龙江省哈尔滨市道里区中央大街99号726号
宋刚,667810,13218482809,1,5385@qq.com,山东省青岛市市南区香港中路11号786号
于婷,362762,13785992803,1,6892@gmail.com,天津市南开区卫津路94号377号
胡悦,504936,18383807857,0,3740@foxmail.com,安徽省合肥市政务区潜山路111号195号
董静,831929,18131958774,0,2828@gmail.com,福建省厦门市思明区中山路400号768号
萧秀兰,010209,18144197564,1,4283@qq.com,天津市南开区卫津路94号182号
李雪,701197,15142664664,0,6618@qq.com,浙江省杭州市西湖区文二路188号517号
徐洋,245371,18999240387,0,8027@aliyun.com,江苏省南京市建邺区江东中路229号744号
胡丽,968945,18159631389,1,2935@foxmail.com,天津市南开区卫津路94号232号
罗秀兰,354972,15853507119,1,2342@yahoo.com,吉林省长春市南关区人民大街123号34号
王欣,498150,13102583814,1,3801@163.com,广东省深圳市南山区科技园路8号866号
徐磊,750999,15607979435,1,8735@foxmail.com,黑龙江省哈尔滨市道里区中央大街99号972号
马娜,068735,13048283833,0,8559@sina.com,安徽省合肥市政务区潜山路111号393号
于欣,137676,13317770674,1,2465@gmail.com,陕西省西安市雁塔区科技路88号436号
于静,215903,13977553530,0,789@163.com,北京市海淀区中关村大街1号866号
孙俊,045718,18056607660,0,8675@gmail.com,黑龙江省哈尔滨市道里区中央大街99号288号
高军,555565,18256603205,1,257@yahoo.com,福建省厦门市思明区中山路400号608号
唐桂英,986358,13596832283,1,9578@aliyun.com,江西省南昌市青山湖区北京东路456号179号
何伟,296950,13771707820,1,9247@hotmail.com,天津市南开区卫津路94号192号
郑文,667464,13248793800,0,7037@hotmail.com,浙江省杭州市西湖区文二路188号868号
徐明,193383,13020488046,1,5016@foxmail.com,吉林省长春市南关区人民大街123号796号
胡敏,813320,15983895932,0,7480@hotmail.com,吉林省长春市南关区人民大街123号158号
林峰,651167,13369250041,1,3327@163.com,上海市静安区南京西路1266号687号
罗俊,371685,15372170196,1,2947@gmail.com,辽宁省大连市中山区人民路55号400号
唐欣,212100,13813758037,0,6045@qq.com,陕西省西安市雁塔区科技路88号775号
马磊,518434,18409769482,1,7040@yahoo.com,重庆市渝北区金开大道68号493号
于璐,155285,13182883812,0,4308@sina.com,江西省南昌市青山湖区北京东路456号914号
梁磊,408608,13574540379,0,5642@126.com,安徽省合肥市政务区潜山路111号205号
马欣,619501,13234306523,0,6174@qq.com,天津市南开区卫津路94号147号
刘秀兰,604978,18564376807,1,4224@qq.com,湖北省武汉市洪山区珞瑜路726号194号
林瑶,183517,18591293727,1,6890@163.com,河南省郑州市二七区大学路80号143号
周浩,548316,18326575817,0,7017@163.com,山东省青岛市市南区香港中路11号599号
刘平,465134,15850081038,0,4168@sina.com,上海市静安区南京西路1266号182号
韩涛,913846,13025772395,0,9289@qq.com,辽宁省大连市中山区人民路55号469号
韩桂英,058457,15144133308,1,6085@aliyun.com,陕西省西安市未央区某某街道870号
唐涛,014135,18572372071,1,2523@sina.com,浙江省杭州市西湖区文二路188号596号
朱刚,831895,18617554815,1,2563@aliyun.com,浙江省杭州市西湖区文二路188号619号
高欣,684005,18347904042,1,857@hotmail.com,山东省青岛市市南区香港中路11号565号
吴雪,184133,18424665316,0,287@sina.com,广东省深圳市南山区科技园路8号789号
张婷,274051,18354243462,1,9235@qq.com,黑龙江省哈尔滨市道里区中央大街99号910号
胡欣,517069,15819649868,1,3130@outlook.com,浙江省杭州市西湖区文二路188号332号
朱瑶,868008,13350805495,1,9461@yahoo.com,上海市静安区南京西路1266号693号
萧瑶,071761,15538948452,0,2922@163.com,黑龙江省哈尔滨市道里区中央大街99号150号
赵俊,664277,13104987921,0,3689@sina.com,天津市南开区卫津路94号598号
谢娟,045875,13794972303,0,7013@aliyun.com,山东省青岛市市南区香港中路11号891号
董桂英,904515,15318804455,1,4980@hotmail.com,浙江省杭州市西湖区文二路188号403号
吴健,720218,18235694047,0,1971@qq.com,广东省深圳市南山区科技园路8号913号
韩璐,809590,18036669088,1,1841@sina.com,广东省深圳市南山区科技园路8号930号
黄博,575408,18800336544,0,6131@qq.com,吉林省长春市南关区人民大街123号458号
陈宇,958417,13508347569,1,9111@aliyun.com,黑龙江省哈尔滨市道里区中央大街99号313号
郑玲,923206,18642391953,0,9733@sina.com,黑龙江省哈尔滨市道里区中央大街99号224号
何杰,989750,18095347912,0,2171@163.com,陕西省西安市雁塔区科技路88号983号
郭娟,463133,18652244547,0,9032@hotmail.com,江苏省南京市建邺区江东中路229号398号
郭璐,352492,13131329142,0,1605@126.com,吉林省长春市南关区人民大街123号93号
冯文,441275,18319396133,1,7110@foxmail.com,陕西省西安市雁塔区科技路88号286号
韩文,494431,18402391035,1,4661@outlook.com,安徽省合肥市政务区潜山路111号622号
杨健,686924,15221944804,0,9584@gmail.com,天津市南开区卫津路94号190号
周欣,721067,13799013827,0,8276@outlook.com,四川省成都市高新区天府五街200号390号
李刚,708859,18716784647,0,3586@gmail.com,江苏省南京市建邺区江东中路229号447号
郑平,675974,15746189427,1,2366@outlook.com,江西省南昌市青山湖区北京东路456号868号
唐悦,945399,15152758732,0,8159@qq.com,四川省成都市高新区天府五街200号940号
谢强,592516,15563130887,1,3204@hotmail.com,广东省深圳市南山区科技园路8号53号
陈娜,343839,15253795785,0,6049@foxmail.com,天津市南开区卫津路94号245号
唐华,885885,13989514634,0,5750@163.com,山东省青岛市市南区香港中路11号221号
罗娜,503299,13381125974,1,6390@aliyun.com,北京市海淀区中关村大街1号921号
梁涛,988946,13493895391,1,1732@aliyun.com,湖南省长沙市雨花区劳动西路102号923号
于伟,093422,13122755822,0,4166@hotmail.com,山东省青岛市市南区香港中路11号896号
韩敏,948453,15266152885,0,4928@gmail.com,上海市静安区南京西路1266号857号
王瑶,687408,15518139690,0,8834@hotmail.com,福建省厦门市思明区中山路400号111号
王军,677490,15214561795,1,7174@hotmail.com,天津市南开区卫津路94号47号
董瑶,182426,18737448050,1,4661@qq.com,浙江省杭州市西湖区文二路188号964号
周伟,412576,15949782716,1,9976@hotmail.com,天津市南开区卫津路94号622号
刘欣,892512,18853135649,1,1859@foxmail.com,湖南省长沙市雨花区劳动西路102号95号
张凯,823814,15791006512,1,3551@outlook.com,陕西省西安市雁塔区科技路88号727号
宋霞,808854,13436841393,1,6033@foxmail.com,北京市海淀区中关村大街1号831号
张瑶,610788,13719220268,1,9584@gmail.com,辽宁省大连市中山区人民路55号408号
陈秀兰,405248,13154716999,0,5959@hotmail.com,重庆市渝北区金开大道68号292号
韩丽,601115,18427279904,1,456@163.com,广东省深圳市南山区科技园路8号59号
郑悦,847831,18636513085,0,4865@qq.com,山东省青岛市市南区香港中路11号627号
赵强,464170,13356335837,1,2341@aliyun.com,重庆市渝北区金开大道68号184号
杨勇,705430,18545625568,0,1634@hotmail.com,河南省郑州市二七区大学路80号588号
周涛,365735,15378957983,1,8721@sina.com,辽宁省大连市中山区人民路55号330号
唐明,553573,13716036573,1,4397@yahoo.com,北京市海淀区中关村大街1号137号
张宇,185221,15633402580,0,6655@hotmail.com,北京市海淀区中关村大街1号264号
于勇,663272,13028415421,0,379@aliyun.com,山东省青岛市市南区香港中路11号297号
张军,644330,15987896344,1,3636@126.com,陕西省西安市未央区某某街道757号
于杰,815004,15142588956,1,7018@yahoo.com,湖北省武汉市洪山区珞瑜路726号503号
郑玲,791759,13934356530,1,4214@163.com,江苏省南京市建邺区江东中路229号431号
朱敏,259845,13831517332,0,6180@outlook.com,天津市南开区卫津路94号679号
于霞,488182,13037373694,1,1047@outlook.com,黑龙江省哈尔滨市道里区中央大街99号200号
宋洋,357637,13987919745,1,2798@163.com,广东省深圳市南山区科技园路8号278号
朱刚,785918,13084106643,0,4738@qq.com,黑龙江省哈尔滨市道里区中央大街99号196号
吴悦,335348,13231968692,1,8471@yahoo.com,福建省厦门市思明区中山路400号791号
陈伟,157131,15324198663,0,2938@sina.com,浙江省杭州市西湖区文二路188号598号
王伟,150027,13283370535,1,913@aliyun.com,四川省成都市高新区天府五街200号769号
何丽,628181,18872796698,1,8426@sina.com,辽宁省大连市中山区人民路55号976号
张博,107766,15235300989,0,4121@qq.com,陕西省西安市雁塔区科技路88号350号
梁伟,772314,18837871951,1,6911@yahoo.com,黑龙江省哈尔滨市道里区中央大街99号969号
冯勇,456348,15312296505,0,1506@qq.com,河南省郑州市二七区大学路80号675号
朱华,582135,18870887660,1,8621@qq.com,浙江省杭州市西湖区文二路188号132号
何浩,206073,13248571183,1,381@qq.com,山东省青岛市市南区香港中路11号401号
萧悦,688491,15829474994,1,1400@outlook.com,河南省郑州市二七区大学路80号806号
郑明,435422,18752120260,0,5042@aliyun.com,陕西省西安市雁塔区科技路88号530号
林刚,199189,13130937661,1,7838@gmail.com,辽宁省大连市中山区人民路55号635号
吴涛,211804,18833677723,0,7543@gmail.com,北京市海淀区中关村大街1号593号
郑凯,367065,13247211510,0,3738@qq.com,重庆市渝北区金开大道68号677号
王静,635402,13116052896,1,4464@foxmail.com,黑龙江省哈尔滨市道里区中央大街99号186号
黄丽,130375,13572171335,1,72@gmail.com,天津市南开区卫津路94号928号
王霞,528217,13876879005,0,5834@163.com,辽宁省大连市中山区人民路55号709号
李悦,623097,15032328604,1,545@aliyun.com,广东省深圳市南山区科技园路8号10号
梁娜,671016,18406162601,0,1825@foxmail.com,山东省青岛市市南区香港中路11号476号
刘磊,186679,13977503485,0,2962@yahoo.com,广东省深圳市南山区科技园路8号184号
何霞,693651,18015384243,0,655@126.com,辽宁省大连市中山区人民路55号267号
王玲,127962,13765393980,1,9389@outlook.com,北京市海淀区中关村大街1号330号
谢瑶,494631,15727076173,0,8218@sina.com,上海市静安区南京西路1266号739号
董瑶,240826,13213398535,0,6334@qq.com,天津市南开区卫津路94号715号
胡霞,938236,18246407767,1,1811@126.com,河南省郑州市二七区大学路80号666号
张洋,527015,15000288278,0,2041@126.com,湖南省长沙市雨花区劳动西路102号465号
董敏,976600,15955830633,0,8189@outlook.com,天津市南开区卫津路94号859号
孙勇,471993,15699108087,0,6475@yahoo.com,安徽省合肥市政务区潜山路111号217号
王艳,766626,15268630688,1,6589@aliyun.com,辽宁省大连市中山区人民路55号462号
萧欣,421289,13040272508,0,3563@163.com,安徽省合肥市政务区潜山路111号931号
罗欣,406855,13840119975,0,4413@yahoo.com,北京市海淀区中关村大街1号987号
孙强,323277,13927406348,1,9577@gmail.com,北京市海淀区中关村大街1号710号
高凯,609303,18667510877,0,1418@foxmail.com,河南省郑州市二七区大学路80号827号
杨静,995497,18117306909,0,7254@foxmail.com,吉林省长春市南关区人民大街123号941号
何博,192887,18305758046,1,8526@foxmail.com,福建省厦门市思明区中山路400号244号
赵军,555688,13804388589,1,6074@aliyun.com,福建省厦门市思明区中山路400号112号
罗博,364602,13318143080,1,1590@yahoo.com,安徽省合肥市政务区潜山路111号780号
张伟,537074,18099869300,0,6604@163.com,江苏省南京市建邺区江东中路229号210号
何军,109560,13498463304,1,2269@outlook.com,福建省厦门市思明区中山路400号369号
黄超,957871,15121580216,1,6374@aliyun.com,湖北省武汉市洪山区珞瑜路726号313号
马峰,970022,18548338266,1,4440@163.com,江西省南昌市青山湖区北京东路456号359号
谢欣,922996,13487235009,0,4209@gmail.com,北京市海淀区中关村大街1号210号
朱凯,007910,18147353421,1,8025@gmail.com,湖北省武汉市洪山区珞瑜路726号488号
梁华,983141,15399476477,1,217@gmail.com,辽宁省大连市中山区人民路55号306号
何华,873526,18571044817,1,4793@foxmail.com,江西省南昌市青山湖区北京东路456号287号
罗伟,502660,18420314300,0,2970@163.com,四川省成都市高新区天府五街200号876号
郑明,631168,13442309399,1,5564@sina.com,陕西省西安市未央区某某街道188号
孙辉,900994,13630548905,0,5831@126.com,上海市静安区南京西路1266号351号
孙雪,854003,18483685226,0,8913@gmail.com,陕西省西安市未央区某某街道290号
朱博,320192,18084937976,1,1778@yahoo.com,四川省成都市高新区天府五街200号292号
林俊,569122,15543234402,0,1912@gmail.com,浙江省杭州市西湖区文二路188号107号
周娟,770081,13546250464,1,2478@hotmail.com,江西省南昌市青山湖区北京东路456号121号
刘秀兰,815131,18882726876,0,3920@126.com,重庆市渝北区金开大道68号72号
朱洋,266000,15640086286,0,7342@126.com,山东省青岛市市南区香港中路11号120号
杨婷,863265,18309327069,0,9441@foxmail.com,湖南省长沙市雨花区劳动西路102号964号
徐华,238103,18736380369,0,8603@sina.com,安徽省合肥市政务区潜山路111号363号
郑强,479374,18487809903,1,1605@qq.com,广东省深圳市南山区科技园路8号316号
黄勇,627590,15692475551,1,9735@yahoo.com,安徽省合肥市政务区潜山路111号491号
萧艳,382722,15328422623,1,6516@126.com,辽宁省大连市中山区人民路55号520号
周平,358369,13485712154,0,7414@yahoo.com,福建省厦门市思明区中山路400号927号
梁桂英,082583,13874202092,0,9838@126.com,北京市海淀区中关村大街1号316号
赵磊,397351,18608032997,1,6774@sina.com,四川省成都市高新区天府五街200号43号
陈秀兰,426454,18290921815,1,6771@outlook.com,广东省深圳市南山区科技园路8号714号
吴磊,012598,13873350061,1,7383@foxmail.com,湖北省武汉市洪山区珞瑜路726号935号
萧娟,770068,15191795708,0,6011@outlook.com,上海市静安区南京西路1266号473号
萧超,665347,13838615009,0,5774@126.com,安徽省合肥市政务区潜山路111号865号
于丽,592693,13813943708,0,8493@qq.com,河南省郑州市二七区大学路80号657号
萧艳,136186,18816236643,1,5339@outlook.com,四川省成都市高新区天府五街200号391号
孙艳,059524,13196839385,1,6928@hotmail.com,浙江省杭州市西湖区文二路188号73号
冯刚,830846,15698801950,1,9858@hotmail.com,吉林省长春市南关区人民大街123号320号
罗欣,659413,13027248269,1,5453@qq.com,陕西省西安市雁塔区科技路88号755号
罗璐,993491,18641891274,0,1216@outlook.com,陕西省西安市雁塔区科技路88号85号
何峰,018987,18446545981,0,9126@qq.com,天津市南开区卫津路94号986号
胡霞,189810,13278670378,0,4198@qq.com,浙江省杭州市西湖区文二路188号550号
朱璐,668870,18524874391,0,6270@outlook.com,江西省南昌市青山湖区北京东路456号398号
徐璐,140309,18981839061,0,9037@gmail.com,山东省青岛市市南区香港中路11号896号
郭洋,854691,18832023132,1,4494@126.com,吉林省长春市南关区人民大街123号400号
萧峰,110253,15261184746,1,2769@gmail.com,重庆市渝北区金开大道68号451号
郑宇,985676,15639318758,0,5080@163.com,黑龙江省哈尔滨市道里区中央大街99号581号
于磊,177817,13206795834,0,9967@hotmail.com,北京市海淀区中关村大街1号502号
张刚,875969,18315951998,1,5810@foxmail.com,四川省成都市高新区天府五街200号265号
冯华,261205,18895367963,1,5089@163.com,湖北省武汉市洪山区珞瑜路726号603号
李敏,422361,15184006973,1,171@yahoo.com,陕西省西安市雁塔区科技路88号374号
何刚,352044,13345353000,1,460@foxmail.com,吉林省长春市南关区人民大街123号556号
刘军,381090,18842725049,0,8840@yahoo.com,黑龙江省哈尔滨市道里区中央大街99号954号
马桂英,124907,18800887757,1,1928@hotmail.com,湖北省武汉市洪山区珞瑜路726号756号
马博,856166,15563031562,0,3254@yahoo.com,北京市海淀区中关村大街1号379号
梁刚,717219,18737512570,1,1627@aliyun.com,北京市海淀区中关村大街1号51号
罗辉,184274,13943495406,1,9365@foxmail.com,吉林省长春市南关区人民大街123号134号
于鹏,129836,13706495938,1,1236@126.com,湖南省长沙市雨花区劳动西路102号866号
孙瑶,455661,13135131837,0,5716@gmail.com,广东省深圳市南山区科技园路8号983号
韩丽,374474,13000384116,0,7100@hotmail.com,湖北省武汉市洪山区珞瑜路726号321号
赵超,165016,15614456685,0,955@sina.com,北京市海淀区中关村大街1号732号
马娜,460051,15722181541,1,4347@sina.com,浙江省杭州市西湖区文二路188号294号
马芳,796677,13465816329,0,5923@outlook.com,广东省深圳市南山区科技园路8号728号
吴峰,665021,15156972579,1,3249@163.com,河南省郑州市二七区大学路80号718号
黄婷,675489,13991075331,1,8992@126.com,江苏省南京市建邺区江东中路229号563号
罗勇,097660,13893219697,0,196@sina.com,江西省南昌市青山湖区北京东路456号822号
何磊,779610,18446152661,1,3265@sina.com,广东省深圳市南山区科技园路8号474号
胡宇,773967,13883445776,1,1248@163.com,福建省厦门市思明区中山路400号641号
张艳,796230,18129040406,0,9387@foxmail.com,黑龙江省哈尔滨市道里区中央大街99号77号
唐军,280226,15624086473,1,7330@foxmail.com,重庆市渝北区金开大道68号693号
吴强,369479,13165110593,1,4708@gmail.com,安徽省合肥市政务区潜山路111号956号
董玲,571494,18627482083,0,4223@126.com,四川省成都市高新区天府五街200号517号
徐婷,950587,15795965651,0,1709@gmail.com,重庆市渝北区金开大道68号43号
于文,522377,15872277332,1,1290@163.com,四川省成都市高新区天府五街200号693号
董娜,410770,18074032215,1,1765@outlook.com,上海市静安区南京西路1266号471号
黄静,518633,18728360963,1,3006@126.com,山东省青岛市市南区香港中路11号102号
黄刚,963926,15224969185,0,7400@163.com,重庆市渝北区金开大道68号854号
周平,892983,13601307670,1,133@foxmail.com,陕西省西安市雁塔区科技路88号662号
萧霞,408835,15932201823,1,6681@sina.com,湖南省长沙市雨花区劳动西路102号496号
林娟,552529,15004105471,0,5300@foxmail.com,福建省厦门市思明区中山路400号591号
吴悦,765113,18581131335,1,2432@gmail.com,安徽省合肥市政务区潜山路111号250号
于璐,265371,13435359783,1,9728@qq.com,陕西省西安市雁塔区科技路88号550号
李博,607073,13303835461,1,8093@163.com,黑龙江省哈尔滨市道里区中央大街99号374号
李辉,619867,15394614013,0,8049@126.com,重庆市渝北区金开大道68号851号
于博,029277,15179451376,1,3132@qq.com,北京市海淀区中关村大街1号630号
王霞,515537,15924766893,0,2032@hotmail.com,安徽省合肥市政务区潜山路111号602号
冯明,683979,13944734614,0,2461@gmail.com,辽宁省大连市中山区人民路55号563号
徐桂英,731231,15646932866,0,6161@hotmail.com,北京市海淀区中关村大街1号469号
于璐,571516,15204013926,0,6871@126.com,陕西省西安市未央区某某街道741号
马刚,038333,18068638887,0,2242@hotmail.com,陕西省西安市雁塔区科技路88号679号
刘欣,504239,18871441728,0,6767@qq.com,陕西省西安市未央区某某街道333号
赵雪,032314,18178962599,1,6801@sina.com,辽宁省大连市中山区人民路55号129号
萧明,857946,18923166535,1,6089@gmail.com,浙江省杭州市西湖区文二路188号798号
宋洋,424979,13591616932,0,5455@126.com,江苏省南京市建邺区江东中路229号21号
韩桂英,259113,15946502491,0,3762@gmail.com,上海市静安区南京西路1266号632号
于丽,218150,13778660979,0,4075@gmail.com,天津市南开区卫津路94号606号
董悦,437680,13710430003,1,6652@foxmail.com,北京市海淀区中关村大街1号379号
韩峰,778872,15594317009,0,9421@foxmail.com,辽宁省大连市中山区人民路55号482号
马文,430138,15615013662,0,5246@sina.com,吉林省长春市南关区人民大街123号767号
韩玲,242410,18561044140,1,3196@gmail.com,重庆市渝北区金开大道68号902号
杨悦,668789,13745035520,0,5692@outlook.com,山东省青岛市市南区香港中路11号772号
郭静,537730,15929115076,0,3218@outlook.com,江苏省南京市建邺区江东中路229号95号
徐婷,192931,18556486570,0,9031@hotmail.com,江西省南昌市青山湖区北京东路456号292号
郑明,607981,13111034780,0,7718@hotmail.com,河南省郑州市二七区大学路80号930号
萧杰,539403,13296262626,0,9311@gmail.com,安徽省合肥市政务区潜山路111号319号
吴超,873372,18213878380,1,2547@126.com,陕西省西安市未央区某某街道270号
李博,302174,13749602881,0,9410@aliyun.com,辽宁省大连市中山区人民路55号662号
徐娟,600485,13665004619,1,9488@hotmail.com,浙江省杭州市西湖区文二路188号125号
谢文,153027,15844097476,0,8878@163.com,重庆市渝北区金开大道68号694号
冯璐,911045,15722484448,1,8137@hotmail.com,湖北省武汉市洪山区珞瑜路726号881号
郑平,385208,15085666014,0,1379@163.com,四川省成都市高新区天府五街200号169号
唐刚,774637,15844512442,1,6027@qq.com,广东省深圳市南山区科技园路8号717号
赵芳,427981,13110903227,1,7470@aliyun.com,安徽省合肥市政务区潜山路111号504号
刘伟,268983,15055895896,1,5044@outlook.com,北京市海淀区中关村大街1号208号
王娜,116046,13310266767,0,3570@yahoo.com,四川省成都市高新区天府五街200号562号
梁宇,938868,18461879641,0,5423@yahoo.com,辽宁省大连市中山区人民路55号977号
梁文,053758,13733169642,1,367@sina.com,安徽省合肥市政务区潜山路111号569号
董伟,163876,18452116259,1,6120@aliyun.com,四川省成都市高新区天府五街200号751号
刘博,879203,15696010394,0,9929@gmail.com,浙江省杭州市西湖区文二路188号878号
林静,012304,18711210872,1,6530@hotmail.com,陕西省西安市雁塔区科技路88号375号
陈强,536063,13307272711,0,6735@gmail.com,湖北省武汉市洪山区珞瑜路726号20号
杨平,902555,15786967537,0,8069@outlook.com,黑龙江省哈尔滨市道里区中央大街99号677号
宋刚,783514,13532717747,1,9275@sina.com,江西省南昌市青山湖区北京东路456号463号
张璐,540915,13941565887,0,7433@qq.com,重庆市渝北区金开大道68号279号
宋秀兰,207887,18435236102,1,1307@qq.com,湖北省武汉市洪山区珞瑜路726号880号
赵平,646218,18296635114,1,4197@outlook.com,湖南省长沙市雨花区劳动西路102号285号
冯霞,437013,18104650005,0,3187@foxmail.com,陕西省西安市雁塔区科技路88号785号
刘婷,257909,18830740021,1,4856@sina.com,安徽省合肥市政务区潜山路111号192号
张欣,964086,18478495089,0,802@outlook.com,重庆市渝北区金开大道68号578号
冯敏,926684,13623605447,1,733@foxmail.com,北京市海淀区中关村大街1号702号
李华,399529,18805873903,1,4040@aliyun.com,山东省青岛市市南区香港中路11号278号
冯洋,009040,18806207794,1,4901@126.com,辽宁省大连市中山区人民路55号974号
林敏,975174,13510577309,1,6534@126.com,湖南省长沙市雨花区劳动西路102号313号
韩敏,767107,15874093791,0,901@126.com,安徽省合肥市政务区潜山路111号957号
韩俊,147708,15252252471,0,9657@yahoo.com,陕西省西安市雁塔区科技路88号328号
萧军,555371,15796948780,0,5834@sina.com,江苏省南京市建邺区江东中路229号854号
宋璐,224206,15936180987,1,4690@gmail.com,黑龙江省哈尔滨市道里区中央大街99号996号
郭桂英,689296,15245921432,1,5027@aliyun.com,天津市南开区卫津路94号51号
刘静,062654,13551181025,1,8154@hotmail.com,江西省南昌市青山湖区北京东路456号692号
谢秀兰,443916,13836809711,0,4040@163.com,北京市海淀区中关村大街1号934号
胡勇,301662,18028219540,0,5522@163.com,山东省青岛市市南区香港中路11号190号
吴明,565821,18773202591,0,5042@qq.com,四川省成都市高新区天府五街200号776号
胡健,784832,18638186531,1,313@hotmail.com,湖北省武汉市洪山区珞瑜路726号456号
冯静,376625,18317800695,0,1383@163.com,山东省青岛市市南区香港中路11号615号
刘勇,453425,18199754260,0,6834@outlook.com,河南省郑州市二七区大学路80号244号
黄伟,762189,15560738539,0,1121@sina.com,辽宁省大连市中山区人民路55号704号
何健,029364,15788413015,1,6494@163.com,上海市静安区南京西路1266号31号
宋宇,760505,18825461893,1,8875@outlook.com,湖南省长沙市雨花区劳动西路102号312号
吴桂英,679483,18748252134,0,1861@126.com,重庆市渝北区金开大道68号439号
吴俊,373450,13251283701,0,8135@foxmail.com,广东省深圳市南山区科技园路8号62号
陈华,399554,15909537974,1,8158@gmail.com,广东省深圳市南山区科技园路8号403号
马杰,762747,13060670905,1,7042@outlook.com,重庆市渝北区金开大道68号944号
李娟,392784,13572104458,0,1633@outlook.com,陕西省西安市雁塔区科技路88号977号
朱娟,226477,15546301725,0,7347@gmail.com,河南省郑州市二七区大学路80号655号
孙芳,245827,15231086129,1,603@sina.com,辽宁省大连市中山区人民路55号611号
韩刚,081082,18308030904,1,4696@aliyun.com,湖北省武汉市洪山区珞瑜路726号993号
王辉,607341,15244649705,1,3381@163.com,上海市静安区南京西路1266号875号
唐桂英,333340,18254922132,0,1009@foxmail.com,陕西省西安市未央区某某街道351号
陈文,779293,18693278029,1,4155@qq.com,天津市南开区卫津路94号510号
孙华,117039,18337699010,0,5869@aliyun.com,陕西省西安市未央区某某街道131号
董洋,709222,18806124347,1,7064@yahoo.com,四川省成都市高新区天府五街200号519号
何浩,401292,18302050791,0,1704@hotmail.com,黑龙江省哈尔滨市道里区中央大街99号242号
张桂英,391995,13417539720,1,515@outlook.com,四川省成都市高新区天府五街200号999号
郑洋,711237,18747158586,0,4861@qq.com,山东省青岛市市南区香港中路11号822号
王辉,099308,18958914120,1,8558@hotmail.com,湖北省武汉市洪山区珞瑜路726号456号
胡博,820167,18638537732,0,3455@outlook.com,江苏省南京市建邺区江东中路229号253号
谢婷,678183,15857165695,0,1343@qq.com,重庆市渝北区金开大道68号344号
罗璐,531684,13841892976,1,350@126.com,山东省青岛市市南区香港中路11号987号
郑明,917754,18168207021,0,7016@126.com,陕西省西安市未央区某某街道365号
杨辉,335816,15624305755,1,239@yahoo.com,湖南省长沙市雨花区劳动西路102号587号
高芳,421957,18861035958,0,9743@hotmail.com,河南省郑州市二七区大学路80号319号
于娜,726371,18839924535,0,6728@126.com,湖北省武汉市洪山区珞瑜路726号73号
陈涛,995035,13866107125,0,9960@outlook.com,吉林省长春市南关区人民大街123号833号
韩刚,685186,15811148019,1,4402@foxmail.com,河南省郑州市二七区大学路80号818号
谢磊,768622,15151355782,1,4864@sina.com,重庆市渝北区金开大道68号513号
李博,812065,18095939806,1,8157@gmail.com,吉林省长春市南关区人民大街123号859号
萧婷,912026,13855326504,0,2254@126.com,山东省青岛市市南区香港中路11号669号
林秀兰,610112,18030338620,1,2810@126.com,浙江省杭州市西湖区文二路188号862号
何俊,012199,18764413680,0,5733@sina.com,江西省南昌市青山湖区北京东路456号125号
张艳,150190,18366841051,1,5529@sina.com,陕西省西安市雁塔区科技路88号931号
罗玲,761799,18520681906,1,6035@yahoo.com,湖南省长沙市雨花区劳动西路102号307号
张杰,380966,18369828911,1,8894@gmail.com,陕西省西安市未央区某某街道188号
刘超,006973,13324884732,0,4962@qq.com,广东省深圳市南山区科技园路8号639号
孙雪,525284,13126430838,1,1891@sina.com,上海市静安区南京西路1266号438号
郭博,146146,13812102054,1,4049@aliyun.com,福建省厦门市思明区中山路400号808号
董秀兰,632533,13315892733,0,7134@hotmail.com,黑龙江省哈尔滨市道里区中央大街99号308号
马峰,299838,18097431000,0,580@yahoo.com,四川省成都市高新区天府五街200号435号
郑军,602578,13272266206,1,5683@outlook.com,江西省南昌市青山湖区北京东路456号980号
刘娟,769447,15876836358,1,8716@gmail.com,辽宁省大连市中山区人民路55号424号
孙娜,095212,13477842570,0,9767@foxmail.com,浙江省杭州市西湖区文二路188号161号
孙杰,637334,13611086813,1,8526@126.com,天津市南开区卫津路94号89号
董杰,070039,15894662225,1,3389@qq.com,河南省郑州市二七区大学路80号412号
刘洋,346229,18368283356,0,4720@sina.com,广东省深圳市南山区科技园路8号407号
黄雪,159275,18720372453,0,5457@outlook.com,广东省深圳市南山区科技园路8号419号
赵磊,045123,18644254632,1,9251@163.com,江苏省南京市建邺区江东中路229号651号
王芳,557133,13548644466,0,1738@outlook.com,湖北省武汉市洪山区珞瑜路726号11号
罗婷,368859,15098871831,1,4599@126.com,河南省郑州市二七区大学路80号552号
林静,239411,13587240470,0,596@163.com,广东省深圳市南山区科技园路8号743号
黄璐,457719,13137334336,1,797@gmail.com,北京市海淀区中关村大街1号832号
朱平,367260,13264604537,0,6599@aliyun.com,浙江省杭州市西湖区文二路188号243号
赵静,848256,13007837136,0,2454@sina.com,陕西省西安市雁塔区科技路88号469号
郑敏,239593,15778770808,1,9162@qq.com,河南省郑州市二七区大学路80号640号
胡平,332297,15230977997,1,5975@163.com,湖北省武汉市洪山区珞瑜路726号279号
谢伟,116335,15869662969,0,4357@gmail.com,陕西省西安市未央区某某街道400号
于静,905519,18084630945,0,1316@qq.com,福建省厦门市思明区中山路400号343号
吴涛,059384,15391055678,1,9087@gmail.com,重庆市渝北区金开大道68号158号
吴军,730199,13032281133,0,1884@yahoo.com,广东省深圳市南山区科技园路8号245号
罗桂英,462978,13720093762,0,2368@126.com,江西省南昌市青山湖区北京东路456号985号
周静,815420,13545355360,0,2247@126.com,上海市静安区南京西路1266号331号
王峰,993204,18288151447,0,741@qq.com,陕西省西安市未央区某某街道679号
郭浩,646779,18256294428,1,3516@hotmail.com,重庆市渝北区金开大道68号281号
杨瑶,496729,15330737863,0,8477@gmail.com,辽宁省大连市中山区人民路55号626号
陈霞,430742,13385668048,1,3293@gmail.com,河南省郑州市二七区大学路80号165号
朱秀兰,343259,13168251098,1,5923@outlook.com,四川省成都市高新区天府五街200号585号
谢俊,540199,18384733810,0,983@hotmail.com,湖南省长沙市雨花区劳动西路102号421号
马华,259917,15705089710,1,7932@outlook.com,上海市静安区南京西路1266号565号
张博,113450,13165234982,0,6594@hotmail.com,吉林省长春市南关区人民大街123号124号
周洋,096631,18303735622,1,8843@sina.com,北京市海淀区中关村大街1号992号
宋明,391711,13232945271,1,1272@yahoo.com,河南省郑州市二七区大学路80号644号
于霞,172993,15791047022,1,2172@sina.com,安徽省合肥市政务区潜山路111号937号
宋欣,693873,15861186674,1,2499@foxmail.com,黑龙江省哈尔滨市道里区中央大街99号290号
萧雪,615968,15816857673,1,3228@yahoo.com,辽宁省大连市中山区人民路55号116号
周雪,732755,18677454479,1,1328@yahoo.com,浙江省杭州市西湖区文二路188号980号
郑璐,653810,15819973213,1,4140@foxmail.com,浙江省杭州市西湖区文二路188号958号
唐峰,838423,15787474467,1,8767@hotmail.com,上海市静安区南京西路1266号625号
赵华,828446,18287303796,1,2877@hotmail.com,浙江省杭州市西湖区文二路188号79号
马勇,719383,15884797832,1,4157@qq.com,陕西省西安市未央区某某街道745号
何娜,844459,13672338322,1,2943@163.com,浙江省杭州市西湖区文二路188号81号
冯艳,532487,13408179776,0,3190@outlook.com,广东省深圳市南山区科技园路8号441号
林娟,213803,18686461693,0,6841@126.com,山东省青岛市市南区香港中路11号751号
张华,046912,13701989486,0,8550@gmail.com,上海市静安区南京西路1266号14号
何玲,147223,18512029915,1,1128@aliyun.com,辽宁省大连市中山区人民路55号918号
冯杰,788823,18588269255,0,3264@aliyun.com,上海市静安区南京西路1266号406号
吴婷,364502,18502399881,1,8042@gmail.com,陕西省西安市雁塔区科技路88号386号
朱洋,317724,13208584025,0,2613@hotmail.com,天津市南开区卫津路94号769号
林超,812849,15840537333,1,2180@outlook.com,辽宁省大连市中山区人民路55号790号
周芳,003724,13713253035,0,3851@aliyun.com,吉林省长春市南关区人民大街123号568号
何杰,979971,13816822913,1,1837@126.com,重庆市渝北区金开大道68号381号
王伟,950542,18107023250,1,720@qq.com,广东省深圳市南山区科技园路8号875号
杨浩,225559,15172744306,1,53@126.com,安徽省合肥市政务区潜山路111号569号
黄霞,788043,15930204211,1,9954@yahoo.com,广东省深圳市南山区科技园路8号925号
高悦,633806,18838015832,0,9364@foxmail.com,山东省青岛市市南区香港中路11号617号
孙博,922115,13920574430,0,8485@126.com,陕西省西安市未央区某某街道264号
吴桂英,825084,18036846934,1,2395@126.com,北京市海淀区中关村大街1号684号
宋华,643933,15230988737,1,2709@hotmail.com,黑龙江省哈尔滨市道里区中央大街99号30号
陈磊,664655,15536407358,0,809@126.com,湖北省武汉市洪山区珞瑜路726号275号
赵宇,299477,15076496322,0,6977@126.com,湖南省长沙市雨花区劳动西路102号463号
杨璐,918268,18767565088,0,9983@foxmail.com,陕西省西安市雁塔区科技路88号568号
罗宇,741532,18097050348,0,4602@foxmail.com,辽宁省大连市中山区人民路55号68号
赵秀兰,486584,13425660451,1,174@hotmail.com,广东省深圳市南山区科技园路8号231号
萧悦,110650,15912535926,1,8684@yahoo.com,陕西省西安市雁塔区科技路88号794号
唐华,045257,18191033633,1,6216@163.com,陕西省西安市未央区某某街道833号
周娟,882111,18954732041,1,5999@aliyun.com,湖北省武汉市洪山区珞瑜路726号630号
周欣,361563,15023102267,0,2275@aliyun.com,吉林省长春市南关区人民大街123号630号
黄敏,627177,18786316617,1,8932@outlook.com,湖北省武汉市洪山区珞瑜路726号228号
何欣,790403,15073268401,1,1392@sina.com,吉林省长春市南关区人民大街123号537号
张悦,077823,18633784866,0,7177@yahoo.com,河南省郑州市二七区大学路80号566号
高磊,341704,13541109728,1,5600@126.com,四川省成都市高新区天府五街200号264号
马丽,767242,18655424341,0,4227@qq.com,辽宁省大连市中山区人民路55号355号
黄强,437285,15291874988,0,7199@outlook.com,安徽省合肥市政务区潜山路111号994号
李艳,245541,13815228348,1,7134@aliyun.com,湖北省武汉市洪山区珞瑜路726号705号
董杰,131411,18934861935,0,4337@yahoo.com,黑龙江省哈尔滨市道里区中央大街99号790号
周浩,509079,13890228423,0,7167@gmail.com,江苏省南京市建邺区江东中路229号230号
杨强,769498,13150511281,1,7542@126.com,辽宁省大连市中山区人民路55号838号
赵明,606001,13593859732,0,3050@126.com,安徽省合肥市政务区潜山路111号697号
宋桂英,469748,18986737005,0,161@hotmail.com,河南省郑州市二七区大学路80号861号
谢霞,643924,13347129281,0,3565@aliyun.com,江苏省南京市建邺区江东中路229号131号
萧秀兰,765808,18306245618,1,8807@gmail.com,安徽省合肥市政务区潜山路111号608号
周军,438952,15533195104,0,5729@gmail.com,山东省青岛市市南区香港中路11号633号
胡霞,327430,18702950694,0,3246@126.com,上海市静安区南京西路1266号922号
黄雪,641895,13347188767,1,6433@gmail.com,辽宁省大连市中山区人民路55号645号
谢敏,834340,15571161005,1,4256@outlook.com,四川省成都市高新区天府五街200号731号
高磊,653498,13840667166,0,625@qq.com,江苏省南京市建邺区江东中路229号265号
赵霞,305458,15735230968,1,7516@hotmail.com,上海市静安区南京西路1266号130号
孙勇,525205,15650201660,1,3462@126.com,江苏省南京市建邺区江东中路229号681号
王博,258077,15948341969,0,4983@outlook.com,陕西省西安市未央区某某街道269号
徐博,233294,13891628073,1,8961@hotmail.com,福建省厦门市思明区中山路400号518号
刘辉,857509,15791328813,1,1204@qq.com,湖南省长沙市雨花区劳动西路102号168号
高刚,488346,13966747746,0,4565@qq.com,陕西省西安市雁塔区科技路88号204号
赵洋,838964,13017076699,1,768@qq.com,福建省厦门市思明区中山路400号345号
郭勇,424172,15347070088,1,8475@yahoo.com,陕西省西安市未央区某某街道233号
李丽,622524,15650736861,1,1371@yahoo.com,江苏省南京市建邺区江东中路229号30号
陈瑶,985763,18925941463,1,2229@126.com,黑龙江省哈尔滨市道里区中央大街99号617号
梁娟,695087,13616124613,1,5244@aliyun.com,黑龙江省哈尔滨市道里区中央大街99号227号
吴超,544005,18070724429,0,2195@hotmail.com,重庆市渝北区金开大道68号499号
谢瑶,614721,15128976590,0,4576@yahoo.com,辽宁省大连市中山区人民路55号488号
冯璐,681067,15992097176,0,9999@gmail.com,江苏省南京市建邺区江东中路229号682号
周平,846157,13441833025,0,8427@gmail.com,浙江省杭州市西湖区文二路188号572号
马勇,989090,15077847605,1,3186@gmail.com,陕西省西安市未央区某某街道59号
陈凯,306318,18619720681,1,1358@gmail.com,江苏省南京市建邺区江东中路229号27号
周磊,056431,13110334296,0,7067@outlook.com,安徽省合肥市政务区潜山路111号755号
朱婷,360701,13985131807,0,7616@hotmail.com,安徽省合肥市政务区潜山路111号234号
冯雪,273319,13225859980,1,4051@163.com,黑龙江省哈尔滨市道里区中央大街99号105号
刘敏,248720,18972631814,1,5969@aliyun.com,辽宁省大连市中山区人民路55号566号
林伟,012239,15194334951,0,1004@163.com,福建省厦门市思明区中山路400号782号
韩鹏,063977,15933431068,1,6804@outlook.com,山东省青岛市市南区香港中路11号483号
罗凯,392515,18133921008,1,4312@163.com,湖南省长沙市雨花区劳动西路102号908号
罗健,120614,13242456237,1,1092@aliyun.com,湖北省武汉市洪山区珞瑜路726号375号
高艳,370371,18579377812,0,5507@outlook.com,福建省厦门市思明区中山路400号127号
王俊,162222,15555553338,1,6019@hotmail.com,浙江省杭州市西湖区文二路188号579号
郑峰,347190,18825813796,0,6904@hotmail.com,江苏省南京市建邺区江东中路229号304号
高华,661863,15720433313,0,9128@yahoo.com,四川省成都市高新区天府五街200号661号
谢磊,933431,15705482228,0,1971@hotmail.com,吉林省长春市南关区人民大街123号749号
于博,797422,13953764336,1,6660@qq.com,湖北省武汉市洪山区珞瑜路726号624号
吴艳,298750,15324384481,1,3289@sina.com,黑龙江省哈尔滨市道里区中央大街99号974号
陈璐,399491,15339906832,1,6832@qq.com,广东省深圳市南山区科技园路8号727号
张芳,642819,13341693949,0,6338@aliyun.com,吉林省长春市南关区人民大街123号167号
于秀兰,728574,15960836044,0,1590@qq.com,福建省厦门市思明区中山路400号541号
胡洋,958494,18649976023,0,2821@foxmail.com,河南省郑州市二七区大学路80号348号
谢俊,743169,13686670110,1,7656@126.com,福建省厦门市思明区中山路400号370号
马刚,251210,13372232412,0,8759@163.com,陕西省西安市未央区某某街道201号
冯凯,509689,13850098101,0,9876@outlook.com,辽宁省大连市中山区人民路55号825号
唐璐,767693,18819646247,1,1019@126.com,湖北省武汉市洪山区珞瑜路726号831号
唐宇,542630,13015259667,0,3030@yahoo.com,江西省南昌市青山湖区北京东路456号732号
董艳,938094,15820734831,1,7062@outlook.com,陕西省西安市雁塔区科技路88号67号
萧军,995319,15310767135,1,1210@qq.com,辽宁省大连市中山区人民路55号797号
朱宇,151800,13189257887,1,9684@aliyun.com,河南省郑州市二七区大学路80号85号
冯秀兰,442358,13189920981,0,7863@outlook.com,浙江省杭州市西湖区文二路188号42号
赵伟,596333,13274157493,1,6164@gmail.com,安徽省合肥市政务区潜山路111号145号
郑娟,878487,15139805384,1,9201@yahoo.com,河南省郑州市二七区大学路80号348号
郑超,487860,18310991829,0,3614@hotmail.com,北京市海淀区中关村大街1号206号
宋洋,817748,18629426428,0,5515@aliyun.com,重庆市渝北区金开大道68号350号
杨洋,842011,13500400257,0,9848@163.com,湖北省武汉市洪山区珞瑜路726号950号
萧桂英,255288,18534802913,0,613@yahoo.com,黑龙江省哈尔滨市道里区中央大街99号912号
宋峰,957507,13819805772,0,4234@gmail.com,吉林省长春市南关区人民大街123号857号
徐凯,375044,13221364709,1,9483@sina.com,福建省厦门市思明区中山路400号387号
黄秀兰,257533,15975390952,1,4064@gmail.com,江西省南昌市青山湖区北京东路456号501号
朱婷,698310,15041105905,1,6663@126.com,重庆市渝北区金开大道68号907号
何刚,304640,15958228066,0,3774@qq.com,湖北省武汉市洪山区珞瑜路726号408号
林强,644625,18961153834,0,9111@163.com,福建省厦门市思明区中山路400号236号
马悦,477630,13873746379,0,6284@126.com,吉林省长春市南关区人民大街123号520号
王涛,207728,15614524081,0,5421@aliyun.com,安徽省合肥市政务区潜山路111号311号
周鹏,714026,15601397267,1,9975@aliyun.com,江西省南昌市青山湖区北京东路456号884号
张瑶,862345,13316795009,0,7998@aliyun.com,湖南省长沙市雨花区劳动西路102号149号
韩洋,148049,13577104012,1,2889@foxmail.com,山东省青岛市市南区香港中路11号931号
萧悦,135544,13138655642,0,7318@outlook.com,广东省深圳市南山区科技园路8号218号
董璐,518346,13040584868,1,9358@gmail.com,天津市南开区卫津路94号226号
郭杰,454245,13463357199,1,9030@qq.com,河南省郑州市二七区大学路80号273号
赵艳,179235,15550909876,0,9453@aliyun.com,陕西省西安市未央区某某街道415号
郑超,226147,18670522734,0,3898@sina.com,辽宁省大连市中山区人民路55号118号
陈军,759874,18760187495,0,948@yahoo.com,上海市静安区南京西路1266号216号
高刚,800582,15627102295,0,9674@hotmail.com,浙江省杭州市西湖区文二路188号235号
宋文,571770,18515300080,0,8427@126.com,四川省成都市高新区天府五街200号789号
宋丽,732048,18366480189,0,7215@qq.com,陕西省西安市未央区某某街道237号
刘超,020788,15587763220,1,5340@163.com,湖北省武汉市洪山区珞瑜路726号856号
赵平,101531,13174352473,0,5522@sina.com,黑龙江省哈尔滨市道里区中央大街99号301号
陈洋,293167,15075727990,0,4195@qq.com,福建省厦门市思明区中山路400号927号
郭玲,040036,13420863840,0,9272@gmail.com,陕西省西安市雁塔区科技路88号353号
黄洋,854602,15778550688,1,8436@163.com,湖北省武汉市洪山区珞瑜路726号274号
梁娜,442334,15188264858,0,9789@126.com,安徽省合肥市政务区潜山路111号22号
宋悦,219076,18949938152,1,9017@sina.com,吉林省长春市南关区人民大街123号994号
萧明,269986,18686763128,1,4359@qq.com,福建省厦门市思明区中山路400号192号
张磊,133416,18063655311,0,2209@163.com,四川省成都市高新区天府五街200号186号
林勇,008892,18625623032,1,6842@hotmail.com,北京市海淀区中关村大街1号971号
周刚,925283,18128025970,0,3438@qq.com,福建省厦门市思明区中山路400号173号
孙辉,145753,15178353770,1,8882@126.com,北京市海淀区中关村大街1号349号
李丽,694508,18581194724,0,7766@yahoo.com,重庆市渝北区金开大道68号341号
孙娜,222676,13462081004,0,4597@hotmail.com,湖北省武汉市洪山区珞瑜路726号661号
于浩,475892,13509876256,0,6832@foxmail.com,陕西省西安市雁塔区科技路88号475号
马玲,906487,15303983127,1,6482@126.com,江西省南昌市青山湖区北京东路456号119号
朱雪,500125,18847356968,1,7440@sina.com,天津市南开区卫津路94号180号
张雪,644120,18299409925,1,6254@sina.com,北京市海淀区中关村大街1号31号
孙鹏,426073,18506889404,1,1050@aliyun.com,上海市静安区南京西路1266号687号
萧浩,363386,13889296685,0,2823@aliyun.com,天津市南开区卫津路94号51号
于涛,616056,18493444508,0,5423@163.com,浙江省杭州市西湖区文二路188号881号
郭明,638544,13356469864,1,644@yahoo.com,江西省南昌市青山湖区北京东路456号179号
吴芳,922825,18483812293,1,8328@163.com,江苏省南京市建邺区江东中路229号788号
胡浩,634118,15230018954,1,1593@aliyun.com,吉林省长春市南关区人民大街123号607号
韩明,972947,13745291187,1,2579@qq.com,上海市静安区南京西路1266号765号
孙娜,225213,15540485555,0,224@outlook.com,江苏省南京市建邺区江东中路229号255号
陈悦,066311,13067341806,0,1035@126.com,吉林省长春市南关区人民大街123号610号
刘玲,777874,13707483997,0,4504@aliyun.com,安徽省合肥市政务区潜山路111号410号
张伟,796077,13793918343,0,4786@sina.com,辽宁省大连市中山区人民路55号660号
徐宇,208154,13231914512,0,8381@163.com,广东省深圳市南山区科技园路8号676号
于涛,577917,13372421658,0,7588@gmail.com,天津市南开区卫津路94号285号
王鹏,120380,18624941370,1,1028@foxmail.com,浙江省杭州市西湖区文二路188号389号
韩凯,919828,18306279394,1,5155@yahoo.com,北京市海淀区中关村大街1号462号
唐刚,446974,15746031287,0,3492@foxmail.com,浙江省杭州市西湖区文二路188号284号
于华,161273,15615874028,0,8880@foxmail.com,江苏省南京市建邺区江东中路229号440号
王桂英,425723,15156055972,1,7800@sina.com,黑龙江省哈尔滨市道里区中央大街99号727号
何俊,724017,15506621540,1,8426@gmail.com,浙江省杭州市西湖区文二路188号169号
杨凯,618909,18340422165,0,8069@126.com,湖南省长沙市雨花区劳动西路102号190号
赵平,122307,15293766686,0,5999@aliyun.com,上海市静安区南京西路1266号189号
王峰,648308,13051015463,0,7392@hotmail.com,广东省深圳市南山区科技园路8号723号
于婷,504947,18517773503,1,9967@aliyun.com,天津市南开区卫津路94号374号
林瑶,625645,15587557729,1,3952@163.com,安徽省合肥市政务区潜山路111号996号
刘娜,325017,15945074366,0,1266@126.com,黑龙江省哈尔滨市道里区中央大街99号424号
胡悦,873126,13267090046,1,5739@hotmail.com,山东省青岛市市南区香港中路11号153号
李敏,029781,18444979277,1,3419@foxmail.com,河南省郑州市二七区大学路80号219号
董健,190373,13391910837,1,6659@yahoo.com,安徽省合肥市政务区潜山路111号264号
于涛,153032,18926721576,1,7423@gmail.com,陕西省西安市雁塔区科技路88号663号
宋娜,422271,18014842782,0,9306@sina.com,湖北省武汉市洪山区珞瑜路726号767号
孙洋,362510,18368625006,1,593@hotmail.com,河南省郑州市二七区大学路80号160号
吴勇,068704,18417704732,0,9132@sina.com,重庆市渝北区金开大道68号833号
梁华,404200,18300653971,1,6787@qq.com,吉林省长春市南关区人民大街123号278号
黄伟,139344,15584956044,0,8407@gmail.com,陕西省西安市雁塔区科技路88号227号
于峰,680724,15347319441,1,5366@hotmail.com,湖北省武汉市洪山区珞瑜路726号668号
林明,819936,13460593730,1,8879@gmail.com,江西省南昌市青山湖区北京东路456号574号
马宇,849524,18642471176,0,2772@hotmail.com,福建省厦门市思明区中山路400号451号
陈桂英,546269,18963236506,1,8977@yahoo.com,江西省南昌市青山湖区北京东路456号206号
郭勇,840461,18633377299,0,526@126.com,广东省深圳市南山区科技园路8号852号
杨鹏,136047,13708090697,1,5875@sina.com,吉林省长春市南关区人民大街123号451号
郭瑶,858692,18408698109,0,5249@outlook.com,四川省成都市高新区天府五街200号959号
董娜,578061,18936747378,0,3669@gmail.com,黑龙江省哈尔滨市道里区中央大街99号133号
于超,583059,18262824172,0,9572@126.com,重庆市渝北区金开大道68号149号
郑欣,582304,18911776936,0,3942@hotmail.com,四川省成都市高新区天府五街200号390号
陈洋,929512,15033403725,0,6535@126.com,广东省深圳市南山区科技园路8号925号
于杰,487041,13231405995,0,6760@gmail.com,福建省厦门市思明区中山路400号47号
黄静,182050,18841845321,0,5540@gmail.com,天津市南开区卫津路94号780号
谢健,959987,18915898600,1,8448@aliyun.com,湖南省长沙市雨花区劳动西路102号11号
周璐,116642,13823825018,1,4065@hotmail.com,福建省厦门市思明区中山路400号843号
郑磊,280321,18068512712,0,9679@qq.com,江苏省南京市建邺区江东中路229号917号
郭涛,089120,18655274421,1,103@outlook.com,上海市静安区南京西路1266号587号
黄杰,775895,18485337286,0,8019@aliyun.com,福建省厦门市思明区中山路400号669号
陈玲,481535,13974035123,1,6125@126.com,上海市静安区南京西路1266号210号
冯杰,578896,13720451905,1,9681@hotmail.com,湖北省武汉市洪山区珞瑜路726号85号
黄浩,304841,15229119791,0,1420@gmail.com,陕西省西安市未央区某某街道240号
梁婷,756105,13917494942,1,1505@hotmail.com,陕西省西安市雁塔区科技路88号851号
郑文,457554,18088299625,0,9462@163.com,河南省郑州市二七区大学路80号450号
杨欣,422881,13445748115,0,2563@126.com,北京市海淀区中关村大街1号930号
萧娟,149621,15313379463,0,3166@sina.com,浙江省杭州市西湖区文二路188号269号
张秀兰,394329,15253636909,1,2343@qq.com,江苏省南京市建邺区江东中路229号812号
孙文,871758,15744490797,1,899@yahoo.com,浙江省杭州市西湖区文二路188号518号
罗强,555554,15866902941,0,6626@outlook.com,湖南省长沙市雨花区劳动西路102号210号
林鹏,178822,13602198103,1,3063@hotmail.com,天津市南开区卫津路94号746号
刘磊,295052,15551174131,1,4038@126.com,浙江省杭州市西湖区文二路188号209号
吴凯,393919,15974701071,1,6314@gmail.com,黑龙江省哈尔滨市道里区中央大街99号285号
于艳,827445,15008655005,1,6495@163.com,江苏省南京市建邺区江东中路229号406号
于璐,342899,18946856832,0,9936@gmail.com,重庆市渝北区金开大道68号445号
杨峰,837405,13768825198,1,1906@163.com,山东省青岛市市南区香港中路11号694号
林平,762533,18281071319,1,8528@sina.com,湖南省长沙市雨花区劳动西路102号822号
谢瑶,612607,18731078409,1,8179@qq.com,广东省深圳市南山区科技园路8号615号
陈芳,417964,13841749383,0,7554@foxmail.com,广东省深圳市南山区科技园路8号307号
孙强,335902,13823964042,1,5475@sina.com,湖北省武汉市洪山区珞瑜路726号218号
罗璐,872302,13050777555,0,7009@126.com,黑龙江省哈尔滨市道里区中央大街99号932号
冯明,172249,15536836105,0,4787@qq.com,江西省南昌市青山湖区北京东路456号288号
郭艳,885096,15554941405,0,1629@126.com,黑龙江省哈尔滨市道里区中央大街99号717号
周霞,441980,15545599359,1,9447@qq.com,吉林省长春市南关区人民大街123号701号
林伟,292494,18124994749,0,136@126.com,安徽省合肥市政务区潜山路111号296号
萧丽,659747,13116205105,1,478@hotmail.com,江苏省南京市建邺区江东中路229号258号
韩芳,479634,18291657157,0,7027@aliyun.com,山东省青岛市市南区香港中路11号109号
韩瑶,589664,18637171339,0,1833@gmail.com,吉林省长春市南关区人民大街123号680号
萧芳,407868,18174383707,1,7659@qq.com,福建省厦门市思明区中山路400号878号
韩娜,232951,18837358713,0,8722@outlook.com,黑龙江省哈尔滨市道里区中央大街99号482号
朱敏,924619,18790954044,0,4098@yahoo.com,湖北省武汉市洪山区珞瑜路726号983号
罗艳,267440,15360040160,1,4844@163.com,重庆市渝北区金开大道68号577号
郑健,468683,15653090790,1,4741@aliyun.com,北京市海淀区中关村大街1号602号
韩磊,125243,15074204640,1,3789@gmail.com,陕西省西安市未央区某某街道652号
郭娟,669213,18528070936,0,475@gmail.com,黑龙江省哈尔滨市道里区中央大街99号877号
马俊,684212,13329984466,0,3424@hotmail.com,北京市海淀区中关村大街1号458号
郑桂英,541794,15521809263,1,112@sina.com,陕西省西安市未央区某某街道703号
黄辉,982031,15589894382,0,1280@aliyun.com,广东省深圳市南山区科技园路8号818号
于文,250557,13994158134,0,9539@gmail.com,湖北省武汉市洪山区珞瑜路726号89号
萧文,648854,13161237118,1,23@qq.com,浙江省杭州市西湖区文二路188号963号
陈桂英,464345,15330001841,1,8302@yahoo.com,陕西省西安市雁塔区科技路88号775号
萧雪,735205,13286818905,1,4031@hotmail.com,辽宁省大连市中山区人民路55号853号
孙瑶,783547,13491463098,0,7540@163.com,湖北省武汉市洪山区珞瑜路726号610号
郭瑶,832001,18819461831,0,1808@163.com,四川省成都市高新区天府五街200号438号
林秀兰,958130,18208934982,0,1619@outlook.com,安徽省合肥市政务区潜山路111号347号
罗刚,110831,15611375530,0,5701@yahoo.com,广东省深圳市南山区科技园路8号128号
王娜,254472,15058681954,0,2976@hotmail.com,陕西省西安市未央区某某街道346号
谢凯,015147,15137564866,1,929@gmail.com,陕西省西安市未央区某某街道638号
萧明,546865,18501897481,1,9937@foxmail.com,江苏省南京市建邺区江东中路229号27号
梁杰,179186,13022134680,0,2195@aliyun.com,广东省深圳市南山区科技园路8号359号
马敏,481635,18373091386,1,930@aliyun.com,安徽省合肥市政务区潜山路111号933号
孙峰,039535,13402895598,1,9747@gmail.com,天津市南开区卫津路94号80号
梁平,836889,13919521103,0,6225@foxmail.com,天津市南开区卫津路94号602号
赵洋,502714,18489480437,1,2040@yahoo.com,湖南省长沙市雨花区劳动西路102号608号
胡娜,321633,18510661372,1,9298@yahoo.com,四川省成都市高新区天府五街200号419号
马娜,369874,13554510963,1,2406@qq.com,辽宁省大连市中山区人民路55号829号
陈悦,346819,18228926293,1,426@qq.com,重庆市渝北区金开大道68号393号
张洋,538215,18576465026,0,1259@sina.com,吉林省长春市南关区人民大街123号614号
林静,447191,13399683653,0,9332@163.com,重庆市渝北区金开大道68号934号
冯华,684134,18726580181,0,6197@sina.com,山东省青岛市市南区香港中路11号798号
冯桂英,016284,13125974918,0,144@aliyun.com,陕西省西安市未央区某某街道25号
杨璐,647908,13693087125,1,6292@gmail.com,福建省厦门市思明区中山路400号955号
黄玲,459175,15583181059,0,6412@foxmail.com,山东省青岛市市南区香港中路11号167号
杨明,586636,13982290005,1,6147@foxmail.com,四川省成都市高新区天府五街200号719号
吴玲,716859,18447899323,1,6220@163.com,江西省南昌市青山湖区北京东路456号936号
郑宇,731063,15060301733,0,361@qq.com,江西省南昌市青山湖区北京东路456号188号
黄凯,721828,13025864863,1,1538@aliyun.com,上海市静安区南京西路1266号468号
周伟,282579,18173159014,0,355@gmail.com,陕西省西安市未央区某某街道170号
何涛,963997,15968299319,0,115@126.com,上海市静安区南京西路1266号768号
陈娜,728627,13104890667,0,6277@126.com,广东省深圳市南山区科技园路8号884号
朱强,077282,18855981887,1,7532@outlook.com,浙江省杭州市西湖区文二路188号202号
朱悦,563710,13848866842,1,7702@hotmail.com,四川省成都市高新区天府五街200号58号
宋秀兰,700478,15756025865,0,212@outlook.com,山东省青岛市市南区香港中路11号831号
宋健,096714,13001666229,0,3205@aliyun.com,安徽省合肥市政务区潜山路111号430号
林华,008798,13748288623,0,7757@sina.com,上海市静安区南京西路1266号907号
朱凯,000291,18145573379,1,2382@gmail.com,福建省厦门市思明区中山路400号132号
萧悦,361621,15312253833,1,3986@sina.com,四川省成都市高新区天府五街200号997号
林鹏,325056,15231654293,1,4091@126.com,上海市静安区南京西路1266号320号
董华,588807,13212765214,1,8618@sina.com,湖北省武汉市洪山区珞瑜路726号609号
徐婷,636719,18753090006,1,7729@gmail.com,陕西省西安市未央区某某街道868号
徐博,273451,18058766864,1,1003@foxmail.com,上海市静安区南京西路1266号860号
罗芳,148538,13550907002,0,4244@163.com,重庆市渝北区金开大道68号440号
杨雪,597478,13028963307,1,5732@gmail.com,重庆市渝北区金开大道68号333号
徐强,637253,18311115748,0,5704@126.com,湖北省武汉市洪山区珞瑜路726号391号
孙桂英,928345,18905964686,0,6932@sina.com,重庆市渝北区金开大道68号124号
孙平,328371,13469257715,1,5686@outlook.com,陕西省西安市雁塔区科技路88号467号
杨俊,013552,18704683353,1,5926@qq.com,天津市南开区卫津路94号579号
郑艳,350534,18327855006,1,6343@qq.com,吉林省长春市南关区人民大街123号310号
宋璐,782620,18056300731,0,9218@aliyun.com,江西省南昌市青山湖区北京东路456号142号
张博,680976,18801549097,1,4610@gmail.com,湖南省长沙市雨花区劳动西路102号838号
张娜,719206,13193576251,1,4651@aliyun.com,北京市海淀区中关村大街1号653号
罗浩,118060,15128715561,0,6838@gmail.com,上海市静安区南京西路1266号486号
宋瑶,467606,15351723390,1,7078@126.com,北京市海淀区中关村大街1号103号
赵伟,733898,18221437418,1,4936@outlook.com,湖北省武汉市洪山区珞瑜路726号904号
刘刚,902310,13545463319,0,139@outlook.com,湖北省武汉市洪山区珞瑜路726号189号
郑峰,442575,15065052345,1,8252@sina.com,河南省郑州市二七区大学路80号832号
高浩,205348,18954344371,0,5701@126.com,重庆市渝北区金开大道68号498号
何静,839178,15682800704,1,9497@yahoo.com,黑龙江省哈尔滨市道里区中央大街99号196号
宋华,367953,15227311904,1,5459@foxmail.com,陕西省西安市未央区某某街道184号
赵芳,013386,13307761689,1,6956@yahoo.com,辽宁省大连市中山区人民路55号949号
唐悦,834775,13808228891,1,2339@aliyun.com,安徽省合肥市政务区潜山路111号647号
郑芳,030099,13992072314,0,1366@sina.com,湖北省武汉市洪山区珞瑜路726号223号
萧娟,501721,15138599305,1,3008@hotmail.com,四川省成都市高新区天府五街200号20号
周俊,205623,13481857038,1,1976@gmail.com,福建省厦门市思明区中山路400号345号
张雪,219856,18301048011,1,4618@aliyun.com,重庆市渝北区金开大道68号993号
吴秀兰,438232,13809424048,1,1159@foxmail.com,吉林省长春市南关区人民大街123号587号
于婷,584422,13119598771,0,9719@126.com,江西省南昌市青山湖区北京东路456号251号
马娜,139477,18614686094,0,68@outlook.com,黑龙江省哈尔滨市道里区中央大街99号463号
朱勇,865212,18363760528,1,603@outlook.com,天津市南开区卫津路94号891号
杨雪,465389,13593605310,0,7431@sina.com,河南省郑州市二七区大学路80号488号
黄洋,465508,15369494318,0,1634@aliyun.com,安徽省合肥市政务区潜山路111号823号
朱平,723275,18287302440,0,7829@aliyun.com,吉林省长春市南关区人民大街123号232号
王浩,658280,15700248934,0,2049@foxmail.com,黑龙江省哈尔滨市道里区中央大街99号50号
董杰,316313,13794967406,1,8283@aliyun.com,河南省郑州市二七区大学路80号356号
萧悦,157355,15626541934,1,3978@sina.com,湖北省武汉市洪山区珞瑜路726号73号
杨静,538565,15679444151,1,5159@yahoo.com,北京市海淀区中关村大街1号972号
唐文,184257,18384521945,0,9374@outlook.com,陕西省西安市未央区某某街道865号
王秀兰,604298,15580432053,1,8851@aliyun.com,四川省成都市高新区天府五街200号217号
王博,174219,15246457235,1,3661@126.com,辽宁省大连市中山区人民路55号458号
徐涛,837884,18821552173,1,7164@hotmail.com,辽宁省大连市中山区人民路55号231号
郭霞,477356,18678668601,0,4052@126.com,浙江省杭州市西湖区文二路188号26号
朱俊,647842,18661828951,1,264@foxmail.com,湖北省武汉市洪山区珞瑜路726号802号
黄婷,033587,18380908040,0,5180@hotmail.com,湖南省长沙市雨花区劳动西路102号926号
黄华,399955,18408938495,0,1553@foxmail.com,福建省厦门市思明区中山路400号725号
林文,367615,15104325852,1,4640@sina.com,河南省郑州市二七区大学路80号952号
高宇,982959,15917517510,1,468@aliyun.com,山东省青岛市市南区香港中路11号306号
马军,711614,15158528670,0,7138@outlook.com,河南省郑州市二七区大学路80号744号
刘辉,158877,18392264823,1,6395@outlook.com,安徽省合肥市政务区潜山路111号451号
胡悦,600985,18069157602,1,9701@hotmail.com,重庆市渝北区金开大道68号797号
何强,315959,15585605696,0,6672@qq.com,浙江省杭州市西湖区文二路188号496号
朱霞,266202,13617984666,0,1715@outlook.com,黑龙江省哈尔滨市道里区中央大街99号501号
张洋,697404,18200791939,0,8848@foxmail.com,湖南省长沙市雨花区劳动西路102号993号
林娟,505891,15706909308,0,6036@sina.com,山东省青岛市市南区香港中路11号39号
罗健,759537,13195243561,0,8071@gmail.com,湖南省长沙市雨花区劳动西路102号368号
萧强,172501,15693209550,0,7520@hotmail.com,湖南省长沙市雨花区劳动西路102号962号
徐欣,392803,15106355568,0,4562@hotmail.com,安徽省合肥市政务区潜山路111号159号
郭凯,647524,13630955724,1,4708@foxmail.com,山东省青岛市市南区香港中路11号32号
郭婷,868560,13707352900,1,7577@outlook.com,广东省深圳市南山区科技园路8号96号
郭辉,073221,13793129416,0,1844@outlook.com,福建省厦门市思明区中山路400号500号
唐俊,469372,15690146245,0,5797@yahoo.com,湖北省武汉市洪山区珞瑜路726号828号
高婷,934970,18409314924,1,803@163.com,四川省成都市高新区天府五街200号264号
朱洋,845625,18175909975,1,7035@aliyun.com,福建省厦门市思明区中山路400号272号
朱婷,786387,18965602378,1,8797@163.com,江苏省南京市建邺区江东中路229号259号
张秀兰,651364,15816421127,0,2225@126.com,山东省青岛市市南区香港中路11号556号
张婷,946939,18578285201,0,744@qq.com,江苏省南京市建邺区江东中路229号191号
郑玲,351701,18335486202,0,3083@aliyun.com,天津市南开区卫津路94号478号
何峰,914852,13274658533,1,5113@gmail.com,河南省郑州市二七区大学路80号288号
冯凯,105810,15640249517,1,1089@gmail.com,湖北省武汉市洪山区珞瑜路726号383号
梁浩,658983,13582788801,1,3459@foxmail.com,吉林省长春市南关区人民大街123号564号
梁明,235649,18807176407,0,5473@163.com,江西省南昌市青山湖区北京东路456号502号
萧洋,609125,13230129050,1,2956@yahoo.com,陕西省西安市雁塔区科技路88号143号
胡超,999640,18155864009,0,9771@126.com,陕西省西安市未央区某某街道262号
谢浩,563080,15103424114,0,6867@yahoo.com,陕西省西安市雁塔区科技路88号262号
于鹏,774434,18453218143,0,5472@hotmail.com,湖北省武汉市洪山区珞瑜路726号694号
梁静,397873,13960299637,0,4794@126.com,四川省成都市高新区天府五街200号87号
谢婷,272258,18514769833,0,5449@sina.com,江苏省南京市建邺区江东中路229号633号
于静,462185,13636572413,1,2642@hotmail.com,重庆市渝北区金开大道68号720号
董丽,451925,13077842473,1,3626@163.com,重庆市渝北区金开大道68号140号
梁文,625697,13221618542,1,1766@yahoo.com,浙江省杭州市西湖区文二路188号282号
徐明,397147,18117018439,1,8725@gmail.com,吉林省长春市南关区人民大街123号920号
冯宇,281391,18468968864,0,7536@sina.com,江西省南昌市青山湖区北京东路456号425号
谢峰,874115,15340446018,1,7730@qq.com,山东省青岛市市南区香港中路11号262号
王霞,589361,18442799316,0,4599@qq.com,北京市海淀区中关村大街1号638号
黄欣,629453,13945313344,0,1155@qq.com,江西省南昌市青山湖区北京东路456号887号
何军,279255,18696891535,1,5898@foxmail.com,江西省南昌市青山湖区北京东路456号75号
董宇,569874,13666386898,0,1532@qq.com,福建省厦门市思明区中山路400号89号
董静,656521,13394408158,1,3298@gmail.com,安徽省合肥市政务区潜山路111号981号
郑悦,520936,13136047752,1,1607@yahoo.com,天津市南开区卫津路94号473号
赵凯,855756,18265464718,0,5574@163.com,广东省深圳市南山区科技园路8号344号
黄欣,209080,13132708046,1,5872@hotmail.com,北京市海淀区中关村大街1号963号
董俊,478127,18097265871,1,9113@qq.com,湖南省长沙市雨花区劳动西路102号744号
林浩,347835,13564179390,0,9142@163.com,福建省厦门市思明区中山路400号499号
黄磊,108325,13509122669,0,3373@qq.com,黑龙江省哈尔滨市道里区中央大街99号50号
萧俊,633898,15317252331,1,7997@sina.com,江西省南昌市青山湖区北京东路456号806号
刘俊,642696,13341457476,0,2127@outlook.com,浙江省杭州市西湖区文二路188号44号
唐丽,450206,15057212745,1,6409@126.com,北京市海淀区中关村大街1号73号
孙艳,155704,15283659559,1,6612@hotmail.com,浙江省杭州市西湖区文二路188号935号
朱静,967217,13943935219,1,8057@163.com,陕西省西安市雁塔区科技路88号192号
王艳,213766,13657570372,1,726@aliyun.com,黑龙江省哈尔滨市道里区中央大街99号433号
马璐,066769,15818362277,1,173@aliyun.com,北京市海淀区中关村大街1号490号
冯涛,667614,15625527130,0,6919@gmail.com,黑龙江省哈尔滨市道里区中央大街99号826号
韩平,209437,15233921620,0,2454@gmail.com,湖北省武汉市洪山区珞瑜路726号774号
李艳,225714,18712873020,0,2054@hotmail.com,湖北省武汉市洪山区珞瑜路726号991号
马华,691134,13700751651,1,5655@foxmail.com,山东省青岛市市南区香港中路11号461号
于辉,289155,18294012562,0,6020@yahoo.com,湖南省长沙市雨花区劳动西路102号676号
韩辉,800467,18413496728,0,2799@163.com,江西省南昌市青山湖区北京东路456号481号
王勇,190741,18896923638,0,4955@qq.com,安徽省合肥市政务区潜山路111号428号
宋平,095003,18645344490,1,3732@yahoo.com,江西省南昌市青山湖区北京东路456号958号
陈平,872297,18250083546,1,8960@outlook.com,安徽省合肥市政务区潜山路111号677号
于丽,406272,13782433606,0,1264@yahoo.com,河南省郑州市二七区大学路80号295号
陈悦,721093,18192895832,0,1866@qq.com,北京市海淀区中关村大街1号807号
萧华,496235,18338357569,1,5933@qq.com,陕西省西安市雁塔区科技路88号431号
谢娟,487545,15118837571,0,9849@gmail.com,四川省成都市高新区天府五街200号564号
朱桂英,006705,18200580058,0,9237@qq.com,山东省青岛市市南区香港中路11号608号
孙鹏,930506,18696330258,1,1857@126.com,河南省郑州市二七区大学路80号990号
何桂英,011043,18875902659,0,6825@outlook.com,湖南省长沙市雨花区劳动西路102号671号
萧雪,206534,15176075301,0,3081@aliyun.com,山东省青岛市市南区香港中路11号490号
孙洋,704250,13812386390,0,7865@qq.com,湖南省长沙市雨花区劳动西路102号957号
韩涛,330796,18541934866,0,9113@126.com,安徽省合肥市政务区潜山路111号374号
朱勇,342312,15822306853,0,6107@sina.com,山东省青岛市市南区香港中路11号292号
周磊,441375,15921261646,1,6243@yahoo.com,福建省厦门市思明区中山路400号809号
高霞,185747,15066076769,1,464@hotmail.com,上海市静安区南京西路1266号863号
杨杰,466266,15738915969,1,1530@gmail.com,天津市南开区卫津路94号94号
谢霞,215798,15780715194,0,4619@aliyun.com,北京市海淀区中关村大街1号606号
赵文,128079,13861177354,1,4188@126.com,上海市静安区南京西路1266号829号
张艳,843778,15206745584,0,3248@foxmail.com,山东省青岛市市南区香港中路11号915号
陈俊,100855,18246301715,0,4907@aliyun.com,湖北省武汉市洪山区珞瑜路726号910号
唐凯,905821,18345120778,0,7010@outlook.com,广东省深圳市南山区科技园路8号268号
宋杰,058164,13525462786,0,4504@hotmail.com,江西省南昌市青山湖区北京东路456号428号
王雪,150514,15689740918,1,73@outlook.com,重庆市渝北区金开大道68号120号
罗强,683716,18578719308,1,6147@aliyun.com,吉林省长春市南关区人民大街123号378号
李强,853734,13171726790,0,8702@yahoo.com,安徽省合肥市政务区潜山路111号949号
李玲,802169,15309420880,0,6607@outlook.com,江西省南昌市青山湖区北京东路456号938号
郑博,682466,13393619019,0,4852@foxmail.com,江苏省南京市建邺区江东中路229号94号
郭明,902758,18633606184,1,4767@126.com,天津市南开区卫津路94号575号
唐悦,638738,15099705281,0,868@qq.com,江西省南昌市青山湖区北京东路456号32号
刘明,127922,18407790178,0,8314@yahoo.com,山东省青岛市市南区香港中路11号444号
王洋,864697,18163023556,0,8824@yahoo.com,河南省郑州市二七区大学路80号88号
谢平,391571,13763812082,0,5585@hotmail.com,福建省厦门市思明区中山路400号534号
陈涛,722242,13750158496,1,3332@yahoo.com,吉林省长春市南关区人民大街123号129号
吴磊,565970,18809885232,0,479@qq.com,北京市海淀区中关村大街1号36号
郭瑶,322870,18301745013,0,5225@foxmail.com,湖北省武汉市洪山区珞瑜路726号564号
韩刚,685853,15021759884,1,739@outlook.com,北京市海淀区中关村大街1号646号
萧辉,423858,18474448153,0,3879@yahoo.com,广东省深圳市南山区科技园路8号83号
刘娟,936203,15058450415,0,7958@foxmail.com,湖南省长沙市雨花区劳动西路102号981号
郑磊,501253,18377108679,1,1674@gmail.com,上海市静安区南京西路1266号677号
黄华,481754,13550990753,1,3830@outlook.com,山东省青岛市市南区香港中路11号856号
黄勇,925663,15170064657,0,4661@gmail.com,安徽省合肥市政务区潜山路111号688号
孙欣,786627,18468365950,1,2166@sina.com,湖北省武汉市洪山区珞瑜路726号802号
何霞,895085,13591415778,0,82@aliyun.com,四川省成都市高新区天府五街200号123号
马静,602863,13038439182,1,6298@126.com,吉林省长春市南关区人民大街123号34号
刘瑶,185225,18779883943,1,2163@qq.com,辽宁省大连市中山区人民路55号43号
徐杰,349614,18905973428,1,1568@yahoo.com,湖北省武汉市洪山区珞瑜路726号847号
周璐,825957,15870354204,0,476@sina.com,山东省青岛市市南区香港中路11号333号
徐杰,977528,18987075610,0,2123@foxmail.com,陕西省西安市雁塔区科技路88号837号
郭浩,971346,13488733086,0,8568@outlook.com,北京市海淀区中关村大街1号840号
朱瑶,478605,18637584368,0,7878@hotmail.com,陕西省西安市雁塔区科技路88号284号
郭静,333190,15126017404,1,6360@outlook.com,湖南省长沙市雨花区劳动西路102号334号
宋鹏,722965,18344592592,1,6069@yahoo.com,天津市南开区卫津路94号419号
马宇,442757,18556028757,1,6671@126.com,广东省深圳市南山区科技园路8号275号
郭璐,790018,13035809434,1,5209@outlook.com,江苏省南京市建邺区江东中路229号573号
董鹏,847194,18017766592,1,126@outlook.com,湖南省长沙市雨花区劳动西路102号802号
林悦,759187,13180660328,0,1701@foxmail.com,福建省厦门市思明区中山路400号356号
林峰,552372,15678443418,1,4535@sina.com,四川省成都市高新区天府五街200号542号
郭涛,200205,13623016274,1,7325@outlook.com,广东省深圳市南山区科技园路8号179号
冯辉,479827,15529516588,0,7041@hotmail.com,湖南省长沙市雨花区劳动西路102号328号
吴杰,788149,18640683623,1,8364@126.com,上海市静安区南京西路1266号482号
黄俊,221880,18610347804,0,3095@qq.com,北京市海淀区中关村大街1号263号
张凯,159464,18240053977,0,8970@yahoo.com,湖南省长沙市雨花区劳动西路102号186号
林婷,386328,15147362956,1,6400@126.com,陕西省西安市未央区某某街道715号
于超,843422,13399843633,1,8417@yahoo.com,广东省深圳市南山区科技园路8号511号
黄鹏,325596,13198369501,0,5214@163.com,河南省郑州市二七区大学路80号560号
马艳,325306,13765393439,1,8033@sina.com,陕西省西安市雁塔区科技路88号333号
萧静,091577,15331439398,0,3449@aliyun.com,四川省成都市高新区天府五街200号618号
王欣,633437,15822922043,0,8388@yahoo.com,浙江省杭州市西湖区文二路188号214号
徐娟,762260,18710814518,1,904@qq.com,四川省成都市高新区天府五街200号810号
唐雪,979898,18429862938,0,9352@outlook.com,四川省成都市高新区天府五街200号675号
罗俊,563203,15506548243,1,6935@foxmail.com,广东省深圳市南山区科技园路8号314号
朱博,489109,18970391469,1,3146@126.com,陕西省西安市未央区某某街道214号
徐辉,885991,13135808835,1,8892@qq.com,山东省青岛市市南区香港中路11号342号
张磊,564451,15823777686,0,6435@aliyun.com,北京市海淀区中关村大街1号340号
高伟,250286,18200345862,1,3452@foxmail.com,四川省成都市高新区天府五街200号448号
朱博,979591,13231446734,0,8488@aliyun.com,四川省成都市高新区天府五街200号87号
萧敏,734062,13790017220,0,1393@hotmail.com,北京市海淀区中关村大街1号146号
张桂英,648016,18005090414,0,5792@126.com,黑龙江省哈尔滨市道里区中央大街99号623号
宋华,096435,13387516020,0,4249@sina.com,北京市海淀区中关村大街1号7号
韩文,573949,15561289676,0,80@163.com,浙江省杭州市西湖区文二路188号85号
李伟,965619,15137994322,0,2336@sina.com,湖南省长沙市雨花区劳动西路102号133号
杨涛,993715,18592339050,0,6974@hotmail.com,天津市南开区卫津路94号501号
郑洋,807673,18223452971,0,1000@hotmail.com,福建省厦门市思明区中山路400号74号
朱玲,400405,13979958703,1,9106@163.com,重庆市渝北区金开大道68号873号
杨峰,779963,18789247222,0,7492@gmail.com,重庆市渝北区金开大道68号976号
于玲,035895,18323308241,1,7722@sina.com,江苏省南京市建邺区江东中路229号844号
刘洋,574831,13244658812,1,3708@gmail.com,福建省厦门市思明区中山路400号608号
梁华,985831,18968269759,1,1775@hotmail.com,辽宁省大连市中山区人民路55号360号
冯瑶,162591,15689238486,0,3389@163.com,安徽省合肥市政务区潜山路111号989号
罗平,422127,15986311511,1,1911@126.com,河南省郑州市二七区大学路80号871号
李玲,386038,15887204876,1,5151@sina.com,山东省青岛市市南区香港中路11号256号
朱娟,734227,18249647703,1,7857@hotmail.com,天津市南开区卫津路94号42号
马伟,111829,15250673683,0,2739@gmail.com,北京市海淀区中关村大街1号296号
马娟,960953,13608837961,1,5128@hotmail.com,陕西省西安市雁塔区科技路88号831号
韩强,829429,18386194650,1,4171@126.com,吉林省长春市南关区人民大街123号934号
吴玲,513259,15885611434,1,4496@sina.com,浙江省杭州市西湖区文二路188号554号
杨文,096076,15385198937,0,9990@gmail.com,湖北省武汉市洪山区珞瑜路726号982号
于刚,499508,13638298036,0,7180@outlook.com,江苏省南京市建邺区江东中路229号98号
董静,321039,15923226361,0,2419@163.com,上海市静安区南京西路1266号434号
唐鹏,133306,13993782118,1,1857@yahoo.com,北京市海淀区中关村大街1号748号
张霞,116918,15500115423,0,3539@outlook.com,安徽省合肥市政务区潜山路111号934号
萧静,030554,13350515170,1,9430@foxmail.com,福建省厦门市思明区中山路400号28号
梁娟,454064,18204742362,0,1488@foxmail.com,湖北省武汉市洪山区珞瑜路726号10号
唐杰,300079,13495317374,0,9504@outlook.com,江苏省南京市建邺区江东中路229号890号
罗浩,505503,15818904368,1,7634@163.com,四川省成都市高新区天府五街200号797号
李悦,980410,15874023994,0,6390@gmail.com,北京市海淀区中关村大街1号467号
李悦,162754,18548207310,0,7785@gmail.com,天津市南开区卫津路94号294号
李鹏,366441,15861380964,1,5976@outlook.com,浙江省杭州市西湖区文二路188号295号
徐婷,380474,18939003147,1,3083@126.com,安徽省合肥市政务区潜山路111号624号
陈璐,126742,13211880976,1,8680@outlook.com,吉林省长春市南关区人民大街123号814号
何瑶,327743,15006158777,1,9322@outlook.com,湖北省武汉市洪山区珞瑜路726号631号
郑峰,951583,13127694544,1,8956@hotmail.com,江西省南昌市青山湖区北京东路456号932号
唐芳,009532,15775658682,0,7672@sina.com,湖北省武汉市洪山区珞瑜路726号116号
吴华,899413,15005445569,0,2393@qq.com,陕西省西安市雁塔区科技路88号891号
韩磊,118881,15903504949,1,4534@sina.com,浙江省杭州市西湖区文二路188号283号
黄杰,725995,18919827646,0,1109@gmail.com,湖南省长沙市雨花区劳动西路102号555号
黄平,749793,15743962063,1,8117@hotmail.com,福建省厦门市思明区中山路400号367号
林文,285286,15965915203,1,8657@outlook.com,重庆市渝北区金开大道68号730号
徐涛,840821,18865104748,1,9272@sina.com,四川省成都市高新区天府五街200号138号
高璐,248307,15645558369,1,7063@163.com,山东省青岛市市南区香港中路11号20号
梁悦,501900,13337933155,1,4932@foxmail.com,天津市南开区卫津路94号499号
杨文,162673,18509688500,0,3440@foxmail.com,吉林省长春市南关区人民大街123号912号
黄文,493901,15355437599,0,9940@foxmail.com,陕西省西安市雁塔区科技路88号5号
何博,416245,18997342736,1,1345@foxmail.com,北京市海淀区中关村大街1号48号
赵宇,992715,15654848816,0,7708@hotmail.com,辽宁省大连市中山区人民路55号73号
谢霞,513466,13874144622,0,1880@qq.com,辽宁省大连市中山区人民路55号683号
张娜,804755,15811772230,0,6123@sina.com,黑龙江省哈尔滨市道里区中央大街99号828号
郑强,785582,15035064673,0,9424@outlook.com,河南省郑州市二七区大学路80号832号
萧俊,343991,18106665421,1,1504@126.com,北京市海淀区中关村大街1号808号
孙浩,318419,15110705653,0,9187@hotmail.com,江西省南昌市青山湖区北京东路456号927号
何雪,679801,13736351558,0,9133@aliyun.com,湖北省武汉市洪山区珞瑜路726号640号
董婷,749094,18732151769,0,8367@hotmail.com,湖南省长沙市雨花区劳动西路102号737号
王博,814010,18502378225,1,7852@yahoo.com,重庆市渝北区金开大道68号539号
于涛,890429,18775301673,1,9506@hotmail.com,湖南省长沙市雨花区劳动西路102号303号
王玲,189839,13517693176,0,4776@126.com,北京市海淀区中关村大街1号380号
吴静,720091,18047737378,1,6782@126.com,吉林省长春市南关区人民大街123号188号
孙敏,323754,15013109958,1,2891@163.com,陕西省西安市未央区某某街道581号
高刚,055773,15925564085,0,5634@163.com,重庆市渝北区金开大道68号185号
罗鹏,756077,13486480994,1,926@qq.com,江苏省南京市建邺区江东中路229号506号
吴静,313223,13719534218,0,1085@qq.com,湖北省武汉市洪山区珞瑜路726号831号
陈璐,298771,18479688946,0,5541@outlook.com,辽宁省大连市中山区人民路55号504号
吴芳,819990,18282583308,0,7916@sina.com,浙江省杭州市西湖区文二路188号22号
林凯,363471,13923604912,1,1476@hotmail.com,湖北省武汉市洪山区珞瑜路726号629号
冯明,160464,18066532579,0,5429@hotmail.com,山东省青岛市市南区香港中路11号559号
宋平,936914,13920486781,0,9364@qq.com,山东省青岛市市南区香港中路11号826号
孙俊,124551,18814113148,1,457@126.com,湖北省武汉市洪山区珞瑜路726号418号
于博,796352,13207458447,0,6517@foxmail.com,黑龙江省哈尔滨市道里区中央大街99号472号
吴秀兰,940875,13416727998,0,114@outlook.com,天津市南开区卫津路94号690号
黄敏,538332,15095532237,0,7495@sina.com,重庆市渝北区金开大道68号342号
李静,834019,18205646608,1,9663@yahoo.com,广东省深圳市南山区科技园路8号782号
唐敏,687662,13557994887,1,8501@outlook.com,天津市南开区卫津路94号71号
杨健,850796,15960506554,1,9344@yahoo.com,福建省厦门市思明区中山路400号761号
宋平,937119,18637928699,0,1199@126.com,陕西省西安市未央区某某街道505号
胡丽,989352,13059505691,1,444@163.com,江苏省南京市建邺区江东中路229号635号
周浩,895069,18465758724,0,1075@126.com,湖北省武汉市洪山区珞瑜路726号525号
胡军,039310,15371863205,1,1760@126.com,福建省厦门市思明区中山路400号102号
杨悦,557567,18050126821,1,2086@sina.com,安徽省合肥市政务区潜山路111号395号
王悦,646078,13580586006,1,6429@gmail.com,江苏省南京市建邺区江东中路229号95号
谢宇,054582,15935537122,0,983@hotmail.com,辽宁省大连市中山区人民路55号696号
徐婷,851418,15729628863,1,7366@163.com,陕西省西安市未央区某某街道956号
林瑶,607937,18127983544,0,6559@foxmail.com,陕西省西安市雁塔区科技路88号271号
何平,926637,18888027627,1,3258@sina.com,广东省深圳市南山区科技园路8号563号
韩刚,374334,13967638848,0,5354@126.com,江苏省南京市建邺区江东中路229号45号
林勇,924311,13961427528,1,5905@aliyun.com,山东省青岛市市南区香港中路11号296号
刘玲,053637,18444574660,1,3783@qq.com,陕西省西安市雁塔区科技路88号356号
马勇,117753,18194965293,0,6464@aliyun.com,北京市海淀区中关村大街1号936号
林军,786852,18534816677,1,8580@qq.com,安徽省合肥市政务区潜山路111号999号
郭瑶,157902,15275123393,1,7111@126.com,福建省厦门市思明区中山路400号981号
萧婷,657965,18426680460,0,2970@hotmail.com,吉林省长春市南关区人民大街123号135号
宋玲,524958,13814794178,0,9996@sina.com,广东省深圳市南山区科技园路8号85号
唐俊,320819,13746969213,0,5519@yahoo.com,湖南省长沙市雨花区劳动西路102号763号
李敏,973975,13331684144,0,6267@hotmail.com,湖南省长沙市雨花区劳动西路102号378号
周欣,314396,13118377625,0,3889@aliyun.com,安徽省合肥市政务区潜山路111号609号
梁婷,968291,18483643294,0,5824@sina.com,福建省厦门市思明区中山路400号580号
韩凯,946983,18705872477,0,3706@gmail.com,福建省厦门市思明区中山路400号522号
林秀兰,921668,15243207071,1,2173@aliyun.com,广东省深圳市南山区科技园路8号955号
罗丽,694808,15778322833,0,7512@foxmail.com,重庆市渝北区金开大道68号327号
罗鹏,686621,15043182682,0,8548@aliyun.com,上海市静安区南京西路1266号2号
韩秀兰,776411,13351717301,1,3225@qq.com,湖南省长沙市雨花区劳动西路102号108号
高超,321833,18173343702,1,2446@outlook.com,江西省南昌市青山湖区北京东路456号852号
梁静,507089,15186720758,0,653@qq.com,河南省郑州市二七区大学路80号753号
徐平,756739,15631884382,0,7531@126.com,河南省郑州市二七区大学路80号993号
林明,558432,13946388912,1,216@outlook.com,四川省成都市高新区天府五街200号860号
孙雪,871878,18038757439,1,254@gmail.com,湖北省武汉市洪山区珞瑜路726号423号
张丽,242235,15902193301,0,1300@outlook.com,河南省郑州市二七区大学路80号270号
郑勇,013160,15191696575,0,9791@sina.com,吉林省长春市南关区人民大街123号580号
董静,650345,13882180737,0,8064@outlook.com,北京市海淀区中关村大街1号50号
何欣,473746,18201171474,0,5074@aliyun.com,江苏省南京市建邺区江东中路229号983号
胡华,168341,18219652552,0,518@foxmail.com,黑龙江省哈尔滨市道里区中央大街99号163号
赵欣,111897,13273749807,0,5724@foxmail.com,广东省深圳市南山区科技园路8号68号
王敏,873058,15066050880,0,1761@aliyun.com,陕西省西安市雁塔区科技路88号76号
董涛,548964,15048999465,0,7510@outlook.com,天津市南开区卫津路94号139号
马博,514701,18540176293,0,9784@aliyun.com,湖南省长沙市雨花区劳动西路102号753号
赵磊,396372,18237804162,0,4645@yahoo.com,浙江省杭州市西湖区文二路188号375号
谢欣,695073,13854544271,1,1262@foxmail.com,陕西省西安市未央区某某街道226号
郭峰,761152,18778228817,0,8380@qq.com,四川省成都市高新区天府五街200号601号
张俊,384508,15953540044,0,5929@163.com,四川省成都市高新区天府五街200号466号
郭静,201570,15387655803,0,2214@yahoo.com,辽宁省大连市中山区人民路55号913号
赵娟,665971,15210245928,0,3623@outlook.com,黑龙江省哈尔滨市道里区中央大街99号213号
郭峰,818171,13234015795,1,6334@gmail.com,陕西省西安市未央区某某街道920号
王秀兰,673675,15643215551,1,1156@163.com,安徽省合肥市政务区潜山路111号828号
朱桂英,607506,13386192540,1,3206@aliyun.com,辽宁省大连市中山区人民路55号276号
唐军,450520,15508110787,0,5216@sina.com,河南省郑州市二七区大学路80号548号
张敏,398860,13546989338,1,6999@outlook.com,江西省南昌市青山湖区北京东路456号897号
宋鹏,692856,18358263219,1,2725@outlook.com,吉林省长春市南关区人民大街123号610号
王欣,967314,13946816512,0,7895@sina.com,黑龙江省哈尔滨市道里区中央大街99号984号
韩浩,930953,18011761988,0,6145@hotmail.com,广东省深圳市南山区科技园路8号142号
朱平,587057,13828381819,0,4122@sina.com,浙江省杭州市西湖区文二路188号752号
高文,506547,13075496324,0,440@aliyun.com,山东省青岛市市南区香港中路11号299号
郑磊,672491,13307073850,0,1884@aliyun.com,浙江省杭州市西湖区文二路188号644号
徐宇,298934,18985583337,1,6950@126.com,江西省南昌市青山湖区北京东路456号630号
何娟,627002,15015394924,0,6604@foxmail.com,北京市海淀区中关村大街1号939号
李俊,501410,15098297752,0,76@outlook.com,四川省成都市高新区天府五街200号445号
赵宇,624921,15775021441,1,5815@hotmail.com,上海市静安区南京西路1266号341号
冯宇,642510,15019637674,0,7845@qq.com,安徽省合肥市政务区潜山路111号425号
谢鹏,437492,18365535717,1,7060@gmail.com,浙江省杭州市西湖区文二路188号618号
韩丽,899076,13054663406,0,7493@qq.com,江西省南昌市青山湖区北京东路456号952号
冯桂英,102597,15249806231,1,7038@sina.com,安徽省合肥市政务区潜山路111号579号
徐欣,977783,15785687667,1,7198@126.com,吉林省长春市南关区人民大街123号805号
胡艳,331765,13510967045,0,3148@foxmail.com,辽宁省大连市中山区人民路55号637号
黄磊,176498,13651022765,0,7167@outlook.com,辽宁省大连市中山区人民路55号436号
黄凯,135968,15330029489,1,3848@gmail.com,湖北省武汉市洪山区珞瑜路726号487号
杨霞,311452,15091158187,0,2318@foxmail.com,安徽省合肥市政务区潜山路111号860号
周健,364992,13353355427,1,3620@foxmail.com,河南省郑州市二七区大学路80号873号
孙磊,811776,15305195520,0,991@foxmail.com,四川省成都市高新区天府五街200号304号
吴杰,689821,18945139865,0,8328@163.com,天津市南开区卫津路94号569号
黄超,699365,18001472839,1,7869@gmail.com,四川省成都市高新区天府五街200号744号
唐雪,081429,15876277107,1,803@gmail.com,吉林省长春市南关区人民大街123号764号
萧秀兰,183425,13410258213,1,9205@aliyun.com,陕西省西安市雁塔区科技路88号236号
董敏,065611,13035725729,1,8550@hotmail.com,湖北省武汉市洪山区珞瑜路726号600号
马霞,924353,18141998997,0,1606@outlook.com,吉林省长春市南关区人民大街123号739号
马瑶,330199,13025007665,1,4553@sina.com,山东省青岛市市南区香港中路11号774号
杨霞,449001,15858670221,0,9373@outlook.com,浙江省杭州市西湖区文二路188号765号
朱欣,357773,18770919155,1,1093@sina.com,湖北省武汉市洪山区珞瑜路726号634号
周健,906655,18036643195,0,3094@foxmail.com,陕西省西安市未央区某某街道92号
唐芳,220058,18160398300,1,1861@yahoo.com,重庆市渝北区金开大道68号716号
黄婷,107277,13479585928,1,7092@163.com,辽宁省大连市中山区人民路55号343号
梁艳,143094,18199986198,0,102@163.com,四川省成都市高新区天府五街200号468号
黄敏,077307,13567291207,1,2268@gmail.com,陕西省西安市未央区某某街道987号
孙宇,843273,13296133408,0,9662@qq.com,广东省深圳市南山区科技园路8号529号
董玲,078343,18839016132,1,8311@qq.com,河南省郑州市二七区大学路80号680号
宋丽,130757,13804849845,0,8807@126.com,吉林省长春市南关区人民大街123号758号
韩博,648405,15356078295,1,7680@yahoo.com,上海市静安区南京西路1266号195号
韩涛,982000,15094306692,0,7153@outlook.com,陕西省西安市未央区某某街道188号
韩杰,158517,15502092074,0,7334@sina.com,河南省郑州市二七区大学路80号124号
马悦,679546,15818937162,0,7384@yahoo.com,江西省南昌市青山湖区北京东路456号373号
周秀兰,606909,15037761624,0,4175@aliyun.com,福建省厦门市思明区中山路400号217号
何超,333675,18834389497,0,4439@foxmail.com,吉林省长春市南关区人民大街123号966号
高健,229791,18548579605,0,1207@163.com,河南省郑州市二七区大学路80号421号
陈博,382803,13678175220,1,5387@outlook.com,广东省深圳市南山区科技园路8号488号
陈婷,426185,18071069683,0,7027@hotmail.com,广东省深圳市南山区科技园路8号282号
王平,472555,15762341005,1,4802@hotmail.com,江苏省南京市建邺区江东中路229号880号
陈辉,522040,15097721811,1,1461@hotmail.com,北京市海淀区中关村大街1号971号
王健,078758,15043975034,0,7606@outlook.com,安徽省合肥市政务区潜山路111号382号
于峰,269863,15593712065,0,5969@sina.com,四川省成都市高新区天府五街200号220号
于洋,273441,18977417698,0,6051@aliyun.com,辽宁省大连市中山区人民路55号717号
萧璐,569021,15779277106,0,2264@foxmail.com,吉林省长春市南关区人民大街123号492号
韩涛,920412,18598335415,0,472@foxmail.com,江西省南昌市青山湖区北京东路456号83号
梁娜,380687,15379354862,0,2475@126.com,河南省郑州市二七区大学路80号833号
周霞,027786,13429381045,1,4698@hotmail.com,江苏省南京市建邺区江东中路229号795号
何明,423546,18625907462,0,8255@hotmail.com,山东省青岛市市南区香港中路11号909号
于艳,668808,13250847532,1,9124@aliyun.com,福建省厦门市思明区中山路400号4号
唐娜,445457,15840247909,1,7188@qq.com,河南省郑州市二七区大学路80号251号
郑桂英,358422,18383151114,1,6410@sina.com,湖北省武汉市洪山区珞瑜路726号42号
吴洋,192555,18400843024,1,6345@qq.com,安徽省合肥市政务区潜山路111号393号
陈静,039842,15228970349,0,6110@foxmail.com,黑龙江省哈尔滨市道里区中央大街99号583号
何凯,314125,18189444159,0,1523@yahoo.com,上海市静安区南京西路1266号37号
吴芳,055222,13224279802,0,5527@outlook.com,湖北省武汉市洪山区珞瑜路726号173号
赵杰,689918,13559073730,1,4547@qq.com,辽宁省大连市中山区人民路55号74号
吴辉,546468,18243604414,0,5312@qq.com,陕西省西安市雁塔区科技路88号164号
唐文,778049,15178062744,0,7808@foxmail.com,江苏省南京市建邺区江东中路229号965号
于秀兰,058432,18361007330,1,2510@163.com,辽宁省大连市中山区人民路55号236号
赵华,780534,15152383859,0,7386@qq.com,浙江省杭州市西湖区文二路188号985号
郭超,075391,18606956496,1,9208@sina.com,山东省青岛市市南区香港中路11号911号
杨凯,932027,15140473771,0,1563@foxmail.com,湖南省长沙市雨花区劳动西路102号415号
李强,340801,15555624866,1,4208@hotmail.com,广东省深圳市南山区科技园路8号38号
冯芳,767660,15235498534,0,321@yahoo.com,吉林省长春市南关区人民大街123号962号
梁俊,847417,13783852049,1,2145@hotmail.com,吉林省长春市南关区人民大街123号118号
周辉,324207,18330168063,1,9675@gmail.com,安徽省合肥市政务区潜山路111号922号
徐婷,439263,13595903627,0,5836@outlook.com,四川省成都市高新区天府五街200号784号
王雪,782832,15022948598,0,4077@outlook.com,浙江省杭州市西湖区文二路188号126号
李凯,343397,13934934344,1,2124@163.com,福建省厦门市思明区中山路400号765号
高婷,880868,18414525245,0,7010@aliyun.com,湖北省武汉市洪山区珞瑜路726号807号
孙婷,448680,13048291833,0,4359@qq.com,江苏省南京市建邺区江东中路229号163号
郭伟,574860,18453946863,0,4765@aliyun.com,北京市海淀区中关村大街1号574号
郭刚,571520,13288183153,1,922@sina.com,辽宁省大连市中山区人民路55号689号
马桂英,053704,18118716261,1,7454@yahoo.com,河南省郑州市二七区大学路80号438号
郭娜,414652,13111248206,1,8873@sina.com,湖北省武汉市洪山区珞瑜路726号371号
孙浩,971176,18068692936,0,5783@sina.com,福建省厦门市思明区中山路400号14号
谢华,530854,18243650335,1,7336@yahoo.com,湖南省长沙市雨花区劳动西路102号203号
郭艳,040163,18192860144,0,9116@163.com,吉林省长春市南关区人民大街123号855号
林健,914323,18008188577,1,8950@qq.com,辽宁省大连市中山区人民路55号317号
杨敏,316617,18926843102,0,1612@hotmail.com,陕西省西安市未央区某某街道998号
宋勇,934830,13905089404,0,5750@outlook.com,江西省南昌市青山湖区北京东路456号172号
陈超,229415,18468031245,1,8102@foxmail.com,江苏省南京市建邺区江东中路229号746号
胡刚,230828,15659682290,1,8102@aliyun.com,四川省成都市高新区天府五街200号425号
冯宇,069428,18907230661,0,8044@aliyun.com,重庆市渝北区金开大道68号134号
马华,210983,15532342119,1,3076@qq.com,广东省深圳市南山区科技园路8号540号
陈霞,716518,15293938319,1,6012@qq.com,北京市海淀区中关村大街1号520号
徐俊,853970,13952607994,0,3667@hotmail.com,福建省厦门市思明区中山路400号82号
郑瑶,517039,13995044623,1,6613@hotmail.com,辽宁省大连市中山区人民路55号462号
黄丽,573935,13873602442,0,378@yahoo.com,陕西省西安市未央区某某街道448号
萧浩,431901,13666075174,1,6896@yahoo.com,江西省南昌市青山湖区北京东路456号675号
郑雪,209547,13002221721,1,3118@hotmail.com,陕西省西安市雁塔区科技路88号642号
刘娜,003175,18807579743,0,4037@163.com,江西省南昌市青山湖区北京东路456号272号
徐瑶,982764,15962457958,0,6740@sina.com,上海市静安区南京西路1266号357号
林刚,283886,15663573553,0,5147@gmail.com,湖南省长沙市雨花区劳动西路102号750号
林俊,936096,18603380817,0,7518@126.com,福建省厦门市思明区中山路400号158号
高博,097197,13880339072,0,3440@gmail.com,四川省成都市高新区天府五街200号557号
罗平,597674,15261594531,0,1096@163.com,辽宁省大连市中山区人民路55号322号
赵霞,953386,18239094251,1,1740@gmail.com,吉林省长春市南关区人民大街123号502号
何俊,047427,18093523905,0,4469@126.com,辽宁省大连市中山区人民路55号79号
吴勇,485338,13270147359,0,3389@sina.com,江苏省南京市建邺区江东中路229号209号
徐华,362257,13625903007,0,7300@gmail.com,湖北省武汉市洪山区珞瑜路726号890号
宋丽,071180,18424332153,1,7535@sina.com,安徽省合肥市政务区潜山路111号215号
黄凯,897249,18618551191,1,1935@aliyun.com,上海市静安区南京西路1266号636号
董桂英,927507,15247672641,1,58@yahoo.com,陕西省西安市未央区某某街道762号
董健,316289,18512685925,0,135@qq.com,天津市南开区卫津路94号71号
高凯,169473,15133264542,0,2362@hotmail.com,湖南省长沙市雨花区劳动西路102号846号
李杰,415557,15120701626,0,4729@hotmail.com,浙江省杭州市西湖区文二路188号667号
刘丽,926695,18021432552,1,4895@yahoo.com,吉林省长春市南关区人民大街123号642号
韩明,449933,15596961939,0,7243@outlook.com,福建省厦门市思明区中山路400号870号
徐丽,726116,18023377464,1,6772@163.com,黑龙江省哈尔滨市道里区中央大街99号244号
于悦,035749,18493377997,1,4394@126.com,山东省青岛市市南区香港中路11号153号
周宇,472916,13539083528,1,8783@hotmail.com,四川省成都市高新区天府五街200号239号
马勇,974480,13839895196,1,7342@foxmail.com,河南省郑州市二七区大学路80号588号
谢宇,627080,15521805324,1,5344@sina.com,湖北省武汉市洪山区珞瑜路726号304号
董桂英,483724,15762889015,1,5074@yahoo.com,北京市海淀区中关村大街1号535号
林强,180840,13143164496,0,1689@aliyun.com,上海市静安区南京西路1266号679号
李杰,732207,15058412608,1,7963@hotmail.com,上海市静安区南京西路1266号274号
刘鹏,667566,18582485254,1,6726@outlook.com,江苏省南京市建邺区江东中路229号839号
董伟,831140,15983225276,0,9677@qq.com,陕西省西安市未央区某某街道265号
林平,890308,15565000607,0,3902@126.com,北京市海淀区中关村大街1号600号
黄瑶,673131,13314064134,1,1256@yahoo.com,天津市南开区卫津路94号428号
林璐,029269,18280476075,1,2801@outlook.com,黑龙江省哈尔滨市道里区中央大街99号677号
张婷,583454,18777572108,1,6162@gmail.com,上海市静安区南京西路1266号51号
郑静,453564,13580531774,0,3868@gmail.com,陕西省西安市雁塔区科技路88号627号
马刚,752801,13597149839,0,4173@qq.com,河南省郑州市二七区大学路80号983号
韩芳,073455,15392725422,0,7476@foxmail.com,陕西省西安市雁塔区科技路88号980号
郭平,108161,15518055652,1,8846@hotmail.com,陕西省西安市未央区某某街道518号
胡鹏,741082,18918128925,1,7992@qq.com,江西省南昌市青山湖区北京东路456号664号
宋鹏,191010,15004776334,1,4734@163.com,陕西省西安市未央区某某街道568号
高凯,148081,13717337839,0,7510@qq.com,四川省成都市高新区天府五街200号857号
何洋,974476,13260613572,1,2167@sina.com,河南省郑州市二七区大学路80号859号
郭磊,369154,15680380188,0,7257@126.com,山东省青岛市市南区香港中路11号304号
李伟,707178,18178996482,1,7191@sina.com,吉林省长春市南关区人民大街123号316号
张宇,844868,15531343546,0,3934@163.com,福建省厦门市思明区中山路400号348号
刘敏,872393,18157171289,1,7551@aliyun.com,黑龙江省哈尔滨市道里区中央大街99号841号
韩平,789999,15950458853,1,4560@163.com,江西省南昌市青山湖区北京东路456号164号
赵凯,841406,18714543966,1,7170@163.com,福建省厦门市思明区中山路400号64号
萧娜,585304,13217727360,1,2745@hotmail.com,安徽省合肥市政务区潜山路111号394号
陈超,681327,13165950268,1,2102@sina.com,上海市静安区南京西路1266号33号
冯博,136603,18544685997,1,5925@163.com,四川省成都市高新区天府五街200号357号
于玲,518949,13279568963,1,3911@126.com,安徽省合肥市政务区潜山路111号302号
冯霞,712408,15142070652,0,9735@foxmail.com,四川省成都市高新区天府五街200号206号
冯华,307698,18199876565,1,9387@aliyun.com,江苏省南京市建邺区江东中路229号884号
黄凯,287997,18753588610,1,7628@aliyun.com,陕西省西安市未央区某某街道990号
罗丽,310082,18030205222,0,6032@sina.com,广东省深圳市南山区科技园路8号146号
郑娟,859831,18442199389,1,1365@163.com,陕西省西安市雁塔区科技路88号944号
刘鹏,908075,15591788135,1,6560@hotmail.com,上海市静安区南京西路1266号774号
梁娟,053740,13679850915,1,277@foxmail.com,陕西省西安市未央区某某街道786号
梁涛,036429,18225022755,1,6951@126.com,安徽省合肥市政务区潜山路111号210号
陈敏,927656,15627133185,0,3283@qq.com,四川省成都市高新区天府五街200号106号
李博,088350,15867694649,1,615@qq.com,辽宁省大连市中山区人民路55号267号
赵杰,535201,18512292627,0,3458@qq.com,黑龙江省哈尔滨市道里区中央大街99号227号
刘秀兰,743917,13774251027,1,3517@foxmail.com,山东省青岛市市南区香港中路11号303号
郭刚,170988,15183389026,1,9415@126.com,吉林省长春市南关区人民大街123号714号
朱婷,542125,13039436020,0,2974@gmail.com,湖南省长沙市雨花区劳动西路102号907号
陈伟,980953,15687961314,1,4370@sina.com,北京市海淀区中关村大街1号993号
梁平,843379,15295034912,1,9961@163.com,辽宁省大连市中山区人民路55号592号
唐璐,023813,15249819988,1,3370@foxmail.com,陕西省西安市雁塔区科技路88号760号
李婷,933912,15063922925,0,2596@foxmail.com,浙江省杭州市西湖区文二路188号112号
高凯,563097,13249419677,0,9163@163.com,安徽省合肥市政务区潜山路111号408号
宋璐,285428,15208521985,1,7674@gmail.com,重庆市渝北区金开大道68号853号
刘峰,356105,13607107282,0,319@foxmail.com,安徽省合肥市政务区潜山路111号6号
赵健,622894,13909036961,1,3254@126.com,辽宁省大连市中山区人民路55号23号
杨健,743115,15534875084,1,8550@163.com,浙江省杭州市西湖区文二路188号737号
韩宇,920771,13881360974,0,6233@yahoo.com,江西省南昌市青山湖区北京东路456号817号
周军,075026,15186774304,0,9155@foxmail.com,黑龙江省哈尔滨市道里区中央大街99号903号
何敏,671571,15019587488,1,8058@foxmail.com,福建省厦门市思明区中山路400号243号
唐洋,656198,13924969115,0,4291@sina.com,江苏省南京市建邺区江东中路229号158号
王俊,339914,15254593805,0,8191@outlook.com,陕西省西安市未央区某某街道143号
马健,328913,13266359022,0,9118@gmail.com,湖南省长沙市雨花区劳动西路102号305号
唐俊,811631,18409945382,1,4917@outlook.com,吉林省长春市南关区人民大街123号117号
孙娟,143210,18767027782,0,653@hotmail.com,湖南省长沙市雨花区劳动西路102号826号
谢凯,929604,15500121594,1,5279@sina.com,湖南省长沙市雨花区劳动西路102号392号
郭敏,110209,18649936422,0,2089@yahoo.com,广东省深圳市南山区科技园路8号758号
何勇,349232,13884396662,1,60@foxmail.com,山东省青岛市市南区香港中路11号402号
于强,847146,13463095284,0,9943@yahoo.com,重庆市渝北区金开大道68号248号
郑磊,719769,15892824887,1,5793@yahoo.com,辽宁省大连市中山区人民路55号418号
梁玲,279544,15568241576,1,2937@aliyun.com,陕西省西安市雁塔区科技路88号150号
黄峰,093948,13625405108,0,7045@sina.com,吉林省长春市南关区人民大街123号168号
孙宇,800419,13494754268,1,3236@qq.com,北京市海淀区中关村大街1号830号
梁勇,323734,13528323766,1,1356@foxmail.com,陕西省西安市未央区某某街道262号
孙宇,147481,13564102484,1,7113@aliyun.com,黑龙江省哈尔滨市道里区中央大街99号480号
韩强,109750,13142242987,0,6056@yahoo.com,广东省深圳市南山区科技园路8号901号
林玲,817962,15329046644,0,2469@126.com,山东省青岛市市南区香港中路11号691号
于强,787592,18641103491,0,9950@163.com,上海市静安区南京西路1266号620号
韩秀兰,550118,13680682800,1,5573@hotmail.com,陕西省西安市雁塔区科技路88号632号
郭磊,545131,18896959241,0,2886@yahoo.com,江苏省南京市建邺区江东中路229号812号
朱娜,637539,13544147649,1,5389@hotmail.com,山东省青岛市市南区香港中路11号698号
林洋,188980,18068885307,0,6058@qq.com,天津市南开区卫津路94号638号
谢洋,883251,15598297349,0,2673@yahoo.com,辽宁省大连市中山区人民路55号120号
吴芳,489177,18792716514,0,3797@126.com,湖北省武汉市洪山区珞瑜路726号792号
谢凯,496972,18438341308,0,5791@qq.com,广东省深圳市南山区科技园路8号109号
张婷,385653,18998181914,1,3150@foxmail.com,湖北省武汉市洪山区珞瑜路726号384号
杨伟,958965,13755329687,0,7000@sina.com,江西省南昌市青山湖区北京东路456号872号
马涛,282588,15166369986,1,854@aliyun.com,北京市海淀区中关村大街1号145号
萧伟,357210,15349250231,1,1384@sina.com,湖南省长沙市雨花区劳动西路102号495号
萧文,265009,15673337402,1,2094@aliyun.com,重庆市渝北区金开大道68号690号
何璐,137656,18094493641,1,1378@sina.com,安徽省合肥市政务区潜山路111号25号
张洋,054133,18296151254,0,468@outlook.com,广东省深圳市南山区科技园路8号432号
吴平,023162,15648894015,0,6168@126.com,山东省青岛市市南区香港中路11号842号
高丽,110649,18279804013,0,8370@163.com,天津市南开区卫津路94号989号
何婷,517614,18133716945,0,3374@outlook.com,吉林省长春市南关区人民大街123号229号
郭璐,922936,15937734194,1,891@hotmail.com,陕西省西安市未央区某某街道905号
萧娜,158968,15561998427,0,2107@sina.com,陕西省西安市未央区某某街道626号
唐华,480573,15161525405,0,4776@sina.com,山东省青岛市市南区香港中路11号748号
萧婷,583972,13543649448,1,3534@126.com,上海市静安区南京西路1266号686号
郑敏,331090,13115120181,0,3313@sina.com,陕西省西安市未央区某某街道125号
陈静,638397,18601127528,1,165@foxmail.com,吉林省长春市南关区人民大街123号648号
罗桂英,403881,13188548992,1,1877@126.com,广东省深圳市南山区科技园路8号893号
刘雪,561487,13166033914,0,9313@foxmail.com,山东省青岛市市南区香港中路11号215号
马涛,345716,13583566288,1,1861@sina.com,北京市海淀区中关村大街1号937号
孙婷,402546,15016266871,1,3274@foxmail.com,陕西省西安市未央区某某街道283号
郑娜,916127,15845200822,1,3647@aliyun.com,黑龙江省哈尔滨市道里区中央大街99号434号
谢霞,509573,13471895022,0,6138@126.com,河南省郑州市二七区大学路80号800号
高杰,011487,15674166472,1,4113@aliyun.com,江西省南昌市青山湖区北京东路456号527号
陈霞,370115,15306129826,0,8668@yahoo.com,陕西省西安市未央区某某街道224号
胡桂英,571856,15558661303,0,9775@hotmail.com,重庆市渝北区金开大道68号803号
郑健,965640,15338879659,0,4719@outlook.com,江苏省南京市建邺区江东中路229号838号
冯悦,236493,13831642244,0,9518@qq.com,辽宁省大连市中山区人民路55号140号
高超,423230,18497119749,1,2991@qq.com,重庆市渝北区金开大道68号575号
罗伟,390713,18841104211,0,3174@hotmail.com,浙江省杭州市西湖区文二路188号692号
刘辉,424828,13926102809,0,1757@gmail.com,吉林省长春市南关区人民大街123号926号
冯俊,009273,13323413550,1,5268@qq.com,天津市南开区卫津路94号604号
吴军,026009,13584146447,0,5096@foxmail.com,四川省成都市高新区天府五街200号493号
郑娟,230840,13054423504,1,7375@foxmail.com,辽宁省大连市中山区人民路55号207号
高刚,535353,18369367157,0,5192@foxmail.com,湖北省武汉市洪山区珞瑜路726号997号
马鹏,320971,18759953431,1,7307@aliyun.com,浙江省杭州市西湖区文二路188号575号
唐悦,111122,15303182395,0,5539@gmail.com,天津市南开区卫津路94号74号
董霞,999945,18506860159,1,3691@163.com,北京市海淀区中关村大街1号911号
张悦,668987,18356213897,1,2991@163.com,广东省深圳市南山区科技园路8号792号
李丽,822883,18572802966,0,9042@gmail.com,江西省南昌市青山湖区北京东路456号717号
徐丽,578289,13150234042,0,4866@yahoo.com,四川省成都市高新区天府五街200号997号
黄浩,951392,18830018706,1,4718@qq.com,山东省青岛市市南区香港中路11号223号
陈芳,111285,13441804408,1,5244@126.com,广东省深圳市南山区科技园路8号219号
胡超,160832,18002048741,1,8570@126.com,湖北省武汉市洪山区珞瑜路726号162号
郭强,424233,13514732965,0,4674@outlook.com,湖南省长沙市雨花区劳动西路102号658号
何芳,263779,13816733308,1,1732@qq.com,陕西省西安市雁塔区科技路88号534号
吴霞,619076,13788591326,1,5546@sina.com,北京市海淀区中关村大街1号975号
杨娜,396940,13273869620,1,1791@qq.com,上海市静安区南京西路1266号635号
李文,685148,15673686624,1,4985@hotmail.com,黑龙江省哈尔滨市道里区中央大街99号92号
朱洋,254916,13683597559,1,2768@gmail.com,湖北省武汉市洪山区珞瑜路726号262号
韩静,088321,15586140920,0,3169@foxmail.com,安徽省合肥市政务区潜山路111号506号
马静,775239,15724933470,0,643@hotmail.com,安徽省合肥市政务区潜山路111号426号
冯霞,567101,18994946812,0,1931@aliyun.com,北京市海淀区中关村大街1号3号
高强,186554,18472307475,0,4738@126.com,黑龙江省哈尔滨市道里区中央大街99号792号
徐秀兰,102256,15324856209,0,9852@aliyun.com,吉林省长春市南关区人民大街123号420号
萧丽,730766,18259531349,1,7688@foxmail.com,黑龙江省哈尔滨市道里区中央大街99号693号
林悦,757328,13654457311,0,1818@outlook.com,湖北省武汉市洪山区珞瑜路726号860号
郑辉,191066,18802559159,0,3316@outlook.com,广东省深圳市南山区科技园路8号739号
郭秀兰,864597,18249508638,1,3626@gmail.com,安徽省合肥市政务区潜山路111号880号
徐宇,788679,15652969473,1,1258@gmail.com,安徽省合肥市政务区潜山路111号616号
高浩,011981,13629158804,0,8573@sina.com,辽宁省大连市中山区人民路55号815号
高宇,755990,15755116748,1,2944@163.com,上海市静安区南京西路1266号383号
梁桂英,613797,13587915132,0,6274@hotmail.com,河南省郑州市二七区大学路80号846号
谢强,617386,13916972386,1,8501@126.com,陕西省西安市雁塔区科技路88号633号
梁文,084003,15036647738,1,9240@hotmail.com,吉林省长春市南关区人民大街123号340号
萧敏,411473,18327110980,1,1904@aliyun.com,江苏省南京市建邺区江东中路229号62号
胡强,670297,18766807726,0,8784@aliyun.com,四川省成都市高新区天府五街200号462号
王俊,807470,13775208805,1,9705@yahoo.com,广东省深圳市南山区科技园路8号92号
杨超,140184,18550684771,1,5082@aliyun.com,上海市静安区南京西路1266号347号
朱洋,336541,13006233899,0,2339@foxmail.com,河南省郑州市二七区大学路80号986号
王雪,377054,18488149284,1,5454@outlook.com,四川省成都市高新区天府五街200号308号
郭杰,124943,13315370835,1,8775@foxmail.com,湖北省武汉市洪山区珞瑜路726号817号
周俊,243213,13824116882,1,9797@qq.com,广东省深圳市南山区科技园路8号315号
梁强,671058,13591261335,0,5159@hotmail.com,湖北省武汉市洪山区珞瑜路726号68号
朱辉,744553,13356996502,1,9677@hotmail.com,江苏省南京市建邺区江东中路229号452号
周杰,602040,15599948888,1,3127@yahoo.com,北京市海淀区中关村大街1号314号
黄平,541407,13573743837,0,4007@aliyun.com,湖北省武汉市洪山区珞瑜路726号490号
陈杰,267468,13491319407,0,6809@outlook.com,陕西省西安市雁塔区科技路88号598号
陈悦,893671,18884271996,0,7249@outlook.com,吉林省长春市南关区人民大街123号429号
陈雪,235922,18668311908,1,8889@aliyun.com,广东省深圳市南山区科技园路8号150号
吴峰,069098,15226139785,1,2439@sina.com,上海市静安区南京西路1266号958号
陈健,129473,18789633119,0,2133@163.com,陕西省西安市未央区某某街道519号
林俊,750673,13116543969,0,5084@gmail.com,广东省深圳市南山区科技园路8号736号
冯丽,634984,13892267551,0,5877@foxmail.com,重庆市渝北区金开大道68号677号
赵娟,124967,13906367997,0,5914@qq.com,陕西省西安市未央区某某街道395号
董婷,582012,13690049857,0,1691@outlook.com,陕西省西安市未央区某某街道977号
萧艳,055262,18482482216,0,2129@126.com,浙江省杭州市西湖区文二路188号375号
宋俊,354165,18603577575,1,5313@hotmail.com,天津市南开区卫津路94号181号
郑鹏,333813,18885606897,1,7172@126.com,吉林省长春市南关区人民大街123号773号
杨俊,093178,18589170172,0,8160@gmail.com,四川省成都市高新区天府五街200号355号
李峰,801681,15218130545,1,7530@gmail.com,重庆市渝北区金开大道68号276号
郭娜,310988,15598298058,0,2349@qq.com,湖北省武汉市洪山区珞瑜路726号546号
陈超,645557,18080290836,1,5834@gmail.com,黑龙江省哈尔滨市道里区中央大街99号543号
陈雪,962399,13033073999,0,1996@foxmail.com,湖北省武汉市洪山区珞瑜路726号349号
马璐,521202,18569799333,0,1700@aliyun.com,江西省南昌市青山湖区北京东路456号821号
刘涛,533026,18574530522,0,7373@foxmail.com,浙江省杭州市西湖区文二路188号226号
何强,439437,15999935135,0,389@foxmail.com,上海市静安区南京西路1266号498号
郭霞,539029,15310666634,0,7734@yahoo.com,重庆市渝北区金开大道68号133号
梁娟,797082,15392060893,0,2423@126.com,北京市海淀区中关村大街1号717号
宋明,314299,13276100983,0,7779@gmail.com,安徽省合肥市政务区潜山路111号917号
高静,413007,13412342102,1,3154@sina.com,上海市静安区南京西路1266号490号
梁明,543810,18192565816,1,3961@aliyun.com,河南省郑州市二七区大学路80号767号
韩明,067623,13182637364,0,3635@hotmail.com,天津市南开区卫津路94号957号
赵悦,272238,15655331364,1,9944@gmail.com,安徽省合肥市政务区潜山路111号660号
周磊,267252,13339502297,1,502@aliyun.com,吉林省长春市南关区人民大街123号957号
胡悦,233828,18206865988,0,4723@hotmail.com,安徽省合肥市政务区潜山路111号771号
张健,765582,13857685768,1,2356@163.com,北京市海淀区中关村大街1号506号
谢健,346455,18878383648,0,7190@gmail.com,浙江省杭州市西湖区文二路188号137号
徐俊,461889,13708197953,1,4766@gmail.com,吉林省长春市南关区人民大街123号146号
吴凯,310858,18276435245,1,1289@gmail.com,四川省成都市高新区天府五街200号606号
何悦,300303,15223708791,0,6903@sina.com,辽宁省大连市中山区人民路55号787号
朱伟,679129,18481069127,1,2916@126.com,江苏省南京市建邺区江东中路229号279号
罗洋,872778,18624590232,0,3795@outlook.com,吉林省长春市南关区人民大街123号584号
杨婷,445745,15933278599,0,4105@aliyun.com,广东省深圳市南山区科技园路8号363号
董悦,971523,15209900968,1,5398@gmail.com,陕西省西安市未央区某某街道430号
萧瑶,280076,15920917927,1,3758@outlook.com,江苏省南京市建邺区江东中路229号175号
王玲,746709,15899387050,0,9436@126.com,四川省成都市高新区天府五街200号681号
萧宇,253625,13452960319,0,7373@qq.com,上海市静安区南京西路1266号321号
王秀兰,407762,15258233903,0,9839@sina.com,黑龙江省哈尔滨市道里区中央大街99号227号
郭俊,483658,15514710946,1,4783@sina.com,浙江省杭州市西湖区文二路188号458号
董磊,108374,18553521928,0,8253@aliyun.com,天津市南开区卫津路94号563号
王玲,420227,13345053178,0,5367@sina.com,陕西省西安市未央区某某街道781号
唐娜,492673,13269321504,0,2434@qq.com,河南省郑州市二七区大学路80号740号
董娟,064145,18012472059,1,6285@foxmail.com,四川省成都市高新区天府五街200号810号
罗浩,361689,13402102030,0,7580@sina.com,辽宁省大连市中山区人民路55号241号
杨敏,636648,18498763477,0,111@aliyun.com,吉林省长春市南关区人民大街123号642号
董瑶,888999,18168210578,1,2423@163.com,浙江省杭州市西湖区文二路188号510号
谢静,364628,18823653474,0,1920@qq.com,四川省成都市高新区天府五街200号573号
谢芳,697213,13447331454,0,4066@outlook.com,天津市南开区卫津路94号943号
黄超,579415,13247058592,1,117@aliyun.com,天津市南开区卫津路94号75号
王刚,774143,15525864199,1,4159@yahoo.com,湖南省长沙市雨花区劳动西路102号924号
冯凯,249764,18188617903,0,8671@sina.com,陕西省西安市未央区某某街道297号
梁浩,935452,18453919689,1,4735@sina.com,江苏省南京市建邺区江东中路229号626号
刘芳,828172,18679877063,0,8211@hotmail.com,湖南省长沙市雨花区劳动西路102号543号
罗刚,273432,13100137305,0,6034@gmail.com,安徽省合肥市政务区潜山路111号706号
梁欣,961141,13622308394,0,7288@aliyun.com,陕西省西安市雁塔区科技路88号567号
徐欣,726664,15295069300,1,520@gmail.com,陕西省西安市雁塔区科技路88号927号
唐洋,727977,18888676611,0,7028@foxmail.com,陕西省西安市未央区某某街道374号
董峰,706921,18159891287,0,2486@sina.com,陕西省西安市雁塔区科技路88号962号
郭强,449807,15118009640,0,5019@hotmail.com,江苏省南京市建邺区江东中路229号10号
刘霞,776433,13313157180,0,9099@gmail.com,陕西省西安市雁塔区科技路88号384号
韩凯,928307,13855131193,1,5850@hotmail.com,黑龙江省哈尔滨市道里区中央大街99号860号
梁涛,940929,13488698011,1,7696@gmail.com,北京市海淀区中关村大街1号440号
唐明,225363,13233348355,1,5059@sina.com,湖南省长沙市雨花区劳动西路102号559号
冯刚,865250,18237484321,1,8434@163.com,陕西省西安市雁塔区科技路88号555号
林俊,528298,13868119697,1,2208@aliyun.com,黑龙江省哈尔滨市道里区中央大街99号901号
刘秀兰,598108,13347112045,0,3124@gmail.com,北京市海淀区中关村大街1号495号
胡玲,050151,18536720096,0,2849@hotmail.com,浙江省杭州市西湖区文二路188号952号
董宇,004778,18353760137,0,9093@foxmail.com,广东省深圳市南山区科技园路8号223号
周宇,166341,18611900543,0,524@126.com,陕西省西安市未央区某某街道367号
冯勇,934289,15978180203,1,8376@foxmail.com,陕西省西安市未央区某某街道675号
杨瑶,160127,18144845896,1,5990@sina.com,黑龙江省哈尔滨市道里区中央大街99号572号
刘洋,083415,15114970175,0,2553@aliyun.com,上海市静安区南京西路1266号956号
高辉,044425,18102116538,1,8111@sina.com,四川省成都市高新区天府五街200号413号
周华,268967,15743615670,1,4646@gmail.com,辽宁省大连市中山区人民路55号666号
刘敏,575753,13677079100,0,5212@yahoo.com,河南省郑州市二七区大学路80号98号
郑磊,004125,13857312677,0,5797@yahoo.com,辽宁省大连市中山区人民路55号649号
谢明,590405,15299711245,0,9579@foxmail.com,四川省成都市高新区天府五街200号630号
林勇,023111,13641250765,1,4975@163.com,湖北省武汉市洪山区珞瑜路726号502号
萧磊,686004,18970188738,1,1296@foxmail.com,湖北省武汉市洪山区珞瑜路726号974号
郑悦,234582,13995882254,0,9124@sina.com,湖南省长沙市雨花区劳动西路102号204号
梁浩,706476,15747201432,0,1456@hotmail.com,江苏省南京市建邺区江东中路229号259号
冯辉,043788,13981385663,0,1740@126.com,广东省深圳市南山区科技园路8号314号
韩玲,367837,18654556672,0,2287@hotmail.com,江西省南昌市青山湖区北京东路456号535号
罗凯,204643,13028789815,1,7205@sina.com,陕西省西安市未央区某某街道207号
何杰,399823,15727501569,1,6757@gmail.com,江西省南昌市青山湖区北京东路456号821号
于杰,614134,18316372580,1,959@foxmail.com,湖南省长沙市雨花区劳动西路102号882号
刘敏,560791,15250134408,1,8236@163.com,浙江省杭州市西湖区文二路188号698号
韩霞,942639,15987615156,0,367@163.com,广东省深圳市南山区科技园路8号919号
王磊,613813,15502871854,1,3838@gmail.com,广东省深圳市南山区科技园路8号367号
高艳,675517,18668185349,0,2775@163.com,上海市静安区南京西路1266号254号
冯峰,660821,13337000556,0,3482@foxmail.com,福建省厦门市思明区中山路400号940号
刘静,043859,15528324891,0,9314@outlook.com,河南省郑州市二七区大学路80号886号
周超,166809,13874510460,1,495@qq.com,重庆市渝北区金开大道68号126号
孙瑶,869825,18227019090,0,2929@126.com,浙江省杭州市西湖区文二路188号511号
谢俊,747446,13506248497,1,1915@foxmail.com,黑龙江省哈尔滨市道里区中央大街99号614号
王博,869013,18521050624,0,7063@126.com,福建省厦门市思明区中山路400号209号
唐浩,696640,13806580581,1,5261@foxmail.com,陕西省西安市雁塔区科技路88号894号
周勇,050335,18054773273,1,2234@qq.com,广东省深圳市南山区科技园路8号57号
周悦,682028,13727442681,0,3428@outlook.com,北京市海淀区中关村大街1号210号
唐伟,236555,13567343168,0,280@163.com,北京市海淀区中关村大街1号597号
王浩,397364,15878762469,0,748@foxmail.com,吉林省长春市南关区人民大街123号744号
董刚,474143,13226866145,0,1106@qq.com,江西省南昌市青山湖区北京东路456号940号
胡鹏,922698,18327952929,0,3835@outlook.com,陕西省西安市雁塔区科技路88号616号
刘平,998044,18902903219,1,6556@hotmail.com,福建省厦门市思明区中山路400号747号
郑宇,074400,13316178303,1,2122@foxmail.com,江苏省南京市建邺区江东中路229号683号
唐刚,093257,15563786226,0,8556@gmail.com,安徽省合肥市政务区潜山路111号196号
萧芳,307241,18670443769,1,5295@163.com,四川省成都市高新区天府五街200号945号
吴娜,018023,15308784851,0,4266@gmail.com,吉林省长春市南关区人民大街123号366号
宋宇,422154,13034397406,1,2998@outlook.com,北京市海淀区中关村大街1号988号
谢博,788951,15753884410,0,625@sina.com,辽宁省大连市中山区人民路55号925号
宋欣,474935,15385070539,1,7748@126.com,重庆市渝北区金开大道68号592号
唐峰,689212,13302661841,1,1549@foxmail.com,江西省南昌市青山湖区北京东路456号385号
梁辉,933735,13852829316,0,7628@foxmail.com,湖北省武汉市洪山区珞瑜路726号205号
唐伟,754821,15931871314,1,2467@gmail.com,天津市南开区卫津路94号221号
梁艳,810267,15281610243,1,6249@foxmail.com,江苏省南京市建邺区江东中路229号187号
林刚,367430,13593010356,1,775@163.com,陕西省西安市雁塔区科技路88号615号
黄芳,245919,13668038109,1,6593@sina.com,北京市海淀区中关村大街1号761号
王娟,694149,18209997651,0,9406@outlook.com,陕西省西安市雁塔区科技路88号652号
郭悦,604360,18901010761,1,486@outlook.com,吉林省长春市南关区人民大街123号134号
陈璐,435916,18243947886,0,7231@foxmail.com,山东省青岛市市南区香港中路11号125号
李凯,927133,18312258739,0,7207@sina.com,辽宁省大连市中山区人民路55号155号
杨芳,011278,13807497429,0,1274@outlook.com,湖南省长沙市雨花区劳动西路102号877号
杨秀兰,319132,18422510789,1,967@sina.com,湖北省武汉市洪山区珞瑜路726号65号
于勇,390476,13682360333,1,5878@foxmail.com,安徽省合肥市政务区潜山路111号911号
何悦,169489,18833493614,0,8428@outlook.com,上海市静安区南京西路1266号14号
朱明,744467,13360534729,1,1596@sina.com,湖北省武汉市洪山区珞瑜路726号539号
梁文,807669,15672708493,0,2638@163.com,河南省郑州市二七区大学路80号372号
马玲,608455,18519585127,1,4279@163.com,湖南省长沙市雨花区劳动西路102号972号
郑博,552005,15077565866,0,6933@gmail.com,天津市南开区卫津路94号474号
冯玲,853072,15958759175,1,667@aliyun.com,江西省南昌市青山湖区北京东路456号513号
于宇,060432,18167017721,0,8953@hotmail.com,重庆市渝北区金开大道68号211号
林浩,917339,15570874533,0,619@aliyun.com,重庆市渝北区金开大道68号785号
周浩,495962,18484483800,1,2705@126.com,陕西省西安市雁塔区科技路88号400号
唐强,382208,13964343915,0,5728@sina.com,福建省厦门市思明区中山路400号379号
董峰,811102,15633683324,0,9393@sina.com,四川省成都市高新区天府五街200号29号
高浩,668041,18444445847,0,5434@outlook.com,北京市海淀区中关村大街1号423号
于丽,867741,18879982359,1,8572@gmail.com,四川省成都市高新区天府五街200号455号
谢峰,107115,15529169888,0,693@gmail.com,江苏省南京市建邺区江东中路229号160号
赵博,025445,18356728560,1,9034@hotmail.com,黑龙江省哈尔滨市道里区中央大街99号513号
唐伟,092632,18823915983,0,8222@163.com,福建省厦门市思明区中山路400号752号
董强,808650,15659520915,1,7794@163.com,上海市静安区南京西路1266号807号
陈瑶,385820,18615829179,1,2239@hotmail.com,湖北省武汉市洪山区珞瑜路726号276号
何杰,704783,13110977112,1,5165@yahoo.com,河南省郑州市二七区大学路80号728号
韩瑶,897811,13885425613,0,9347@qq.com,上海市静安区南京西路1266号972号
黄超,200797,13791720597,0,4269@163.com,湖北省武汉市洪山区珞瑜路726号432号
马华,623599,18578454969,0,3975@outlook.com,重庆市渝北区金开大道68号882号
张鹏,841298,18833712294,1,7775@sina.com,黑龙江省哈尔滨市道里区中央大街99号448号
谢辉,243372,13772940767,1,4955@gmail.com,山东省青岛市市南区香港中路11号723号
黄洋,123471,18301495691,0,892@sina.com,陕西省西安市未央区某某街道484号
林军,312968,18328761818,0,6595@sina.com,吉林省长春市南关区人民大街123号890号
罗凯,028860,15352728274,0,9581@sina.com,山东省青岛市市南区香港中路11号403号
梁浩,283778,15598031400,1,2957@aliyun.com,江西省南昌市青山湖区北京东路456号509号
周勇,049204,18920835460,1,497@126.com,江苏省南京市建邺区江东中路229号122号
梁婷,930208,18473713592,0,3123@gmail.com,河南省郑州市二七区大学路80号95号
赵璐,319322,13193738885,1,8501@aliyun.com,黑龙江省哈尔滨市道里区中央大街99号913号
于平,213248,18925858324,1,8668@163.com,河南省郑州市二七区大学路80号139号
李强,352303,15333452794,0,7574@yahoo.com,辽宁省大连市中山区人民路55号779号
唐强,224314,13946062587,0,6326@foxmail.com,吉林省长春市南关区人民大街123号376号
李辉,670148,18500127464,0,1731@163.com,重庆市渝北区金开大道68号292号
刘华,886684,13025495834,0,4868@aliyun.com,江苏省南京市建邺区江东中路229号625号
吴宇,524303,13724400799,1,5915@foxmail.com,四川省成都市高新区天府五街200号80号
赵艳,908595,15851811878,1,9164@yahoo.com,上海市静安区南京西路1266号667号
郭欣,113991,18961651725,1,2821@hotmail.com,山东省青岛市市南区香港中路11号303号
郭健,703359,15710840343,0,8560@hotmail.com,黑龙江省哈尔滨市道里区中央大街99号523号
唐雪,901194,13967655515,1,7248@yahoo.com,山东省青岛市市南区香港中路11号787号
谢秀兰,868791,18756382181,1,9141@yahoo.com,安徽省合肥市政务区潜山路111号441号
高平,601967,15297636792,0,5756@gmail.com,安徽省合肥市政务区潜山路111号473号
韩桂英,409795,13932557081,1,3016@sina.com,广东省深圳市南山区科技园路8号889号
于丽,899220,13056216570,1,9707@qq.com,安徽省合肥市政务区潜山路111号244号
赵超,059855,13094325931,1,8264@gmail.com,重庆市渝北区金开大道68号116号
马平,307441,13556691325,1,4481@126.com,湖南省长沙市雨花区劳动西路102号788号
唐鹏,072982,13441147913,0,2775@foxmail.com,吉林省长春市南关区人民大街123号986号
李勇,162395,18359544311,1,4725@163.com,黑龙江省哈尔滨市道里区中央大街99号945号
刘悦,838231,15565711836,0,6862@sina.com,重庆市渝北区金开大道68号503号
韩博,667442,18410422251,0,9601@hotmail.com,河南省郑州市二七区大学路80号750号
黄文,968638,18519107781,1,2202@qq.com,广东省深圳市南山区科技园路8号421号
罗浩,656224,15614644778,1,8246@qq.com,湖北省武汉市洪山区珞瑜路726号673号
孙超,471565,18351748402,0,7645@qq.com,浙江省杭州市西湖区文二路188号568号
何强,500470,18332203832,1,566@hotmail.com,山东省青岛市市南区香港中路11号372号
宋霞,823223,15383572320,1,9347@126.com,上海市静安区南京西路1266号827号
王艳,742709,13564919714,1,1915@126.com,江西省南昌市青山湖区北京东路456号626号
高艳,664325,13253536452,1,8450@aliyun.com,江苏省南京市建邺区江东中路229号586号
孙磊,552487,18365131072,0,162@qq.com,陕西省西安市雁塔区科技路88号338号
何浩,333815,18773244221,1,3212@yahoo.com,四川省成都市高新区天府五街200号63号
萧婷,464975,13923260521,1,2128@126.com,重庆市渝北区金开大道68号30号
郑瑶,985144,13127140217,0,3207@sina.com,辽宁省大连市中山区人民路55号996号
何静,490432,13329014801,1,3402@yahoo.com,上海市静安区南京西路1266号814号
马刚,022866,13616176073,0,3544@aliyun.com,湖南省长沙市雨花区劳动西路102号283号
徐秀兰,752263,18244971538,0,5087@aliyun.com,江西省南昌市青山湖区北京东路456号556号
张辉,375675,18423465266,0,772@foxmail.com,重庆市渝北区金开大道68号238号
孙欣,824215,15665454816,0,9963@gmail.com,四川省成都市高新区天府五街200号857号
吴文,276599,15588413206,1,8644@163.com,山东省青岛市市南区香港中路11号942号
郑洋,199026,18884629082,0,6101@foxmail.com,重庆市渝北区金开大道68号908号
陈鹏,636557,15077893719,0,240@hotmail.com,陕西省西安市未央区某某街道869号
郑欣,532932,18530775283,1,1020@aliyun.com,天津市南开区卫津路94号261号
冯秀兰,468378,18699349678,0,5484@outlook.com,陕西省西安市雁塔区科技路88号185号
张霞,486426,13049484585,0,3516@163.com,安徽省合肥市政务区潜山路111号268号
董丽,460873,13052917464,0,1943@foxmail.com,四川省成都市高新区天府五街200号10号
宋辉,922738,15197577879,1,3889@163.com,江苏省南京市建邺区江东中路229号586号
何丽,061100,18099061091,1,3721@aliyun.com,上海市静安区南京西路1266号612号
高雪,520856,13418028328,0,4201@126.com,陕西省西安市雁塔区科技路88号65号
马欣,818363,13765646442,0,438@sina.com,四川省成都市高新区天府五街200号252号
赵峰,782720,15314548544,1,8584@126.com,广东省深圳市南山区科技园路8号964号
董敏,104389,15101201702,0,2023@qq.com,天津市南开区卫津路94号295号
王秀兰,429647,18667945913,0,8386@hotmail.com,吉林省长春市南关区人民大街123号753号
马明,684367,15356314566,1,5139@yahoo.com,福建省厦门市思明区中山路400号982号
黄丽,194578,18705762126,0,4372@gmail.com,上海市静安区南京西路1266号133号
徐勇,739171,15649568753,1,5860@gmail.com,湖北省武汉市洪山区珞瑜路726号210号
孙霞,525895,15116965737,1,44@yahoo.com,山东省青岛市市南区香港中路11号403号
谢芳,501220,13966561260,0,8473@126.com,浙江省杭州市西湖区文二路188号917号
高秀兰,144250,15397614195,0,1458@outlook.com,天津市南开区卫津路94号185号
郑超,311820,13178624808,0,7780@163.com,吉林省长春市南关区人民大街123号167号
宋勇,653795,13848131358,0,6177@126.com,辽宁省大连市中山区人民路55号983号
黄丽,298750,18592152314,1,5792@foxmail.com,福建省厦门市思明区中山路400号603号
于芳,284158,18755306761,0,9244@aliyun.com,安徽省合肥市政务区潜山路111号93号
于浩,630734,13900730864,1,4944@yahoo.com,黑龙江省哈尔滨市道里区中央大街99号799号
陈瑶,734977,15358231258,1,5370@aliyun.com,江苏省南京市建邺区江东中路229号52号
韩伟,831193,15687385717,0,4250@yahoo.com,吉林省长春市南关区人民大街123号563号
张雪,557957,15387274706,1,1480@yahoo.com,黑龙江省哈尔滨市道里区中央大街99号966号
孙欣,135846,13032716745,0,4878@126.com,福建省厦门市思明区中山路400号908号
谢明,485229,15156371535,0,4925@qq.com,河南省郑州市二七区大学路80号564号
林敏,242714,15709564541,1,5576@126.com,重庆市渝北区金开大道68号886号
赵辉,302818,18773523439,1,3644@hotmail.com,吉林省长春市南关区人民大街123号458号
萧桂英,976830,15657478909,0,7130@foxmail.com,吉林省长春市南关区人民大街123号755号
郭璐,838913,13243255879,0,1028@163.com,河南省郑州市二七区大学路80号575号
杨洋,337761,13920996316,0,4284@sina.com,山东省青岛市市南区香港中路11号476号
林平,632060,18425320833,1,5346@126.com,江苏省南京市建邺区江东中路229号677号
冯文,624785,18567171038,1,1907@gmail.com,安徽省合肥市政务区潜山路111号550号
罗峰,096348,15299530909,1,2440@foxmail.com,湖北省武汉市洪山区珞瑜路726号157号
冯超,581306,13915146227,1,7769@hotmail.com,河南省郑州市二七区大学路80号613号
胡鹏,632217,13154794521,1,3156@foxmail.com,辽宁省大连市中山区人民路55号385号
徐文,536873,15888104929,1,3826@163.com,北京市海淀区中关村大街1号433号
李磊,322941,15361387925,1,6090@aliyun.com,吉林省长春市南关区人民大街123号298号
梁玲,921714,18255473512,1,9654@sina.com,安徽省合肥市政务区潜山路111号324号
胡峰,828742,18113963026,0,5667@126.com,湖北省武汉市洪山区珞瑜路726号907号
郭艳,627721,18631007065,0,1523@aliyun.com,河南省郑州市二七区大学路80号298号
萧娟,803515,15808856072,1,1822@foxmail.com,黑龙江省哈尔滨市道里区中央大街99号39号
谢霞,897798,15033751711,0,8464@aliyun.com,黑龙江省哈尔滨市道里区中央大街99号208号
李健,930341,13128163046,0,3464@gmail.com,黑龙江省哈尔滨市道里区中央大街99号673号
胡凯,818597,13566031885,0,9415@163.com,安徽省合肥市政务区潜山路111号241号
高勇,661475,18744936342,0,387@yahoo.com,江苏省南京市建邺区江东中路229号671号
黄璐,183158,15620590028,0,2030@qq.com,河南省郑州市二七区大学路80号503号
张秀兰,225875,18362928369,0,2071@sina.com,湖南省长沙市雨花区劳动西路102号385号
宋敏,679182,18527607890,0,6769@163.com,陕西省西安市未央区某某街道880号
谢超,389423,15521122506,1,9794@yahoo.com,广东省深圳市南山区科技园路8号604号
董洋,689464,15283992628,0,767@outlook.com,福建省厦门市思明区中山路400号489号
郑芳,470579,13270585408,1,1276@126.com,黑龙江省哈尔滨市道里区中央大街99号488号
朱博,954667,18566953489,0,5966@outlook.com,湖南省长沙市雨花区劳动西路102号149号
林娜,840990,18284613893,1,8145@163.com,浙江省杭州市西湖区文二路188号453号
于涛,554056,15551412148,0,3935@outlook.com,江苏省南京市建邺区江东中路229号269号
李雪,750235,15124133438,0,3541@outlook.com,安徽省合肥市政务区潜山路111号85号
宋博,761249,15508467770,0,8001@126.com,辽宁省大连市中山区人民路55号821号
赵婷,342517,18942530283,0,5699@gmail.com,上海市静安区南京西路1266号36号
吴刚,391835,15512416138,1,6631@yahoo.com,广东省深圳市南山区科技园路8号462号
张辉,446554,15554348784,1,9450@yahoo.com,广东省深圳市南山区科技园路8号978号
唐婷,345428,18889047143,0,539@hotmail.com,四川省成都市高新区天府五街200号731号
冯博,620176,13178894006,0,3743@126.com,安徽省合肥市政务区潜山路111号973号
李桂英,039923,13095456676,0,2963@yahoo.com,陕西省西安市未央区某某街道888号
唐悦,002723,18894925246,0,763@sina.com,上海市静安区南京西路1266号403号
徐刚,889223,18714682790,1,8120@163.com,浙江省杭州市西湖区文二路188号683号
罗磊,792550,13166132677,1,9578@sina.com,江苏省南京市建邺区江东中路229号732号
罗杰,373326,18016908010,1,4974@163.com,江苏省南京市建邺区江东中路229号773号
董浩,595098,15096013387,1,1047@163.com,陕西省西安市雁塔区科技路88号749号
高杰,530783,13486740880,0,3749@yahoo.com,四川省成都市高新区天府五街200号485号
王勇,190679,13315652531,0,5316@qq.com,福建省厦门市思明区中山路400号550号
冯勇,955129,18088728388,1,7305@outlook.com,江西省南昌市青山湖区北京东路456号681号
杨婷,298169,18299793805,0,7334@163.com,辽宁省大连市中山区人民路55号854号
赵华,287364,18291936031,1,8751@sina.com,浙江省杭州市西湖区文二路188号134号
董敏,126644,15011357693,0,443@hotmail.com,吉林省长春市南关区人民大街123号562号
高涛,489985,13464991073,0,3803@163.com,上海市静安区南京西路1266号964号
罗洋,116830,18675272943,0,5892@hotmail.com,广东省深圳市南山区科技园路8号554号
唐峰,629928,13474383006,0,7430@163.com,江西省南昌市青山湖区北京东路456号180号
何健,092619,15844581733,1,7774@126.com,安徽省合肥市政务区潜山路111号998号
董刚,914249,15502384404,1,593@qq.com,浙江省杭州市西湖区文二路188号710号
宋宇,513076,15675518078,0,1865@126.com,吉林省长春市南关区人民大街123号962号
吴杰,494369,18784343198,0,8256@126.com,陕西省西安市未央区某某街道448号
萧娜,278059,18309101380,0,9730@sina.com,河南省郑州市二七区大学路80号952号
郑健,528950,13120931907,0,1940@sina.com,天津市南开区卫津路94号697号
冯宇,057276,15895619532,0,4280@sina.com,江苏省南京市建邺区江东中路229号237号
陈伟,088881,18450334637,1,8233@foxmail.com,黑龙江省哈尔滨市道里区中央大街99号958号
韩军,712699,18421438886,1,1721@outlook.com,陕西省西安市未央区某某街道566号
谢欣,139527,15811217641,1,2058@foxmail.com,广东省深圳市南山区科技园路8号712号
唐艳,307447,13809889078,1,7859@outlook.com,湖北省武汉市洪山区珞瑜路726号251号
于秀兰,518183,15352925783,0,8550@aliyun.com,浙江省杭州市西湖区文二路188号412号
郭军,111538,13549380879,0,9829@gmail.com,黑龙江省哈尔滨市道里区中央大街99号827号
胡华,687618,15251203957,1,150@hotmail.com,辽宁省大连市中山区人民路55号790号
何峰,979057,15388950972,1,9224@aliyun.com,辽宁省大连市中山区人民路55号639号
李娜,951261,18352063585,0,1322@hotmail.com,天津市南开区卫津路94号364号
吴瑶,710644,15714156238,0,6456@outlook.com,河南省郑州市二七区大学路80号233号
马明,403720,13343457877,0,5290@163.com,湖南省长沙市雨花区劳动西路102号776号
陈伟,761004,13111754289,0,1563@hotmail.com,福建省厦门市思明区中山路400号382号
陈磊,750945,15349484059,1,2721@gmail.com,福建省厦门市思明区中山路400号682号
梁磊,124298,13265429009,1,982@yahoo.com,天津市南开区卫津路94号293号
孙洋,388297,13673426748,1,2348@qq.com,福建省厦门市思明区中山路400号788号
韩艳,690408,18072656122,1,8400@gmail.com,重庆市渝北区金开大道68号955号
李静,137328,15356654875,0,6152@hotmail.com,吉林省长春市南关区人民大街123号783号
韩浩,929084,13348025922,0,5480@sina.com,山东省青岛市市南区香港中路11号690号
周敏,164947,13943891397,0,7686@hotmail.com,广东省深圳市南山区科技园路8号701号
何悦,437835,13859372674,0,2917@aliyun.com,浙江省杭州市西湖区文二路188号454号
郑涛,813853,13558876610,1,2319@163.com,陕西省西安市未央区某某街道811号
郑峰,529100,18873989567,0,9919@qq.com,福建省厦门市思明区中山路400号366号
王凯,378756,13107948871,1,1638@outlook.com,四川省成都市高新区天府五街200号608号
唐辉,332913,15918330793,0,5641@yahoo.com,湖南省长沙市雨花区劳动西路102号915号
孙悦,487888,15330368872,0,8486@126.com,黑龙江省哈尔滨市道里区中央大街99号77号
孙玲,775632,13183344853,0,9442@163.com,陕西省西安市未央区某某街道133号
吴芳,221472,15872522641,1,133@hotmail.com,江西省南昌市青山湖区北京东路456号705号
宋华,674834,13789965582,1,9148@outlook.com,江西省南昌市青山湖区北京东路456号698号
朱敏,561898,15970378046,1,5731@sina.com,湖南省长沙市雨花区劳动西路102号857号
朱军,964012,13643164765,1,2517@qq.com,湖南省长沙市雨花区劳动西路102号810号
董健,530750,15246585331,0,8787@yahoo.com,四川省成都市高新区天府五街200号41号
赵杰,772684,18968329142,0,9667@outlook.com,广东省深圳市南山区科技园路8号940号
韩健,427910,15131223051,1,5141@foxmail.com,湖北省武汉市洪山区珞瑜路726号457号
董健,709867,13303287833,1,3752@foxmail.com,重庆市渝北区金开大道68号996号
张平,538588,13848121143,1,2112@163.com,重庆市渝北区金开大道68号582号
韩军,536908,18797662760,0,7639@foxmail.com,福建省厦门市思明区中山路400号647号
韩平,929691,18677933672,0,3361@gmail.com,上海市静安区南京西路1266号450号
董健,518906,18487902016,1,151@sina.com,上海市静安区南京西路1266号643号
陈辉,009426,15573543974,1,9895@qq.com,陕西省西安市未央区某某街道332号
宋超,044381,15136619603,0,7770@foxmail.com,陕西省西安市雁塔区科技路88号401号
冯敏,015741,18407301171,1,6939@yahoo.com,浙江省杭州市西湖区文二路188号640号
董宇,448000,13599421067,1,84@163.com,陕西省西安市雁塔区科技路88号861号
谢刚,692579,18967806053,1,3700@hotmail.com,河南省郑州市二七区大学路80号329号
刘涛,715724,13957461160,0,9782@qq.com,浙江省杭州市西湖区文二路188号340号
周凯,482818,18478217403,0,3552@126.com,北京市海淀区中关村大街1号687号
郭敏,427997,13651347736,0,1230@hotmail.com,四川省成都市高新区天府五街200号889号
马博,584174,13468783938,1,1622@qq.com,江西省南昌市青山湖区北京东路456号933号
谢鹏,664887,18632646140,0,1107@outlook.com,福建省厦门市思明区中山路400号572号
马桂英,816065,15296151453,1,3166@foxmail.com,上海市静安区南京西路1266号824号
孙勇,845117,15220225117,1,9581@126.com,四川省成都市高新区天府五街200号634号
罗洋,343876,13829397557,0,3743@gmail.com,福建省厦门市思明区中山路400号339号
黄辉,453873,18357564270,0,2291@gmail.com,湖北省武汉市洪山区珞瑜路726号38号
冯娟,564470,18214961177,0,1894@163.com,江苏省南京市建邺区江东中路229号663号
马娜,435736,15886442011,1,2556@foxmail.com,福建省厦门市思明区中山路400号157号
何敏,453907,15289547384,0,8070@gmail.com,吉林省长春市南关区人民大街123号833号
赵超,778515,18419564973,0,8925@163.com,重庆市渝北区金开大道68号52号
李静,643713,13267945011,1,3161@foxmail.com,江苏省南京市建邺区江东中路229号266号
郑雪,443976,15231233102,0,8515@foxmail.com,山东省青岛市市南区香港中路11号729号
朱强,351360,15275053349,0,6350@163.com,江西省南昌市青山湖区北京东路456号288号
林秀兰,142497,13862669609,1,4308@gmail.com,四川省成都市高新区天府五街200号995号
冯磊,193741,15024037918,1,7343@gmail.com,重庆市渝北区金开大道68号101号
孙芳,630854,18988144612,0,3343@sina.com,广东省深圳市南山区科技园路8号658号
郑文,027346,13721972503,1,3089@126.com,吉林省长春市南关区人民大街123号1号
胡超,026199,18328520710,0,4882@aliyun.com,江苏省南京市建邺区江东中路229号770号
罗健,988045,13600502396,1,630@163.com,北京市海淀区中关村大街1号149号
吴秀兰,252803,18073527040,0,8559@aliyun.com,陕西省西安市未央区某某街道882号
刘峰,906378,13504070297,1,197@yahoo.com,浙江省杭州市西湖区文二路188号107号
萧勇,516239,15205468804,0,5525@qq.com,浙江省杭州市西湖区文二路188号55号
郭洋,700258,18415511320,1,8518@aliyun.com,辽宁省大连市中山区人民路55号362号
冯平,668639,13384888667,1,3357@foxmail.com,江西省南昌市青山湖区北京东路456号893号
李峰,748624,18959159626,1,3120@foxmail.com,山东省青岛市市南区香港中路11号682号
周霞,555729,18928473553,1,8725@hotmail.com,河南省郑州市二七区大学路80号496号
朱博,176024,18250618993,1,8386@gmail.com,江苏省南京市建邺区江东中路229号358号
于悦,941705,18553171820,0,886@hotmail.com,四川省成都市高新区天府五街200号995号
谢辉,384520,18210384958,1,86@sina.com,安徽省合肥市政务区潜山路111号88号
董辉,099959,18055852335,1,6064@aliyun.com,广东省深圳市南山区科技园路8号154号
宋文,371407,18425053397,0,314@yahoo.com,陕西省西安市未央区某某街道755号
杨雪,799027,15641648338,0,8967@foxmail.com,安徽省合肥市政务区潜山路111号438号
周刚,409218,13551093306,0,6720@gmail.com,北京市海淀区中关村大街1号525号
郑丽,834747,13263015407,1,7315@qq.com,湖北省武汉市洪山区珞瑜路726号719号
周杰,629111,13149984014,0,252@qq.com,福建省厦门市思明区中山路400号383号
梁玲,636464,18947726625,1,7413@hotmail.com,湖北省武汉市洪山区珞瑜路726号962号
吴杰,408208,15228941903,0,5416@sina.com,陕西省西安市未央区某某街道776号
胡秀兰,333982,15128356657,1,5590@outlook.com,安徽省合肥市政务区潜山路111号544号
郭军,620275,13887007687,1,5113@gmail.com,重庆市渝北区金开大道68号991号
吴浩,841452,18068463246,1,6712@126.com,吉林省长春市南关区人民大街123号416号
谢敏,843377,18245759722,1,7216@gmail.com,湖南省长沙市雨花区劳动西路102号727号
黄磊,643062,13741190844,0,3380@aliyun.com,广东省深圳市南山区科技园路8号717号
高健,816671,13045326520,1,9381@qq.com,天津市南开区卫津路94号112号
梁艳,589830,15712968020,0,9300@hotmail.com,黑龙江省哈尔滨市道里区中央大街99号344号
孙霞,339691,15366008320,1,1569@sina.com,江西省南昌市青山湖区北京东路456号988号
朱璐,823573,18627038648,0,1812@gmail.com,湖北省武汉市洪山区珞瑜路726号510号
高宇,767533,18717800534,1,4280@outlook.com,湖北省武汉市洪山区珞瑜路726号981号
郑文,964365,13516852794,1,5445@qq.com,浙江省杭州市西湖区文二路188号106号
谢雪,204087,13591142369,0,1616@foxmail.com,陕西省西安市未央区某某街道512号
刘涛,492817,13296116006,1,7032@outlook.com,上海市静安区南京西路1266号704号
周浩,954474,13544248610,0,2305@outlook.com,安徽省合肥市政务区潜山路111号182号
宋辉,408342,13610157917,1,9893@gmail.com,江西省南昌市青山湖区北京东路456号603号
郑娜,338646,18811260196,0,9308@gmail.com,北京市海淀区中关村大街1号626号
郑敏,212020,18980676260,0,4033@yahoo.com,重庆市渝北区金开大道68号241号
郑明,165919,13906025617,0,1529@sina.com,四川省成都市高新区天府五街200号121号
赵杰,913527,15250089505,0,3596@126.com,浙江省杭州市西湖区文二路188号764号
萧明,181056,13777040737,0,8659@sina.com,浙江省杭州市西湖区文二路188号396号
张杰,924417,13955204395,1,8828@hotmail.com,江苏省南京市建邺区江东中路229号323号
李敏,122194,13467473344,1,6052@hotmail.com,上海市静安区南京西路1266号132号
宋霞,676898,15631175107,0,6163@hotmail.com,湖南省长沙市雨花区劳动西路102号398号
张浩,135163,13284653830,1,2660@gmail.com,陕西省西安市雁塔区科技路88号526号
郭博,091552,15903482303,1,4668@yahoo.com,陕西省西安市未央区某某街道949号
梁艳,358892,13099602608,1,2290@foxmail.com,安徽省合肥市政务区潜山路111号158号
李健,092256,13979941013,0,4726@aliyun.com,辽宁省大连市中山区人民路55号988号
黄浩,974409,13647510205,0,1694@gmail.com,福建省厦门市思明区中山路400号695号
张欣,599656,18070177663,1,7476@163.com,四川省成都市高新区天府五街200号497号
朱军,304436,15346811968,1,1205@163.com,天津市南开区卫津路94号609号
郑凯,786600,18314701000,1,3781@126.com,江苏省南京市建邺区江东中路229号464号
何娜,310715,15677213634,0,1686@aliyun.com,陕西省西安市未央区某某街道219号
宋明,635975,13980970261,0,7984@sina.com,四川省成都市高新区天府五街200号365号
何杰,795833,15187598844,1,6956@sina.com,上海市静安区南京西路1266号408号
谢杰,661595,13962567924,1,230@sina.com,上海市静安区南京西路1266号265号
徐洋,925604,15824940660,0,5046@126.com,湖北省武汉市洪山区珞瑜路726号113号
梁凯,692368,13804211456,0,9152@126.com,安徽省合肥市政务区潜山路111号530号
宋军,921422,18095382709,0,717@163.com,吉林省长春市南关区人民大街123号575号
吴凯,965727,18159774518,1,5946@aliyun.com,吉林省长春市南关区人民大街123号729号
陈秀兰,917735,15150423447,1,3506@126.com,浙江省杭州市西湖区文二路188号46号
张敏,737057,18224661677,0,2802@aliyun.com,黑龙江省哈尔滨市道里区中央大街99号312号
李辉,083887,13593604197,1,1537@outlook.com,河南省郑州市二七区大学路80号74号
周健,367893,13819094234,1,1625@foxmail.com,浙江省杭州市西湖区文二路188号799号
胡鹏,867569,18435689468,0,1942@sina.com,湖北省武汉市洪山区珞瑜路726号208号
林娟,831854,13852361354,0,2986@yahoo.com,上海市静安区南京西路1266号702号
孙静,147137,15393952335,1,6489@gmail.com,河南省郑州市二七区大学路80号102号
萧静,656824,18671498954,0,7276@gmail.com,安徽省合肥市政务区潜山路111号37号
于健,945602,13228330182,0,2714@qq.com,浙江省杭州市西湖区文二路188号487号
林敏,180910,15195152300,1,7375@foxmail.com,四川省成都市高新区天府五街200号984号
胡峰,299063,15568777685,0,9709@outlook.com,吉林省长春市南关区人民大街123号483号
冯刚,058068,13106297811,1,1958@outlook.com,河南省郑州市二七区大学路80号53号
周勇,620134,18241660031,0,9142@hotmail.com,湖北省武汉市洪山区珞瑜路726号296号
谢杰,263713,13493761163,0,3108@outlook.com,广东省深圳市南山区科技园路8号667号
王杰,268495,13959751154,0,5923@126.com,福建省厦门市思明区中山路400号155号
董强,091040,13116733609,0,5983@yahoo.com,辽宁省大连市中山区人民路55号988号
朱静,611713,13179429478,1,1953@163.com,北京市海淀区中关村大街1号939号
朱宇,544316,13995121757,1,3504@163.com,陕西省西安市雁塔区科技路88号158号
杨俊,034876,13954642643,0,2206@hotmail.com,陕西省西安市雁塔区科技路88号669号
黄强,111288,18589474078,1,3422@yahoo.com,山东省青岛市市南区香港中路11号473号
李秀兰,147591,15730220052,1,2692@foxmail.com,吉林省长春市南关区人民大街123号594号
唐明,223346,13889423489,0,5419@outlook.com,福建省厦门市思明区中山路400号979号
罗凯,186910,15184935727,0,2365@outlook.com,重庆市渝北区金开大道68号192号
董丽,913658,13588970777,0,2033@qq.com,山东省青岛市市南区香港中路11号90号
孙洋,514698,18435791789,0,1676@gmail.com,河南省郑州市二七区大学路80号630号
郑辉,115232,15732680913,0,5015@aliyun.com,四川省成都市高新区天府五街200号556号
于芳,819820,13942808469,1,5299@126.com,吉林省长春市南关区人民大街123号91号
胡娟,677307,13789314684,1,3130@foxmail.com,河南省郑州市二七区大学路80号186号
唐娜,026094,18471570580,0,2718@hotmail.com,河南省郑州市二七区大学路80号644号
徐杰,332116,13095008855,0,56@aliyun.com,广东省深圳市南山区科技园路8号849号
徐秀兰,020466,18658071450,0,8534@yahoo.com,安徽省合肥市政务区潜山路111号638号
王磊,831718,18425977574,0,3833@126.com,吉林省长春市南关区人民大街123号915号
刘婷,513208,13593559579,0,9364@aliyun.com,安徽省合肥市政务区潜山路111号762号
韩欣,985081,18070068061,1,2672@aliyun.com,天津市南开区卫津路94号3号
宋刚,231926,13749627390,1,9376@126.com,山东省青岛市市南区香港中路11号891号
冯玲,204658,13106521141,1,6081@163.com,四川省成都市高新区天府五街200号499号
黄健,046276,15969511397,1,8725@126.com,广东省深圳市南山区科技园路8号410号
宋秀兰,641315,18836038362,0,3163@163.com,陕西省西安市雁塔区科技路88号679号
何桂英,441462,13348596746,1,7986@outlook.com,浙江省杭州市西湖区文二路188号539号
胡悦,516478,15286904722,0,3065@hotmail.com,安徽省合肥市政务区潜山路111号922号
王磊,357844,15980587284,1,2706@hotmail.com,天津市南开区卫津路94号756号
陈磊,882482,18885320022,0,2163@yahoo.com,湖北省武汉市洪山区珞瑜路726号236号
董娟,500301,18951901034,1,6471@aliyun.com,陕西省西安市雁塔区科技路88号256号
郭峰,027275,15913477946,1,1665@aliyun.com,辽宁省大连市中山区人民路55号85号
马涛,543301,18945728490,1,891@163.com,江苏省南京市建邺区江东中路229号80号
宋璐,391142,15583499476,1,6575@gmail.com,吉林省长春市南关区人民大街123号126号
王健,135028,15981367763,1,422@gmail.com,天津市南开区卫津路94号695号
赵瑶,734293,15870061784,1,9502@126.com,黑龙江省哈尔滨市道里区中央大街99号858号
董浩,030941,18431041428,0,5889@foxmail.com,北京市海淀区中关村大街1号941号
赵军,508223,13888183712,0,9374@sina.com,安徽省合肥市政务区潜山路111号868号
于娜,007331,18775724233,1,7088@126.com,江苏省南京市建邺区江东中路229号677号
罗芳,630159,15952316605,0,2787@gmail.com,吉林省长春市南关区人民大街123号114号
谢俊,252672,18162821285,0,8486@hotmail.com,吉林省长春市南关区人民大街123号129号
马雪,008206,18390022272,1,2139@hotmail.com,湖南省长沙市雨花区劳动西路102号483号
冯华,466071,13380891051,0,5272@sina.com,江西省南昌市青山湖区北京东路456号390号
陈丽,913017,15835408490,1,4620@foxmail.com,四川省成都市高新区天府五街200号942号
韩霞,548992,18408870393,0,3807@aliyun.com,安徽省合肥市政务区潜山路111号714号
王伟,965596,18842849596,1,8525@hotmail.com,山东省青岛市市南区香港中路11号698号
吴军,010095,13482567773,1,2450@qq.com,湖南省长沙市雨花区劳动西路102号819号
林俊,974239,18683717170,0,9865@foxmail.com,福建省厦门市思明区中山路400号539号
高伟,376532,18165918712,0,267@gmail.com,山东省青岛市市南区香港中路11号486号
陈俊,177206,15853897426,1,8493@outlook.com,辽宁省大连市中山区人民路55号506号
黄悦,603247,18679924349,1,4387@hotmail.com,北京市海淀区中关村大街1号126号
梁欣,271664,15035383521,1,7028@foxmail.com,黑龙江省哈尔滨市道里区中央大街99号158号
郑平,022368,15247806184,0,860@sina.com,吉林省长春市南关区人民大街123号885号
宋涛,966227,18925464303,1,2900@foxmail.com,广东省深圳市南山区科技园路8号172号
黄刚,515559,18531057016,0,3639@sina.com,浙江省杭州市西湖区文二路188号494号
唐文,455992,13679081992,1,2944@aliyun.com,陕西省西安市雁塔区科技路88号88号
罗玲,609331,15612667284,1,419@foxmail.com,四川省成都市高新区天府五街200号457号
董雪,644450,13982589527,0,8143@yahoo.com,江西省南昌市青山湖区北京东路456号77号
孙浩,624173,15218396313,0,144@163.com,吉林省长春市南关区人民大街123号378号
谢杰,479612,18471992091,0,6624@126.com,陕西省西安市雁塔区科技路88号372号
朱军,922512,13506751095,1,3977@aliyun.com,浙江省杭州市西湖区文二路188号436号
黄欣,345588,13981881191,1,2080@foxmail.com,浙江省杭州市西湖区文二路188号509号
冯杰,075846,15202775937,0,43@gmail.com,福建省厦门市思明区中山路400号342号
陈辉,834352,18589656339,0,7248@126.com,上海市静安区南京西路1266号398号
孙欣,368290,13282917822,1,3352@126.com,北京市海淀区中关村大街1号905号
唐军,658498,18411827358,1,8724@foxmail.com,河南省郑州市二七区大学路80号575号
林静,698083,18863972786,0,7694@gmail.com,黑龙江省哈尔滨市道里区中央大街99号187号
高文,788184,13884101520,0,2851@qq.com,江苏省南京市建邺区江东中路229号931号
刘桂英,149907,15752355175,1,9273@foxmail.com,重庆市渝北区金开大道68号817号
于伟,796764,13405043990,1,6363@aliyun.com,河南省郑州市二七区大学路80号451号
朱浩,590726,13941034932,1,6205@yahoo.com,北京市海淀区中关村大街1号792号
高玲,349048,18381104371,1,121@gmail.com,陕西省西安市雁塔区科技路88号622号
郑磊,821367,15862979962,1,8808@126.com,吉林省长春市南关区人民大街123号365号
王俊,703791,13183882978,1,6153@163.com,福建省厦门市思明区中山路400号696号
吴秀兰,193541,18138840439,1,6763@163.com,黑龙江省哈尔滨市道里区中央大街99号997号
李俊,249913,15553264096,1,2763@126.com,河南省郑州市二七区大学路80号126号
罗俊,927906,18325410166,0,2371@gmail.com,吉林省长春市南关区人民大街123号802号
郑娟,702960,13489543567,0,2071@aliyun.com,湖南省长沙市雨花区劳动西路102号276号
萧平,021542,15850653719,1,8396@qq.com,安徽省合肥市政务区潜山路111号588号
郭雪,812698,15350497035,0,8117@foxmail.com,陕西省西安市未央区某某街道610号
林洋,209049,18833183473,1,7216@qq.com,湖南省长沙市雨花区劳动西路102号977号
宋文,032298,15168757437,0,8565@126.com,湖北省武汉市洪山区珞瑜路726号851号
董峰,090346,13083927099,0,2488@sina.com,湖南省长沙市雨花区劳动西路102号852号
萧浩,575184,13373750765,0,3888@hotmail.com,浙江省杭州市西湖区文二路188号632号
吴鹏,127781,18878986190,0,1053@outlook.com,湖南省长沙市雨花区劳动西路102号660号
黄伟,088673,18712053471,0,3392@aliyun.com,湖南省长沙市雨花区劳动西路102号323号
黄浩,757157,13677908849,1,1227@aliyun.com,河南省郑州市二七区大学路80号396号
刘超,504635,18627971948,0,9594@outlook.com,江西省南昌市青山湖区北京东路456号730号
林婷,553987,15386450843,0,7266@yahoo.com,陕西省西安市雁塔区科技路88号599号
朱俊,399393,13956582471,1,859@aliyun.com,辽宁省大连市中山区人民路55号737号
陈敏,236682,18358949760,1,8680@outlook.com,浙江省杭州市西湖区文二路188号737号
王浩,191748,18899092102,0,9332@sina.com,辽宁省大连市中山区人民路55号796号
董健,527736,18691232552,0,6834@gmail.com,浙江省杭州市西湖区文二路188号748号
胡刚,577256,13472287940,1,6028@163.com,北京市海淀区中关村大街1号292号
吴桂英,207621,15781891663,1,9277@gmail.com,辽宁省大连市中山区人民路55号97号
谢娜,530583,13848320261,1,9431@126.com,湖南省长沙市雨花区劳动西路102号470号
杨悦,268161,13125577190,0,7968@foxmail.com,湖北省武汉市洪山区珞瑜路726号254号
郭芳,292907,18767549163,1,4405@outlook.com,上海市静安区南京西路1266号970号
唐强,679873,13396087407,0,3777@sina.com,湖北省武汉市洪山区珞瑜路726号178号
郑超,135290,15642037045,0,547@sina.com,陕西省西安市未央区某某街道698号
罗宇,862568,13739362688,1,589@foxmail.com,四川省成都市高新区天府五街200号785号
何博,023176,15703321719,1,1196@yahoo.com,湖北省武汉市洪山区珞瑜路726号719号
何凯,356937,13020119026,1,473@hotmail.com,辽宁省大连市中山区人民路55号493号
马芳,617033,18200800974,0,5924@gmail.com,浙江省杭州市西湖区文二路188号931号
陈艳,753777,13182065715,1,2062@hotmail.com,浙江省杭州市西湖区文二路188号655号
王璐,858377,18552094627,1,9272@outlook.com,浙江省杭州市西湖区文二路188号361号
林文,224330,13135988292,1,217@aliyun.com,上海市静安区南京西路1266号149号
冯瑶,914959,18879218117,1,9489@foxmail.com,江苏省南京市建邺区江东中路229号219号
陈丽,119411,13635849225,0,267@outlook.com,浙江省杭州市西湖区文二路188号894号
刘静,178640,18822320072,1,3417@outlook.com,陕西省西安市雁塔区科技路88号101号
周娜,572022,18044278313,1,2742@sina.com,山东省青岛市市南区香港中路11号68号
王明,187394,15666777731,0,2580@163.com,安徽省合肥市政务区潜山路111号24号
刘霞,662083,15923751199,0,723@sina.com,安徽省合肥市政务区潜山路111号83号
陈丽,025380,15172483117,1,8484@163.com,辽宁省大连市中山区人民路55号782号
萧华,049861,18301062082,0,665@aliyun.com,江西省南昌市青山湖区北京东路456号659号
朱伟,237786,18357472108,1,2497@aliyun.com,江西省南昌市青山湖区北京东路456号343号
孙悦,001674,18058714499,1,9276@qq.com,天津市南开区卫津路94号771号
陈娟,175960,18674987324,0,7193@foxmail.com,吉林省长春市南关区人民大街123号495号
吴静,661973,13299333710,0,5375@qq.com,上海市静安区南京西路1266号815号
朱欣,588686,18912593000,1,4932@163.com,吉林省长春市南关区人民大街123号129号
高雪,540152,13463141873,0,1608@yahoo.com,陕西省西安市雁塔区科技路88号688号
唐洋,502611,18028561575,0,9714@163.com,江西省南昌市青山湖区北京东路456号526号
王强,820849,15899965690,0,9325@hotmail.com,上海市静安区南京西路1266号861号
马娜,524332,13054538910,0,2122@126.com,江苏省南京市建邺区江东中路229号911号
郑浩,084626,18149105228,1,7746@qq.com,陕西省西安市未央区某某街道242号
吴娟,874177,13587133090,1,4825@126.com,陕西省西安市未央区某某街道496号
郭洋,354159,15541280371,0,8240@sina.com,辽宁省大连市中山区人民路55号188号
王娟,068564,15905982223,1,7658@hotmail.com,重庆市渝北区金开大道68号853号
黄鹏,185190,18325032352,1,5766@outlook.com,黑龙江省哈尔滨市道里区中央大街99号291号
周娟,081940,18175258666,0,6694@yahoo.com,山东省青岛市市南区香港中路11号621号
王华,159730,13207403868,0,2274@163.com,江苏省南京市建邺区江东中路229号911号
张洋,950737,13842101835,0,8593@foxmail.com,湖北省武汉市洪山区珞瑜路726号741号
赵丽,863582,13621192027,1,640@hotmail.com,河南省郑州市二七区大学路80号994号
王玲,651127,13240273768,0,8211@yahoo.com,重庆市渝北区金开大道68号964号
罗伟,068751,18486521622,0,9879@gmail.com,安徽省合肥市政务区潜山路111号429号
韩超,408981,18933093648,0,2200@foxmail.com,天津市南开区卫津路94号650号
李艳,662322,13608751326,1,844@sina.com,江西省南昌市青山湖区北京东路456号879号
韩凯,822672,15391395609,0,6236@163.com,湖北省武汉市洪山区珞瑜路726号123号
郑娟,947788,13910452644,0,2358@qq.com,江西省南昌市青山湖区北京东路456号658号
谢明,595086,13126532534,1,2596@yahoo.com,陕西省西安市未央区某某街道858号
徐辉,074487,13214144337,0,3628@sina.com,河南省郑州市二七区大学路80号316号
陈辉,849903,13162389815,1,7447@foxmail.com,四川省成都市高新区天府五街200号273号
于娜,273795,13168045239,0,1060@foxmail.com,江苏省南京市建邺区江东中路229号663号
王刚,687785,13372576721,1,8921@yahoo.com,广东省深圳市南山区科技园路8号593号
董雪,854100,18547091063,0,1575@yahoo.com,浙江省杭州市西湖区文二路188号660号
徐霞,185241,15267681185,1,1981@qq.com,福建省厦门市思明区中山路400号117号
马欣,351461,15120008042,1,571@yahoo.com,上海市静安区南京西路1266号97号
董峰,222883,13340190326,1,5066@163.com,福建省厦门市思明区中山路400号749号
马杰,489556,18782896154,0,6109@163.com,上海市静安区南京西路1266号929号
马超,470699,18436378801,0,8419@aliyun.com,湖南省长沙市雨花区劳动西路102号926号
宋超,658075,18287046104,0,4201@foxmail.com,陕西省西安市雁塔区科技路88号235号
唐文,511431,15648489840,1,9712@yahoo.com,陕西省西安市未央区某某街道465号
冯洋,511894,15370038417,0,1239@yahoo.com,四川省成都市高新区天府五街200号437号
宋峰,151916,18738618643,0,4585@aliyun.com,江西省南昌市青山湖区北京东路456号727号
郭雪,119622,13613486734,0,6660@yahoo.com,河南省郑州市二七区大学路80号957号
胡勇,406728,13113199373,0,5605@aliyun.com,陕西省西安市未央区某某街道232号
李杰,506721,15227688391,0,9852@hotmail.com,江苏省南京市建邺区江东中路229号54号
胡霞,713203,15344317597,1,2205@sina.com,浙江省杭州市西湖区文二路188号945号
张娟,562471,18729466153,1,6010@qq.com,江西省南昌市青山湖区北京东路456号193号
何磊,402363,18869204442,1,206@163.com,山东省青岛市市南区香港中路11号433号
郭磊,752725,13038849844,1,4400@163.com,江苏省南京市建邺区江东中路229号445号
徐平,340849,18823201923,1,7083@gmail.com,北京市海淀区中关村大街1号399号
董秀兰,510234,18433578946,0,4197@sina.com,湖北省武汉市洪山区珞瑜路726号443号
冯敏,779313,15210190048,1,1922@outlook.com,江苏省南京市建邺区江东中路229号159号
董宇,401659,13924997547,1,135@163.com,湖南省长沙市雨花区劳动西路102号525号
郑婷,932508,15611963946,1,3077@sina.com,江苏省南京市建邺区江东中路229号524号
杨秀兰,541565,18084889151,0,9677@yahoo.com,天津市南开区卫津路94号508号
孙宇,912879,15052070054,0,1162@outlook.com,重庆市渝北区金开大道68号880号
赵桂英,624509,18980910012,1,3318@gmail.com,辽宁省大连市中山区人民路55号460号
朱超,696568,15002038611,0,2474@hotmail.com,安徽省合肥市政务区潜山路111号474号
黄峰,229869,13394666909,1,7686@foxmail.com,辽宁省大连市中山区人民路55号472号
郑伟,474699,15157793461,1,1926@126.com,重庆市渝北区金开大道68号822号
梁雪,092146,15177472865,1,3673@126.com,北京市海淀区中关村大街1号166号
冯军,114882,15662556813,0,8741@163.com,辽宁省大连市中山区人民路55号770号
何娟,541168,18769543028,0,8170@aliyun.com,山东省青岛市市南区香港中路11号891号
罗艳,146149,15075337128,1,1784@yahoo.com,湖北省武汉市洪山区珞瑜路726号910号
陈健,703505,13796467216,1,3263@aliyun.com,河南省郑州市二七区大学路80号86号
冯勇,943035,18410902890,0,7268@foxmail.com,江西省南昌市青山湖区北京东路456号101号
郑明,869102,13996496356,1,849@aliyun.com,福建省厦门市思明区中山路400号898号
李玲,129406,13201742645,0,288@aliyun.com,江西省南昌市青山湖区北京东路456号856号
唐玲,130374,18341365554,1,5506@qq.com,浙江省杭州市西湖区文二路188号946号
郭峰,101967,13813824192,0,5378@outlook.com,浙江省杭州市西湖区文二路188号480号
周悦,149850,18795890808,1,939@126.com,陕西省西安市雁塔区科技路88号539号
林峰,119928,13796600340,0,9956@sina.com,重庆市渝北区金开大道68号52号
韩霞,918817,18058351533,1,1557@hotmail.com,辽宁省大连市中山区人民路55号731号
梁敏,621537,13628217227,1,6451@163.com,北京市海淀区中关村大街1号282号
张霞,359918,15247533465,0,4879@126.com,湖南省长沙市雨花区劳动西路102号254号
王雪,871915,13447388228,0,8267@foxmail.com,重庆市渝北区金开大道68号608号
何悦,510505,18158235876,1,677@126.com,山东省青岛市市南区香港中路11号211号
马桂英,191604,18932381855,1,3546@yahoo.com,河南省郑州市二七区大学路80号81号
刘静,145298,15892246501,1,8077@gmail.com,四川省成都市高新区天府五街200号273号
董瑶,246304,13170834757,0,5461@sina.com,山东省青岛市市南区香港中路11号127号
刘洋,579409,13706815432,0,8353@sina.com,福建省厦门市思明区中山路400号588号
郑军,903734,15239002823,0,4825@sina.com,浙江省杭州市西湖区文二路188号228号
胡洋,432798,18549887729,0,8031@foxmail.com,北京市海淀区中关村大街1号552号
韩欣,454509,18094360012,1,10@foxmail.com,浙江省杭州市西湖区文二路188号560号
陈凯,420227,13279002361,1,7349@aliyun.com,湖北省武汉市洪山区珞瑜路726号433号
黄勇,376044,13444252706,0,8822@163.com,江西省南昌市青山湖区北京东路456号197号
马悦,593334,13553631626,0,6349@foxmail.com,广东省深圳市南山区科技园路8号735号
刘辉,044268,18330204377,1,7917@163.com,浙江省杭州市西湖区文二路188号927号
杨娟,537304,13017435675,1,8624@foxmail.com,北京市海淀区中关村大街1号23号
胡鹏,575221,13088467354,0,1125@foxmail.com,陕西省西安市未央区某某街道45号
胡秀兰,406675,13474785419,1,5630@outlook.com,黑龙江省哈尔滨市道里区中央大街99号652号
刘博,670489,13038525184,0,9403@aliyun.com,浙江省杭州市西湖区文二路188号659号
罗涛,441832,13645055576,0,326@foxmail.com,江苏省南京市建邺区江东中路229号345号
胡欣,904637,13123247501,0,9287@qq.com,黑龙江省哈尔滨市道里区中央大街99号411号
何文,440098,18032646474,0,299@sina.com,湖南省长沙市雨花区劳动西路102号990号
冯璐,520840,15743897609,0,9461@aliyun.com,陕西省西安市雁塔区科技路88号681号
梁杰,851005,13082016695,1,1489@qq.com,吉林省长春市南关区人民大街123号537号
王俊,273984,18294051915,1,3230@outlook.com,陕西省西安市未央区某某街道767号
刘霞,088709,18832569892,1,4959@sina.com,湖南省长沙市雨花区劳动西路102号323号
高强,104960,18141998577,1,4774@yahoo.com,天津市南开区卫津路94号79号
冯勇,271396,15729108327,0,626@gmail.com,江苏省南京市建邺区江东中路229号290号
萧军,863224,13788022273,1,5034@foxmail.com,河南省郑州市二七区大学路80号476号
唐华,345142,15978316354,0,2042@yahoo.com,黑龙江省哈尔滨市道里区中央大街99号69号
林娜,810550,15586156297,1,2419@outlook.com,浙江省杭州市西湖区文二路188号368号
于娜,704284,13869968458,0,3332@aliyun.com,山东省青岛市市南区香港中路11号971号
唐凯,391076,15554688334,1,8148@163.com,北京市海淀区中关村大街1号670号
梁芳,196043,18972366396,1,8804@yahoo.com,河南省郑州市二七区大学路80号248号
萧勇,090409,15336481166,0,7245@foxmail.com,山东省青岛市市南区香港中路11号533号
朱鹏,331631,13404935608,0,8049@hotmail.com,重庆市渝北区金开大道68号753号
梁俊,497270,15600367585,0,3365@163.com,重庆市渝北区金开大道68号503号
林辉,949204,18570804084,1,2830@sina.com,黑龙江省哈尔滨市道里区中央大街99号704号
黄鹏,939862,13298398409,1,9029@126.com,吉林省长春市南关区人民大街123号680号
朱俊,245151,18795114440,1,3197@yahoo.com,四川省成都市高新区天府五街200号390号
韩瑶,847768,18739958847,0,6436@foxmail.com,江苏省南京市建邺区江东中路229号977号
萧悦,605600,18588684495,1,4546@foxmail.com,山东省青岛市市南区香港中路11号906号
李玲,313881,13456489767,0,3996@outlook.com,江苏省南京市建邺区江东中路229号42号
李欣,114680,13508296630,1,2974@yahoo.com,陕西省西安市未央区某某街道115号
周璐,684762,13356729548,1,6954@qq.com,山东省青岛市市南区香港中路11号252号
黄芳,249759,13099444620,0,588@foxmail.com,湖北省武汉市洪山区珞瑜路726号715号
梁玲,701921,13962370988,1,1540@foxmail.com,湖北省武汉市洪山区珞瑜路726号284号
胡秀兰,945733,15537240615,0,6382@sina.com,黑龙江省哈尔滨市道里区中央大街99号531号
韩洋,574652,18606255616,1,1970@gmail.com,广东省深圳市南山区科技园路8号800号
宋鹏,391201,15872848420,0,7217@hotmail.com,重庆市渝北区金开大道68号485号
张悦,074445,15837232399,1,3256@163.com,山东省青岛市市南区香港中路11号510号
王娟,707038,13519665525,1,361@outlook.com,吉林省长春市南关区人民大街123号216号
高平,823251,18156135745,1,1137@aliyun.com,吉林省长春市南关区人民大街123号306号
董秀兰,163068,15987405255,1,6060@foxmail.com,广东省深圳市南山区科技园路8号777号
王鹏,083623,15962132393,1,8820@foxmail.com,山东省青岛市市南区香港中路11号87号
宋杰,557086,13826279657,0,4976@qq.com,辽宁省大连市中山区人民路55号379号
郑军,795867,13888494589,1,8446@163.com,重庆市渝北区金开大道68号52号
杨浩,911692,15051994780,0,7498@foxmail.com,湖南省长沙市雨花区劳动西路102号159号
孙伟,828092,15818778496,0,1506@gmail.com,福建省厦门市思明区中山路400号419号
于峰,437874,15357808561,1,8687@foxmail.com,江西省南昌市青山湖区北京东路456号288号
董静,388505,13354505813,1,7119@foxmail.com,辽宁省大连市中山区人民路55号859号
张欣,979604,15772942074,1,9546@foxmail.com,河南省郑州市二七区大学路80号968号
刘雪,934101,13099719635,1,3265@aliyun.com,山东省青岛市市南区香港中路11号491号
于霞,409868,15901650848,0,4810@foxmail.com,河南省郑州市二七区大学路80号155号
王伟,408555,15879720008,1,513@163.com,黑龙江省哈尔滨市道里区中央大街99号806号
徐娜,480642,18823098446,0,6006@hotmail.com,安徽省合肥市政务区潜山路111号772号
黄雪,552471,13397467771,0,4354@163.com,河南省郑州市二七区大学路80号83号
谢雪,229494,18869245974,0,3219@126.com,北京市海淀区中关村大街1号887号
董璐,895981,15703763059,0,2435@aliyun.com,江西省南昌市青山湖区北京东路456号759号
冯凯,242768,15346386960,0,7072@163.com,江西省南昌市青山湖区北京东路456号517号
罗霞,971187,18851206912,0,2945@163.com,黑龙江省哈尔滨市道里区中央大街99号936号
陈华,855683,18787349066,0,311@qq.com,北京市海淀区中关村大街1号495号
谢鹏,790409,18517192547,0,4222@qq.com,福建省厦门市思明区中山路400号925号
罗浩,529093,18196174943,1,3605@163.com,上海市静安区南京西路1266号870号
王文,543754,13698797375,1,5629@126.com,安徽省合肥市政务区潜山路111号307号
韩军,549920,15384251171,0,4920@qq.com,黑龙江省哈尔滨市道里区中央大街99号248号
陈桂英,224283,18417439368,0,7380@qq.com,陕西省西安市未央区某某街道369号
王文,423259,13877877359,1,6397@qq.com,吉林省长春市南关区人民大街123号646号
于雪,016032,15800960913,1,9317@outlook.com,四川省成都市高新区天府五街200号389号
李峰,956745,15004553382,1,6580@gmail.com,湖南省长沙市雨花区劳动西路102号805号
于辉,189375,15544455278,0,9492@foxmail.com,河南省郑州市二七区大学路80号626号
孙娜,733242,18429175805,1,4468@outlook.com,上海市静安区南京西路1266号240号
陈鹏,019834,13551414294,0,4993@163.com,陕西省西安市雁塔区科技路88号217号
周军,457504,13201956206,0,1680@hotmail.com,湖南省长沙市雨花区劳动西路102号873号
黄明,622286,15747484279,1,3756@sina.com,湖南省长沙市雨花区劳动西路102号627号
赵娟,897207,18577226771,1,9420@aliyun.com,陕西省西安市雁塔区科技路88号926号
张伟,643685,15632116834,1,1838@qq.com,重庆市渝北区金开大道68号114号
郑娜,691230,18841923682,1,1928@126.com,江西省南昌市青山湖区北京东路456号999号
于霞,924668,13118763814,0,9766@163.com,天津市南开区卫津路94号851号
郑俊,817455,13822363850,0,3134@gmail.com,陕西省西安市未央区某某街道709号
唐超,633612,18189963662,1,3175@hotmail.com,福建省厦门市思明区中山路400号367号
何芳,646329,18218669530,0,5013@gmail.com,湖南省长沙市雨花区劳动西路102号266号
黄俊,937807,18790250555,1,1357@aliyun.com,北京市海淀区中关村大街1号41号
冯明,967856,18398678689,0,6377@gmail.com,四川省成都市高新区天府五街200号692号
宋涛,185302,18983085780,1,1465@foxmail.com,北京市海淀区中关村大街1号565号
杨博,701301,18826145641,1,8382@163.com,江苏省南京市建邺区江东中路229号228号
张悦,761016,13954769568,1,2705@gmail.com,北京市海淀区中关村大街1号882号
高艳,375335,15378053923,1,9183@yahoo.com,重庆市渝北区金开大道68号658号
吴丽,279783,13121462572,1,6882@hotmail.com,四川省成都市高新区天府五街200号4号
郭伟,723708,13709335354,1,2517@outlook.com,辽宁省大连市中山区人民路55号237号
赵玲,779710,18658545963,1,630@yahoo.com,福建省厦门市思明区中山路400号416号
赵峰,757692,13788317172,0,9360@foxmail.com,湖南省长沙市雨花区劳动西路102号749号
孙悦,087089,18704930473,0,9509@sina.com,天津市南开区卫津路94号323号
梁宇,345840,15657922573,0,7006@hotmail.com,上海市静安区南京西路1266号397号
周平,190909,13551122899,0,8961@sina.com,黑龙江省哈尔滨市道里区中央大街99号83号
孙峰,728614,15020512990,0,6458@foxmail.com,北京市海淀区中关村大街1号110号
杨超,923979,15340402401,1,4461@qq.com,湖南省长沙市雨花区劳动西路102号256号
谢平,270474,18102215218,1,2651@qq.com,北京市海淀区中关村大街1号637号
高浩,643083,13647925729,0,3243@foxmail.com,江苏省南京市建邺区江东中路229号604号
胡丽,056879,13525361943,0,7812@126.com,上海市静安区南京西路1266号992号
孙健,730463,15886893986,0,7441@hotmail.com,江苏省南京市建邺区江东中路229号445号
赵文,984428,13235619542,1,599@hotmail.com,安徽省合肥市政务区潜山路111号39号
徐芳,841398,15395970540,0,8407@outlook.com,陕西省西安市未央区某某街道482号
郑洋,887621,15998346862,1,8754@hotmail.com,江西省南昌市青山湖区北京东路456号488号
胡伟,740033,13916098132,1,1938@163.com,重庆市渝北区金开大道68号133号
刘悦,874250,15324899120,0,5470@outlook.com,山东省青岛市市南区香港中路11号585号
马雪,346921,13345648971,1,3982@126.com,四川省成都市高新区天府五街200号910号
宋凯,077113,13504763452,0,1270@gmail.com,山东省青岛市市南区香港中路11号63号
何浩,764765,15693194383,1,7312@163.com,四川省成都市高新区天府五街200号48号
于玲,607921,18823260192,1,9575@outlook.com,福建省厦门市思明区中山路400号299号
冯辉,145325,15975246149,0,8888@126.com,福建省厦门市思明区中山路400号246号
何洋,657559,15649720938,1,4467@163.com,辽宁省大连市中山区人民路55号717号
马健,973064,18704242397,0,7212@outlook.com,陕西省西安市雁塔区科技路88号64号
谢婷,382642,15584811315,0,46@aliyun.com,上海市静安区南京西路1266号546号
周娜,974795,13877864634,0,7831@hotmail.com,重庆市渝北区金开大道68号372号
董浩,704993,15337268638,1,9069@qq.com,山东省青岛市市南区香港中路11号459号
林刚,929143,18964305223,0,5048@outlook.com,河南省郑州市二七区大学路80号768号
吴娟,075439,18603736620,1,8209@163.com,陕西省西安市未央区某某街道583号
梁凯,086798,13630319835,1,8685@outlook.com,辽宁省大连市中山区人民路55号365号
孙华,859945,15958903314,0,6912@outlook.com,福建省厦门市思明区中山路400号914号
于俊,962190,15280931946,1,5306@126.com,北京市海淀区中关村大街1号837号
罗超,812799,13955853892,1,2022@gmail.com,北京市海淀区中关村大街1号792号
赵宇,080997,18373776317,1,9757@qq.com,浙江省杭州市西湖区文二路188号25号
马桂英,248458,15317916411,1,6925@163.com,北京市海淀区中关村大街1号952号
刘超,504080,15749978276,0,9006@foxmail.com,河南省郑州市二七区大学路80号709号
徐秀兰,465472,18721423896,0,4246@sina.com,上海市静安区南京西路1266号786号
黄辉,304103,18576055811,0,798@qq.com,四川省成都市高新区天府五街200号999号
何俊,071427,13736489479,1,8236@yahoo.com,吉林省长春市南关区人民大街123号346号
萧玲,786740,18424073246,0,3113@126.com,山东省青岛市市南区香港中路11号765号
徐芳,264441,15615877891,0,7113@foxmail.com,河南省郑州市二七区大学路80号748号
孙军,801585,18247728996,1,7466@qq.com,陕西省西安市雁塔区科技路88号806号
郭华,929136,15703235162,1,5314@hotmail.com,重庆市渝北区金开大道68号639号
高桂英,646551,15551732077,1,299@hotmail.com,北京市海淀区中关村大街1号897号
罗平,545578,13000057229,1,7102@aliyun.com,辽宁省大连市中山区人民路55号284号
高健,066538,18672825326,1,7446@126.com,山东省青岛市市南区香港中路11号498号
董玲,346213,18328923796,0,3775@gmail.com,广东省深圳市南山区科技园路8号577号
杨艳,736589,15873496428,0,7053@hotmail.com,江西省南昌市青山湖区北京东路456号374号
王磊,429938,13614332201,1,9190@gmail.com,重庆市渝北区金开大道68号155号
刘雪,661542,13265633274,0,8091@yahoo.com,福建省厦门市思明区中山路400号174号
陈强,920425,15807590304,0,7859@foxmail.com,天津市南开区卫津路94号934号
郭俊,948114,15885923099,1,7065@yahoo.com,陕西省西安市雁塔区科技路88号895号
胡婷,227228,13897078504,0,1949@gmail.com,陕西省西安市未央区某某街道8号
于雪,468329,15529802711,0,8625@foxmail.com,湖南省长沙市雨花区劳动西路102号947号
于静,862412,15975940820,0,398@aliyun.com,陕西省西安市未央区某某街道214号
黄欣,737759,18752114868,0,5657@aliyun.com,广东省深圳市南山区科技园路8号519号
黄明,342342,18238899834,0,5222@foxmail.com,辽宁省大连市中山区人民路55号32号
陈娜,477634,18838407321,0,1037@163.com,江苏省南京市建邺区江东中路229号537号
李博,734629,15043493137,0,9505@126.com,天津市南开区卫津路94号357号
胡婷,503063,13340252580,1,3558@hotmail.com,安徽省合肥市政务区潜山路111号101号
萧强,295918,15193997295,1,465@foxmail.com,浙江省杭州市西湖区文二路188号723号
林军,457496,15031381679,1,8720@foxmail.com,重庆市渝北区金开大道68号901号
于军,901868,18073930882,0,8374@yahoo.com,湖北省武汉市洪山区珞瑜路726号485号
何文,623264,18014422666,0,1842@qq.com,山东省青岛市市南区香港中路11号687号
高博,072346,13565181315,0,2954@aliyun.com,山东省青岛市市南区香港中路11号397号
孙华,286081,18938169760,1,8064@hotmail.com,吉林省长春市南关区人民大街123号630号
陈静,437680,15768693111,1,4904@aliyun.com,山东省青岛市市南区香港中路11号375号
孙勇,207630,18477652678,0,8016@yahoo.com,辽宁省大连市中山区人民路55号521号
徐辉,784739,15837548379,1,1328@outlook.com,上海市静安区南京西路1266号118号
朱鹏,874830,13951085407,0,1987@outlook.com,湖北省武汉市洪山区珞瑜路726号666号
韩峰,096181,18425250393,1,6831@outlook.com,吉林省长春市南关区人民大街123号394号
周明,072313,13750023140,1,4975@163.com,浙江省杭州市西湖区文二路188号75号
萧秀兰,708190,15985655354,1,9248@yahoo.com,安徽省合肥市政务区潜山路111号228号
梁军,609700,18722377383,0,8375@qq.com,上海市静安区南京西路1266号532号
徐霞,614957,13148889695,1,7978@qq.com,湖北省武汉市洪山区珞瑜路726号659号
高华,307632,13446129149,1,4727@yahoo.com,吉林省长春市南关区人民大街123号132号
谢凯,653224,15962288182,1,9740@yahoo.com,重庆市渝北区金开大道68号49号
朱雪,552643,15896534991,1,2654@sina.com,辽宁省大连市中山区人民路55号731号
张桂英,847760,18746257012,1,5290@hotmail.com,上海市静安区南京西路1266号210号
林勇,872902,15185646931,0,6283@foxmail.com,陕西省西安市雁塔区科技路88号941号
宋娟,147404,15986283172,1,2044@aliyun.com,陕西省西安市雁塔区科技路88号587号
韩刚,501610,15552226055,0,8853@sina.com,湖南省长沙市雨花区劳动西路102号884号
徐伟,285018,15810909990,0,969@aliyun.com,广东省深圳市南山区科技园路8号474号
林伟,921994,15346972098,0,5390@sina.com,湖北省武汉市洪山区珞瑜路726号363号
郑华,040595,18858654912,0,1057@126.com,湖南省长沙市雨花区劳动西路102号603号
李娟,628499,18285332982,1,5717@126.com,安徽省合肥市政务区潜山路111号645号
谢辉,224481,15868661718,1,7044@foxmail.com,湖南省长沙市雨花区劳动西路102号963号
刘艳,131284,15157710936,1,7457@hotmail.com,北京市海淀区中关村大街1号134号
徐玲,061416,15134962098,1,6928@yahoo.com,陕西省西安市未央区某某街道968号
郑桂英,442009,18113776605,0,385@163.com,湖北省武汉市洪山区珞瑜路726号655号
宋玲,145744,15293680289,1,1435@yahoo.com,重庆市渝北区金开大道68号355号
朱静,084986,13338218967,1,1017@foxmail.com,安徽省合肥市政务区潜山路111号5号
宋敏,722470,18998289568,1,7090@outlook.com,广东省深圳市南山区科技园路8号539号
吴霞,703418,18902150883,0,2447@163.com,吉林省长春市南关区人民大街123号107号
朱明,724036,15166812129,1,3043@sina.com,北京市海淀区中关村大街1号887号
周静,068769,18880681062,0,2174@aliyun.com,陕西省西安市未央区某某街道74号
韩洋,106176,18692261455,0,103@aliyun.com,安徽省合肥市政务区潜山路111号345号
胡芳,802486,13428776246,0,7251@gmail.com,重庆市渝北区金开大道68号855号
董欣,670402,18138107629,0,8533@foxmail.com,吉林省长春市南关区人民大街123号106号
张华,960176,15912821316,1,5519@126.com,河南省郑州市二七区大学路80号393号
吴华,707020,15549408206,0,3505@gmail.com,福建省厦门市思明区中山路400号695号
冯凯,382549,13771686999,0,805@hotmail.com,四川省成都市高新区天府五街200号175号
刘玲,586194,15389505769,1,838@aliyun.com,安徽省合肥市政务区潜山路111号507号
朱芳,029343,13670312962,0,3826@aliyun.com,四川省成都市高新区天府五街200号483号
徐婷,205739,13799165505,1,9059@outlook.com,四川省成都市高新区天府五街200号127号
韩涛,144776,15770902929,0,9380@aliyun.com,福建省厦门市思明区中山路400号781号
董艳,167611,18111115745,1,1282@126.com,广东省深圳市南山区科技园路8号817号
张俊,690221,18759732147,1,8105@foxmail.com,湖南省长沙市雨花区劳动西路102号41号
宋桂英,926552,18791205785,0,326@aliyun.com,天津市南开区卫津路94号884号
张静,097831,18378012892,0,6611@qq.com,江西省南昌市青山湖区北京东路456号271号
林凯,550043,18491472760,0,3415@yahoo.com,江苏省南京市建邺区江东中路229号907号
杨俊,602801,15363112027,1,4175@foxmail.com,陕西省西安市未央区某某街道671号
孙勇,761996,18848561747,0,2548@126.com,陕西省西安市雁塔区科技路88号973号
陈超,715865,15394052526,1,5953@aliyun.com,安徽省合肥市政务区潜山路111号854号
周霞,918818,18820794609,1,8666@foxmail.com,天津市南开区卫津路94号375号
赵涛,099655,13996882601,1,6737@qq.com,四川省成都市高新区天府五街200号277号
于博,327947,15184054261,0,3652@126.com,上海市静安区南京西路1266号998号
谢欣,085201,15504284166,0,1974@outlook.com,湖北省武汉市洪山区珞瑜路726号204号
宋静,356778,18281775466,0,6505@foxmail.com,福建省厦门市思明区中山路400号157号
于健,020459,13245048574,0,3496@outlook.com,河南省郑州市二七区大学路80号401号
周浩,685837,15133367381,0,6834@hotmail.com,江苏省南京市建邺区江东中路229号767号
谢芳,490036,15738489490,1,4072@sina.com,天津市南开区卫津路94号911号
杨刚,028470,15360293291,0,4350@outlook.com,重庆市渝北区金开大道68号770号
孙霞,809891,13057125469,0,1635@qq.com,湖南省长沙市雨花区劳动西路102号879号
陈娟,083724,15610123412,0,3497@foxmail.com,福建省厦门市思明区中山路400号438号
林华,546520,15122866629,0,4812@hotmail.com,黑龙江省哈尔滨市道里区中央大街99号343号
郭瑶,900422,18077233528,0,5484@foxmail.com,四川省成都市高新区天府五街200号612号
周雪,551765,15949925376,1,6579@qq.com,江西省南昌市青山湖区北京东路456号474号
高娜,511206,13023166792,0,9727@yahoo.com,河南省郑州市二七区大学路80号759号
朱勇,195751,18971340750,1,73@163.com,江西省南昌市青山湖区北京东路456号979号
马平,259412,18957441236,0,1352@hotmail.com,浙江省杭州市西湖区文二路188号878号
谢涛,172537,18012991828,1,895@outlook.com,山东省青岛市市南区香港中路11号499号
郑洋,856175,18131306455,0,2524@qq.com,辽宁省大连市中山区人民路55号908号
孙桂英,664610,15720257723,0,8423@foxmail.com,山东省青岛市市南区香港中路11号929号
周辉,414061,13035928149,0,9061@hotmail.com,湖南省长沙市雨花区劳动西路102号97号
周强,551145,15670624519,0,439@gmail.com,陕西省西安市未央区某某街道362号
谢军,340501,15684343658,1,8728@sina.com,山东省青岛市市南区香港中路11号853号
于欣,556866,13546102183,1,2006@foxmail.com,吉林省长春市南关区人民大街123号626号
黄杰,350702,15791727497,0,3853@foxmail.com,广东省深圳市南山区科技园路8号822号
冯平,117716,18308172631,0,2629@aliyun.com,浙江省杭州市西湖区文二路188号507号
韩霞,276912,13759552667,0,7951@aliyun.com,陕西省西安市雁塔区科技路88号575号
王娜,231161,18706926897,0,7930@gmail.com,陕西省西安市未央区某某街道669号
郭华,933209,13229252376,1,6201@hotmail.com,天津市南开区卫津路94号431号
高秀兰,037456,18754860235,0,9438@163.com,江西省南昌市青山湖区北京东路456号371号
冯欣,540645,18891923836,0,8978@aliyun.com,山东省青岛市市南区香港中路11号425号
董敏,017622,15153323804,1,8915@aliyun.com,湖南省长沙市雨花区劳动西路102号240号
高勇,779411,15319989467,0,9404@163.com,广东省深圳市南山区科技园路8号593号
朱娟,300686,18280097989,0,551@outlook.com,江西省南昌市青山湖区北京东路456号450号
高璐,602550,15783206291,1,204@aliyun.com,吉林省长春市南关区人民大街123号780号
萧洋,434374,18653871726,1,90@sina.com,江苏省南京市建邺区江东中路229号345号
罗华,924028,13849087936,1,9361@126.com,江西省南昌市青山湖区北京东路456号919号
冯宇,873705,15351971084,1,2916@foxmail.com,湖南省长沙市雨花区劳动西路102号956号
于桂英,837929,18739931169,1,1535@aliyun.com,湖南省长沙市雨花区劳动西路102号737号
宋艳,011638,13545515591,0,3942@aliyun.com,陕西省西安市雁塔区科技路88号167号
徐敏,470187,18779741674,1,3598@hotmail.com,天津市南开区卫津路94号165号
杨欣,223959,18846234370,1,8858@sina.com,广东省深圳市南山区科技园路8号839号
陈军,639954,18073117669,0,6858@yahoo.com,安徽省合肥市政务区潜山路111号848号
胡辉,985878,15076315903,1,3645@yahoo.com,辽宁省大连市中山区人民路55号41号
宋瑶,376645,18518480416,1,6740@yahoo.com,重庆市渝北区金开大道68号139号
何悦,051585,15613703591,1,8629@aliyun.com,天津市南开区卫津路94号685号
梁雪,042815,18893362015,1,9960@sina.com,江西省南昌市青山湖区北京东路456号587号
萧静,507577,15551413414,0,4055@126.com,陕西省西安市雁塔区科技路88号467号
朱博,156537,18613376087,0,3669@aliyun.com,上海市静安区南京西路1266号451号
唐磊,621423,18166054782,0,7957@126.com,广东省深圳市南山区科技园路8号365号
冯刚,702912,15003718944,1,7750@sina.com,陕西省西安市未央区某某街道327号
郑丽,127576,15649103471,1,1694@sina.com,湖北省武汉市洪山区珞瑜路726号404号
张峰,765211,15588408397,1,7922@gmail.com,辽宁省大连市中山区人民路55号655号
罗瑶,929947,18623694712,0,9794@yahoo.com,安徽省合肥市政务区潜山路111号113号
梁宇,783824,15003970074,0,9777@qq.com,四川省成都市高新区天府五街200号411号
徐瑶,314485,13742265868,1,3729@126.com,河南省郑州市二七区大学路80号600号
张洋,623642,15822136138,1,399@126.com,湖北省武汉市洪山区珞瑜路726号715号
罗健,313959,18573867330,1,9711@gmail.com,陕西省西安市未央区某某街道974号
罗强,762403,15940366603,1,908@sina.com,山东省青岛市市南区香港中路11号695号
何艳,004124,13143686162,1,2454@126.com,陕西省西安市未央区某某街道248号
韩明,515870,15238974281,0,1940@outlook.com,河南省郑州市二七区大学路80号562号
萧桂英,996329,15734398469,0,2204@sina.com,安徽省合肥市政务区潜山路111号140号
高娟,487180,15585476211,0,8634@163.com,吉林省长春市南关区人民大街123号897号
杨璐,621573,18037508866,0,9886@sina.com,陕西省西安市雁塔区科技路88号773号
郭婷,234306,18468737087,1,7538@outlook.com,天津市南开区卫津路94号972号
杨峰,573091,18306498426,1,84@gmail.com,陕西省西安市雁塔区科技路88号495号
王霞,301834,18631633690,0,7341@foxmail.com,福建省厦门市思明区中山路400号862号
梁健,854613,15333914958,1,5892@aliyun.com,上海市静安区南京西路1266号78号
罗浩,199403,18670845934,1,8863@aliyun.com,黑龙江省哈尔滨市道里区中央大街99号75号
黄艳,217553,18858899671,0,198@yahoo.com,陕西省西安市雁塔区科技路88号656号
林芳,366383,15929218464,0,6282@126.com,福建省厦门市思明区中山路400号86号
杨瑶,368388,18603252965,0,9183@126.com,广东省深圳市南山区科技园路8号506号
萧博,903875,13464969225,0,1647@aliyun.com,浙江省杭州市西湖区文二路188号609号
朱涛,889370,13263514861,0,6673@sina.com,辽宁省大连市中山区人民路55号423号
陈刚,874094,15667955848,1,3527@126.com,四川省成都市高新区天府五街200号956号
何鹏,283480,18283628105,0,70@aliyun.com,河南省郑州市二七区大学路80号341号
张峰,960726,13315911423,0,2944@yahoo.com,安徽省合肥市政务区潜山路111号231号
王静,917736,18607527898,0,6471@yahoo.com,辽宁省大连市中山区人民路55号297号
吴刚,553729,15783661597,1,9732@gmail.com,陕西省西安市未央区某某街道445号
张博,614031,18859236759,0,5025@foxmail.com,河南省郑州市二七区大学路80号851号
赵芳,957255,15231910246,1,8513@163.com,湖北省武汉市洪山区珞瑜路726号311号
马欣,589524,15844560944,0,8595@126.com,上海市静安区南京西路1266号354号
张桂英,308019,15961666374,0,178@foxmail.com,安徽省合肥市政务区潜山路111号943号
张瑶,830811,18503067308,0,7757@163.com,四川省成都市高新区天府五街200号874号
于超,237807,15822879921,0,2415@foxmail.com,山东省青岛市市南区香港中路11号109号
谢辉,156794,13707268312,0,8214@126.com,湖南省长沙市雨花区劳动西路102号795号
杨桂英,190799,13149188194,1,4420@foxmail.com,湖北省武汉市洪山区珞瑜路726号426号
梁刚,507654,18581347468,1,2040@hotmail.com,湖南省长沙市雨花区劳动西路102号863号
唐瑶,317586,13508226771,0,5885@aliyun.com,吉林省长春市南关区人民大街123号609号
周博,929322,13355759319,0,139@outlook.com,江苏省南京市建邺区江东中路229号170号
唐明,383780,18806148497,0,1487@163.com,广东省深圳市南山区科技园路8号462号
于刚,959030,15890409707,1,2940@foxmail.com,吉林省长春市南关区人民大街123号216号
董文,363199,18476166893,0,3118@163.com,浙江省杭州市西湖区文二路188号918号
萧峰,875711,15762718647,0,3148@126.com,湖北省武汉市洪山区珞瑜路726号858号
唐静,708404,18885651199,1,2080@hotmail.com,吉林省长春市南关区人民大街123号928号
徐磊,340619,13149870650,0,6088@aliyun.com,湖北省武汉市洪山区珞瑜路726号538号
林娟,145283,15190909209,0,1712@foxmail.com,浙江省杭州市西湖区文二路188号274号
赵秀兰,635914,15670851320,1,9853@foxmail.com,河南省郑州市二七区大学路80号534号
吴博,956538,13126682688,1,5994@126.com,山东省青岛市市南区香港中路11号786号
吴静,296420,13413452366,1,2776@hotmail.com,北京市海淀区中关村大街1号20号
高华,205002,15530075982,1,408@aliyun.com,辽宁省大连市中山区人民路55号787号
马浩,797159,18429864208,1,1460@gmail.com,湖南省长沙市雨花区劳动西路102号270号
张秀兰,114197,18405908212,0,280@yahoo.com,福建省厦门市思明区中山路400号217号
刘桂英,763905,15724648508,0,678@hotmail.com,安徽省合肥市政务区潜山路111号430号
杨超,223506,13126828879,1,9622@gmail.com,辽宁省大连市中山区人民路55号398号
冯博,365232,15770409060,1,4203@foxmail.com,吉林省长春市南关区人民大街123号83号
陈勇,766035,15844455775,0,262@sina.com,陕西省西安市雁塔区科技路88号494号
萧平,997826,13836312261,1,3721@aliyun.com,山东省青岛市市南区香港中路11号623号
谢瑶,672972,18511213391,0,1892@sina.com,北京市海淀区中关村大街1号690号
郭华,496655,15656877185,0,1470@outlook.com,广东省深圳市南山区科技园路8号425号
罗磊,480925,18972691804,1,4792@163.com,四川省成都市高新区天府五街200号941号
郭俊,176334,15901483344,0,6763@163.com,四川省成都市高新区天府五街200号521号
徐明,693009,18974246249,0,9855@foxmail.com,吉林省长春市南关区人民大街123号265号
宋娟,300845,15518172334,0,2206@126.com,四川省成都市高新区天府五街200号781号
冯俊,414844,13925131162,1,8213@outlook.com,天津市南开区卫津路94号128号
梁婷,216847,15923392981,1,8088@aliyun.com,吉林省长春市南关区人民大街123号833号
罗浩,848253,13888325077,0,8673@qq.com,吉林省长春市南关区人民大街123号74号
冯勇,090696,18416525830,1,4135@qq.com,北京市海淀区中关村大街1号346号
高洋,854087,18771831938,1,67@aliyun.com,四川省成都市高新区天府五街200号592号
刘娜,466393,15137884002,0,4545@qq.com,吉林省长春市南关区人民大街123号549号
黄静,612844,13774658132,0,4537@sina.com,重庆市渝北区金开大道68号884号
唐俊,026403,18057438859,1,1005@qq.com,吉林省长春市南关区人民大街123号202号
李婷,890538,15647190837,1,9007@foxmail.com,湖北省武汉市洪山区珞瑜路726号529号
冯桂英,245034,18470285814,0,1614@qq.com,湖南省长沙市雨花区劳动西路102号666号
刘娟,390479,15975564727,0,7481@gmail.com,陕西省西安市雁塔区科技路88号827号
韩悦,436439,15289335832,0,1570@hotmail.com,山东省青岛市市南区香港中路11号58号
孙军,682770,13045945100,1,6199@aliyun.com,黑龙江省哈尔滨市道里区中央大街99号832号
周桂英,629835,13965193799,1,227@gmail.com,福建省厦门市思明区中山路400号442号
高华,382442,15523231930,1,9947@foxmail.com,陕西省西安市雁塔区科技路88号522号
刘雪,488006,13497194568,1,6260@hotmail.com,广东省深圳市南山区科技园路8号233号
孙洋,769338,15384736363,1,3159@yahoo.com,广东省深圳市南山区科技园路8号926号
孙刚,156438,15993309663,0,7995@qq.com,陕西省西安市雁塔区科技路88号974号
萧敏,341421,13570485188,1,1759@aliyun.com,吉林省长春市南关区人民大街123号56号
朱伟,026031,18676375864,0,2450@qq.com,北京市海淀区中关村大街1号334号
周秀兰,766476,13460775123,0,1470@foxmail.com,重庆市渝北区金开大道68号239号
朱欣,660370,13359227203,1,2304@yahoo.com,黑龙江省哈尔滨市道里区中央大街99号366号
徐俊,833452,15751363271,0,5653@gmail.com,安徽省合肥市政务区潜山路111号79号
于静,920924,15199723283,1,9614@yahoo.com,北京市海淀区中关村大街1号148号
马勇,078838,13935911054,0,7275@163.com,湖北省武汉市洪山区珞瑜路726号450号
郑宇,036089,15133760188,1,1756@126.com,江苏省南京市建邺区江东中路229号952号
郑玲,115067,15807237046,1,5891@foxmail.com,陕西省西安市雁塔区科技路88号537号
周凯,450424,15582670403,0,6845@sina.com,四川省成都市高新区天府五街200号874号
何敏,622410,13047165186,0,488@outlook.com,上海市静安区南京西路1266号373号
韩芳,599001,15938231811,1,3048@126.com,辽宁省大连市中山区人民路55号214号
何桂英,375082,18622243873,1,3731@163.com,安徽省合肥市政务区潜山路111号600号
谢伟,622014,13771654126,0,2026@163.com,天津市南开区卫津路94号38号
陈静,207696,13835314638,1,1874@sina.com,北京市海淀区中关村大街1号944号
徐凯,263063,13918183444,1,7203@gmail.com,江西省南昌市青山湖区北京东路456号572号
杨璐,298586,13959171562,0,6427@126.com,黑龙江省哈尔滨市道里区中央大街99号419号
周静,009931,18706257442,0,8794@gmail.com,河南省郑州市二七区大学路80号325号
朱勇,373931,15082618202,0,2739@aliyun.com,重庆市渝北区金开大道68号302号
徐娜,632721,13384188292,1,9742@163.com,浙江省杭州市西湖区文二路188号672号
唐婷,092283,13808799938,0,105@foxmail.com,湖北省武汉市洪山区珞瑜路726号146号
萧静,423764,13531938167,1,7706@foxmail.com,四川省成都市高新区天府五街200号184号
杨悦,044646,13041113180,1,7469@gmail.com,陕西省西安市雁塔区科技路88号339号
王宇,558235,15922361477,1,5682@foxmail.com,浙江省杭州市西湖区文二路188号146号
孙芳,073123,15373042057,0,1705@qq.com,安徽省合肥市政务区潜山路111号674号
张华,474612,15745031727,0,6275@outlook.com,陕西省西安市未央区某某街道456号
孙敏,206170,13850923893,0,4117@hotmail.com,福建省厦门市思明区中山路400号931号
孙平,606826,18805872458,1,5172@163.com,上海市静安区南京西路1266号965号
韩凯,705995,15521781480,1,8789@163.com,福建省厦门市思明区中山路400号293号
孙艳,375708,13311169530,1,4030@outlook.com,湖北省武汉市洪山区珞瑜路726号631号
董勇,442878,13563934503,0,8409@foxmail.com,北京市海淀区中关村大街1号454号
宋涛,342031,15030158041,1,176@yahoo.com,安徽省合肥市政务区潜山路111号604号
马刚,052008,18541367224,0,4090@yahoo.com,浙江省杭州市西湖区文二路188号358号
陈娜,852334,15752060804,1,9267@126.com,浙江省杭州市西湖区文二路188号732号
赵霞,970891,13716064190,0,2878@yahoo.com,上海市静安区南京西路1266号261号
谢敏,377946,15741189651,0,7601@outlook.com,湖南省长沙市雨花区劳动西路102号868号
黄秀兰,915876,18081612756,0,7026@outlook.com,四川省成都市高新区天府五街200号492号
赵瑶,625572,13947301851,1,941@sina.com,山东省青岛市市南区香港中路11号323号
吴欣,875401,18340849246,0,4137@outlook.com,陕西省西安市雁塔区科技路88号588号
周博,950303,18327347844,1,9010@gmail.com,江苏省南京市建邺区江东中路229号671号
刘婷,214648,15714740624,0,9874@qq.com,上海市静安区南京西路1266号95号
孙华,345769,18061394103,0,2473@aliyun.com,江西省南昌市青山湖区北京东路456号485号
刘静,396602,13115970208,0,5160@126.com,重庆市渝北区金开大道68号619号
孙瑶,998805,18661046741,1,6766@qq.com,吉林省长春市南关区人民大街123号845号
李雪,260776,13151592237,1,1633@163.com,黑龙江省哈尔滨市道里区中央大街99号478号
徐洋,477066,15791904087,1,7244@gmail.com,辽宁省大连市中山区人民路55号277号
于军,968546,13913422446,1,5117@foxmail.com,湖北省武汉市洪山区珞瑜路726号810号
张强,698393,18651633141,1,8914@hotmail.com,河南省郑州市二七区大学路80号995号
于瑶,214874,18851404021,0,4018@outlook.com,天津市南开区卫津路94号330号
胡娟,745159,18047434795,0,6083@sina.com,江苏省南京市建邺区江东中路229号265号
赵辉,020784,15516071495,0,9048@foxmail.com,江西省南昌市青山湖区北京东路456号711号
郑璐,133650,18564942149,1,8435@hotmail.com,四川省成都市高新区天府五街200号959号
罗艳,194322,13471924415,0,943@sina.com,江苏省南京市建邺区江东中路229号666号
朱文,835779,13191023523,1,5412@aliyun.com,四川省成都市高新区天府五街200号695号
梁华,600141,18235826968,1,6048@gmail.com,陕西省西安市未央区某某街道86号
孙辉,647663,15006909092,1,8412@foxmail.com,湖北省武汉市洪山区珞瑜路726号783号
吴勇,821326,18241666817,0,8532@126.com,湖北省武汉市洪山区珞瑜路726号467号
于洋,797018,18619224452,1,6355@sina.com,天津市南开区卫津路94号264号
谢平,789376,13991824241,0,2044@163.com,陕西省西安市雁塔区科技路88号277号
李静,306636,13985517386,1,9295@sina.com,北京市海淀区中关村大街1号570号
杨军,077754,13712216118,0,8100@hotmail.com,浙江省杭州市西湖区文二路188号468号
刘军,671952,15234152115,1,5936@gmail.com,陕西省西安市雁塔区科技路88号990号
陈浩,064442,15542738175,1,3075@hotmail.com,河南省郑州市二七区大学路80号790号
于芳,173683,13475544732,0,1531@yahoo.com,重庆市渝北区金开大道68号906号
杨芳,779984,13991888007,1,6474@outlook.com,福建省厦门市思明区中山路400号997号
萧平,299943,15308818406,0,9036@gmail.com,吉林省长春市南关区人民大街123号877号
谢丽,603396,18714798437,1,4941@gmail.com,四川省成都市高新区天府五街200号309号
林涛,658558,18511282483,0,2317@aliyun.com,陕西省西安市雁塔区科技路88号671号
孙宇,181200,15503022445,1,9136@foxmail.com,湖南省长沙市雨花区劳动西路102号63号
梁瑶,973706,18771968386,0,8251@hotmail.com,陕西省西安市未央区某某街道498号
周华,334465,15010875422,0,8468@foxmail.com,天津市南开区卫津路94号561号
林悦,121305,13209419926,1,8303@outlook.com,福建省厦门市思明区中山路400号647号
王杰,923670,18651971553,0,4837@gmail.com,吉林省长春市南关区人民大街123号781号
林文,320549,13868672566,1,757@sina.com,湖南省长沙市雨花区劳动西路102号822号
张强,006050,18247749777,1,4076@outlook.com,湖南省长沙市雨花区劳动西路102号443号
王洋,311909,13001173575,1,5183@sina.com,江苏省南京市建邺区江东中路229号17号
周伟,485597,18966038625,1,9501@hotmail.com,浙江省杭州市西湖区文二路188号269号
罗玲,364695,18904054333,1,3782@aliyun.com,山东省青岛市市南区香港中路11号436号
罗霞,301542,13001910935,1,1995@aliyun.com,辽宁省大连市中山区人民路55号416号
林雪,706744,18201696430,0,9946@aliyun.com,江苏省南京市建邺区江东中路229号585号
宋明,680207,13330340114,1,9658@qq.com,四川省成都市高新区天府五街200号926号
唐娟,129278,18019637022,1,7733@sina.com,安徽省合肥市政务区潜山路111号517号
郑涛,565066,15910770052,1,6950@outlook.com,山东省青岛市市南区香港中路11号697号
梁磊,058625,13308198446,0,7718@126.com,江西省南昌市青山湖区北京东路456号689号
冯婷,627463,15529678091,0,6353@foxmail.com,福建省厦门市思明区中山路400号429号
宋文,648497,13063550180,0,7248@foxmail.com,福建省厦门市思明区中山路400号335号
徐华,132820,18079607850,1,1497@gmail.com,浙江省杭州市西湖区文二路188号745号
赵超,194377,18579650218,1,2350@aliyun.com,安徽省合肥市政务区潜山路111号26号
罗艳,728484,18201413597,0,7435@126.com,辽宁省大连市中山区人民路55号991号
杨勇,210381,18682062734,0,9237@hotmail.com,重庆市渝北区金开大道68号150号
张丽,601783,15033519182,1,8402@qq.com,四川省成都市高新区天府五街200号93号
高玲,109268,13433652986,0,5255@yahoo.com,江西省南昌市青山湖区北京东路456号407号
杨刚,307659,15699602538,1,1659@yahoo.com,陕西省西安市雁塔区科技路88号373号
冯健,499814,15771857493,0,9148@aliyun.com,陕西省西安市未央区某某街道999号
王勇,658275,18588641013,1,6889@foxmail.com,天津市南开区卫津路94号373号
高芳,710438,18278178945,0,3872@163.com,吉林省长春市南关区人民大街123号621号
刘丽,705529,13319324182,0,6614@outlook.com,吉林省长春市南关区人民大街123号609号
赵丽,942430,13628813981,1,6944@aliyun.com,湖南省长沙市雨花区劳动西路102号227号
孙婷,888363,13551472385,0,1023@hotmail.com,湖南省长沙市雨花区劳动西路102号1号
徐伟,092449,13187022157,0,3272@126.com,江苏省南京市建邺区江东中路229号164号
董欣,771138,18915370825,1,1891@qq.com,福建省厦门市思明区中山路400号442号
董健,115987,13266957646,0,7070@gmail.com,四川省成都市高新区天府五街200号260号
郑文,411539,15887863374,1,4769@foxmail.com,上海市静安区南京西路1266号850号
赵欣,153995,13218030870,0,1896@126.com,重庆市渝北区金开大道68号791号
高秀兰,226858,13198940185,0,9375@qq.com,江苏省南京市建邺区江东中路229号85号
萧丽,347569,18715018475,0,550@sina.com,安徽省合肥市政务区潜山路111号489号
郑悦,051061,18657942670,1,7496@foxmail.com,江苏省南京市建邺区江东中路229号84号
何悦,895470,18591489400,1,3920@126.com,上海市静安区南京西路1266号140号
周伟,868702,18401165909,0,6283@qq.com,山东省青岛市市南区香港中路11号713号
于平,236135,15869905632,0,6398@outlook.com,北京市海淀区中关村大街1号965号
何俊,772176,18043872411,0,3759@sina.com,河南省郑州市二七区大学路80号151号
宋超,179096,18206071059,0,4750@126.com,黑龙江省哈尔滨市道里区中央大街99号620号
高强,156943,18647440638,1,9830@aliyun.com,湖南省长沙市雨花区劳动西路102号131号
张艳,865590,18022380154,1,2132@outlook.com,四川省成都市高新区天府五街200号323号
唐艳,413997,13018772877,0,2497@hotmail.com,辽宁省大连市中山区人民路55号285号
杨静,052418,13974537593,0,4506@sina.com,陕西省西安市雁塔区科技路88号291号
李桂英,749804,18150127175,0,7746@126.com,江西省南昌市青山湖区北京东路456号227号
徐芳,877157,15655462128,0,4898@foxmail.com,湖北省武汉市洪山区珞瑜路726号389号
萧俊,873198,18866055978,0,1502@aliyun.com,黑龙江省哈尔滨市道里区中央大街99号70号
梁欣,641997,13355489492,0,1774@gmail.com,浙江省杭州市西湖区文二路188号55号
吴宇,115066,13798965194,1,8773@163.com,陕西省西安市雁塔区科技路88号784号
何伟,684497,18655482824,0,5117@126.com,湖南省长沙市雨花区劳动西路102号301号
唐军,513972,13719078755,0,3641@163.com,河南省郑州市二七区大学路80号866号
冯博,336359,15184301990,0,1089@163.com,辽宁省大连市中山区人民路55号945号
郑艳,711761,18449015255,1,830@163.com,天津市南开区卫津路94号783号
周宇,816546,15344819706,1,6647@126.com,吉林省长春市南关区人民大街123号616号
胡秀兰,343595,15245926753,1,3776@foxmail.com,江苏省南京市建邺区江东中路229号211号
张军,913164,18219430473,0,6740@hotmail.com,黑龙江省哈尔滨市道里区中央大街99号630号
董璐,677622,15308103601,1,9600@163.com,湖南省长沙市雨花区劳动西路102号218号
王刚,117208,13625505728,1,2292@aliyun.com,陕西省西安市雁塔区科技路88号787号
唐静,631286,18828106863,1,9032@163.com,江西省南昌市青山湖区北京东路456号744号
韩峰,312872,18483147263,1,5925@aliyun.com,黑龙江省哈尔滨市道里区中央大街99号738号
周伟,128463,15976373895,1,223@126.com,河南省郑州市二七区大学路80号844号
韩伟,593410,18298768689,0,5017@yahoo.com,黑龙江省哈尔滨市道里区中央大街99号549号
李鹏,380914,18938287494,1,7795@yahoo.com,广东省深圳市南山区科技园路8号319号
唐瑶,709402,18321777538,0,4032@hotmail.com,黑龙江省哈尔滨市道里区中央大街99号526号
郑伟,332871,13279088218,0,69@aliyun.com,湖北省武汉市洪山区珞瑜路726号804号
徐娜,314255,18516230491,1,2015@foxmail.com,陕西省西安市雁塔区科技路88号313号
马娜,884136,13222514739,1,2928@gmail.com,重庆市渝北区金开大道68号161号
高博,620243,15323718939,0,2628@qq.com,安徽省合肥市政务区潜山路111号266号
黄秀兰,600703,18140478856,0,3632@163.com,福建省厦门市思明区中山路400号186号
梁敏,508223,15553243632,1,262@163.com,湖南省长沙市雨花区劳动西路102号584号
郭霞,245076,18804021720,0,9678@yahoo.com,北京市海淀区中关村大街1号165号
胡涛,419613,15977520987,0,3219@qq.com,河南省郑州市二七区大学路80号267号
王涛,317998,13519774236,1,2059@outlook.com,陕西省西安市未央区某某街道775号
吴鹏,523378,13040146846,0,2245@hotmail.com,吉林省长春市南关区人民大街123号348号
周洋,568396,13495639999,0,1709@163.com,辽宁省大连市中山区人民路55号747号
马艳,998008,18555181593,0,7186@qq.com,陕西省西安市未央区某某街道674号
杨文,975510,15255662931,0,3766@foxmail.com,江西省南昌市青山湖区北京东路456号514号
林秀兰,694306,18698168675,1,3087@aliyun.com,黑龙江省哈尔滨市道里区中央大街99号7号
张静,873230,15771605272,1,7250@hotmail.com,河南省郑州市二七区大学路80号691号
吴悦,498463,13666961676,0,6191@qq.com,吉林省长春市南关区人民大街123号224号
徐欣,380835,18375344140,1,3220@aliyun.com,河南省郑州市二七区大学路80号264号
赵洋,594603,18527563705,0,8528@outlook.com,陕西省西安市未央区某某街道523号
陈文,588458,15160541116,1,2214@gmail.com,重庆市渝北区金开大道68号164号
林文,471400,15903424042,1,2161@163.com,重庆市渝北区金开大道68号85号
周玲,974434,15286396267,0,8513@qq.com,福建省厦门市思明区中山路400号225号
唐鹏,209351,18277645298,0,4566@qq.com,天津市南开区卫津路94号61号
徐辉,192968,18602357492,1,2267@126.com,山东省青岛市市南区香港中路11号51号
林霞,812617,13851294917,0,3802@aliyun.com,湖北省武汉市洪山区珞瑜路726号535号
罗宇,925851,18138955765,0,3853@gmail.com,山东省青岛市市南区香港中路11号886号
唐静,941783,15996859220,1,2796@sina.com,湖北省武汉市洪山区珞瑜路726号528号
杨军,789526,15836568655,0,8939@foxmail.com,天津市南开区卫津路94号385号
高丽,118966,13403611663,0,841@sina.com,上海市静安区南京西路1266号365号
马明,215563,18491184666,1,4744@foxmail.com,陕西省西安市未央区某某街道549号
于敏,578460,15738413589,0,1600@aliyun.com,黑龙江省哈尔滨市道里区中央大街99号865号
刘凯,575442,15507117139,0,9727@163.com,江苏省南京市建邺区江东中路229号689号
杨浩,646184,18156461666,0,3691@qq.com,陕西省西安市未央区某某街道108号
徐浩,979329,15220919740,1,906@qq.com,陕西省西安市雁塔区科技路88号950号
刘鹏,281413,18983843414,0,9541@163.com,四川省成都市高新区天府五街200号26号
梁璐,675951,18974580230,0,1639@gmail.com,江苏省南京市建邺区江东中路229号274号
马凯,588473,15852875902,1,7601@foxmail.com,福建省厦门市思明区中山路400号942号
徐峰,072020,15946891789,1,3151@gmail.com,辽宁省大连市中山区人民路55号191号
萧俊,338978,13713955057,0,5747@outlook.com,安徽省合肥市政务区潜山路111号771号
马娜,923878,18088750869,0,7035@outlook.com,山东省青岛市市南区香港中路11号116号
韩丽,949483,13055238415,0,7707@yahoo.com,重庆市渝北区金开大道68号331号
赵敏,685631,13134157272,1,5757@yahoo.com,湖南省长沙市雨花区劳动西路102号247号
罗文,624759,18179520536,0,7980@gmail.com,吉林省长春市南关区人民大街123号570号
谢宇,951964,13845323149,0,1966@foxmail.com,上海市静安区南京西路1266号957号
冯霞,662088,18153219341,1,6003@126.com,浙江省杭州市西湖区文二路188号881号
周静,433689,13607295289,1,2130@gmail.com,黑龙江省哈尔滨市道里区中央大街99号751号
马浩,204971,18458282705,0,953@aliyun.com,山东省青岛市市南区香港中路11号544号
朱艳,758058,13724141595,1,4234@gmail.com,山东省青岛市市南区香港中路11号484号
郭洋,589219,18280359898,1,7797@sina.com,四川省成都市高新区天府五街200号791号
徐华,103476,13168520298,0,6573@hotmail.com,湖北省武汉市洪山区珞瑜路726号348号
陈娟,170334,18234235414,0,882@gmail.com,山东省青岛市市南区香港中路11号38号
于涛,603854,13977298647,1,7133@hotmail.com,上海市静安区南京西路1266号240号
罗欣,196284,18166858527,1,9067@aliyun.com,广东省深圳市南山区科技园路8号309号
朱俊,669201,13796163289,1,7912@gmail.com,陕西省西安市雁塔区科技路88号200号
徐静,667994,15783381250,1,5275@hotmail.com,山东省青岛市市南区香港中路11号341号
谢艳,630957,18888262796,1,2367@hotmail.com,江苏省南京市建邺区江东中路229号302号
朱洋,933569,13236563604,1,423@qq.com,安徽省合肥市政务区潜山路111号822号
罗杰,483324,13487480396,0,2272@outlook.com,江西省南昌市青山湖区北京东路456号344号
张桂英,717345,15511418980,1,2363@sina.com,广东省深圳市南山区科技园路8号92号
唐杰,573890,15540096130,0,9102@126.com,吉林省长春市南关区人民大街123号218号
罗雪,497584,15517598868,0,8040@outlook.com,四川省成都市高新区天府五街200号95号
萧婷,405386,18611453071,0,6514@163.com,北京市海淀区中关村大街1号86号
徐强,619750,15057759416,0,4743@qq.com,河南省郑州市二七区大学路80号652号
高平,007399,18902296917,0,7415@126.com,福建省厦门市思明区中山路400号104号
周婷,435418,13814831352,1,5726@qq.com,湖北省武汉市洪山区珞瑜路726号302号
朱洋,985965,15154327598,1,2500@sina.com,安徽省合肥市政务区潜山路111号724号
刘文,590551,15360791091,0,3835@yahoo.com,安徽省合肥市政务区潜山路111号104号
韩霞,058622,18178710128,1,995@gmail.com,北京市海淀区中关村大街1号609号
王强,891844,15138271167,1,2313@foxmail.com,四川省成都市高新区天府五街200号218号
韩勇,583601,13030162663,0,6796@126.com,江西省南昌市青山湖区北京东路456号951号
吴博,522006,18359697874,1,7290@126.com,广东省深圳市南山区科技园路8号101号
董敏,769595,13924745453,0,5786@hotmail.com,辽宁省大连市中山区人民路55号994号
林静,248422,13388521641,0,2012@qq.com,广东省深圳市南山区科技园路8号446号
朱峰,081174,18575775877,1,7439@126.com,浙江省杭州市西湖区文二路188号839号
梁鹏,087880,18251100167,1,4956@yahoo.com,广东省深圳市南山区科技园路8号662号
吴华,625936,15849059555,1,8647@qq.com,山东省青岛市市南区香港中路11号974号
杨霞,783381,18760273000,0,4129@qq.com,江西省南昌市青山湖区北京东路456号904号
张平,399497,18594530838,0,6232@aliyun.com,浙江省杭州市西湖区文二路188号470号
何敏,308805,13481710024,0,2021@outlook.com,江苏省南京市建邺区江东中路229号635号
罗艳,746102,13532474392,0,5929@163.com,山东省青岛市市南区香港中路11号133号
唐华,297980,15797724319,1,5397@hotmail.com,广东省深圳市南山区科技园路8号775号
王磊,092736,15099295872,0,5252@126.com,福建省厦门市思明区中山路400号437号
张军,893103,15556287166,0,2982@hotmail.com,黑龙江省哈尔滨市道里区中央大街99号740号
高霞,256148,13341988074,1,3026@163.com,陕西省西安市未央区某某街道916号
唐桂英,855174,18374775456,1,8979@outlook.com,北京市海淀区中关村大街1号426号
马丽,885681,13515633580,0,6312@126.com,陕西省西安市未央区某某街道650号
徐洋,585503,13458507233,0,8300@outlook.com,吉林省长春市南关区人民大街123号493号
黄文,500430,13349512993,1,3391@gmail.com,四川省成都市高新区天府五街200号586号
赵凯,691032,15677216901,1,2333@foxmail.com,黑龙江省哈尔滨市道里区中央大街99号186号
王凯,356846,18476867107,1,8799@aliyun.com,陕西省西安市雁塔区科技路88号232号
宋博,069050,13337028688,1,8069@outlook.com,黑龙江省哈尔滨市道里区中央大街99号253号
董文,019052,18823733838,1,8484@yahoo.com,湖北省武汉市洪山区珞瑜路726号761号
何军,860730,18507062226,1,6597@sina.com,湖南省长沙市雨花区劳动西路102号892号
谢桂英,401056,18231947228,1,5602@sina.com,辽宁省大连市中山区人民路55号657号
马平,991714,13537895272,0,2354@163.com,湖南省长沙市雨花区劳动西路102号353号
王秀兰,383333,18141023056,0,9650@163.com,陕西省西安市未央区某某街道884号
谢娜,917525,13960565963,0,8556@yahoo.com,天津市南开区卫津路94号922号
郭静,888927,15674258245,0,3045@yahoo.com,陕西省西安市雁塔区科技路88号862号
何艳,052167,18391789413,0,3014@126.com,黑龙江省哈尔滨市道里区中央大街99号849号
董健,931464,18160220926,0,4822@qq.com,重庆市渝北区金开大道68号299号
朱凯,380247,15183130413,0,1377@gmail.com,重庆市渝北区金开大道68号662号
王鹏,296298,15358353692,0,6587@gmail.com,北京市海淀区中关村大街1号121号
郑磊,290589,15226316385,1,8974@gmail.com,北京市海淀区中关村大街1号347号
韩华,039301,15618932552,0,5104@yahoo.com,天津市南开区卫津路94号17号
林悦,012146,18109082989,0,4250@yahoo.com,重庆市渝北区金开大道68号665号
孙强,660232,13504313813,1,6726@gmail.com,重庆市渝北区金开大道68号728号
朱伟,212329,18512442158,1,8666@foxmail.com,四川省成都市高新区天府五街200号286号
董玲,761757,15607443579,0,3054@yahoo.com,四川省成都市高新区天府五街200号850号
赵刚,639940,18917940134,0,9359@hotmail.com,陕西省西安市未央区某某街道268号
高辉,363194,18036797921,0,4014@gmail.com,天津市南开区卫津路94号428号
张刚,260212,18846500805,1,936@hotmail.com,江西省南昌市青山湖区北京东路456号751号
梁伟,868644,15766771313,0,1108@aliyun.com,四川省成都市高新区天府五街200号854号
郭洋,660816,18156169505,1,386@foxmail.com,陕西省西安市雁塔区科技路88号414号
王欣,494747,18883185726,1,7164@outlook.com,江西省南昌市青山湖区北京东路456号842号
韩鹏,812641,13410631841,0,6497@foxmail.com,安徽省合肥市政务区潜山路111号298号
林勇,262575,15001332243,1,7193@163.com,吉林省长春市南关区人民大街123号126号
张悦,832811,15124396472,1,4012@126.com,河南省郑州市二七区大学路80号714号
王丽,547863,15158804897,1,1651@qq.com,北京市海淀区中关村大街1号157号
周秀兰,088538,18374211027,1,7915@qq.com,陕西省西安市雁塔区科技路88号77号
王瑶,767263,18374373369,0,144@sina.com,上海市静安区南京西路1266号339号
林明,107954,18553029449,0,7234@126.com,吉林省长春市南关区人民大街123号729号
周伟,473605,15302680778,0,5723@outlook.com,浙江省杭州市西湖区文二路188号842号
高璐,891876,18081103525,0,6959@outlook.com,重庆市渝北区金开大道68号686号
赵艳,084809,15084787155,0,1328@hotmail.com,陕西省西安市雁塔区科技路88号898号
董伟,280055,15515331741,1,7542@hotmail.com,山东省青岛市市南区香港中路11号992号
孙桂英,376929,13536129134,0,107@outlook.com,吉林省长春市南关区人民大街123号184号
宋文,515092,13136007178,1,629@outlook.com,陕西省西安市雁塔区科技路88号524号
张婷,222017,15725448781,0,3682@hotmail.com,广东省深圳市南山区科技园路8号922号
朱健,946939,18865160098,1,2009@hotmail.com,浙江省杭州市西湖区文二路188号311号
周涛,855913,18951319429,1,1777@outlook.com,安徽省合肥市政务区潜山路111号392号
梁敏,695195,13616876311,1,3690@yahoo.com,江西省南昌市青山湖区北京东路456号568号
韩华,105665,13005866017,1,1365@sina.com,湖北省武汉市洪山区珞瑜路726号721号
张婷,437910,13913014741,0,1485@hotmail.com,浙江省杭州市西湖区文二路188号381号
谢超,415443,15770300823,1,4640@gmail.com,四川省成都市高新区天府五街200号137号
孙玲,609788,13862659828,0,546@hotmail.com,广东省深圳市南山区科技园路8号451号
朱凯,719674,18051962214,1,9040@aliyun.com,广东省深圳市南山区科技园路8号332号
黄瑶,478323,13955219199,0,6279@gmail.com,安徽省合肥市政务区潜山路111号778号
张勇,980840,15024426966,1,1301@aliyun.com,四川省成都市高新区天府五街200号538号
张涛,922782,15340898491,1,441@aliyun.com,山东省青岛市市南区香港中路11号604号
吴娟,113591,13236859178,0,4629@aliyun.com,黑龙江省哈尔滨市道里区中央大街99号985号
马璐,222776,18464290108,0,2850@163.com,黑龙江省哈尔滨市道里区中央大街99号455号
何静,322368,18562911569,1,9703@126.com,福建省厦门市思明区中山路400号767号
郭雪,864507,18197993114,1,3380@126.com,山东省青岛市市南区香港中路11号791号
郭丽,326953,15140397894,1,6734@yahoo.com,陕西省西安市未央区某某街道460号
于刚,513218,18677233461,1,4736@outlook.com,陕西省西安市未央区某某街道591号
陈玲,466330,13723400003,1,5162@qq.com,重庆市渝北区金开大道68号299号
郭艳,132088,18763283616,0,6470@qq.com,陕西省西安市雁塔区科技路88号414号
冯博,011796,18862869632,1,5638@163.com,福建省厦门市思明区中山路400号183号
郭桂英,909198,18030774298,0,1147@qq.com,上海市静安区南京西路1266号754号
宋娟,322135,15738205551,1,4239@163.com,辽宁省大连市中山区人民路55号654号
黄伟,406542,18195321952,0,1278@yahoo.com,吉林省长春市南关区人民大街123号946号
韩华,376341,18557797964,0,4533@aliyun.com,吉林省长春市南关区人民大街123号45号
梁健,537715,13071156505,0,201@outlook.com,广东省深圳市南山区科技园路8号342号
罗俊,727956,15271149142,0,5339@aliyun.com,广东省深圳市南山区科技园路8号955号
吴磊,680357,15805040729,1,5692@126.com,吉林省长春市南关区人民大街123号597号
张悦,611725,13248648609,0,5976@foxmail.com,山东省青岛市市南区香港中路11号620号
杨秀兰,002379,15166787818,1,3885@outlook.com,江西省南昌市青山湖区北京东路456号293号
林洋,468449,15056374857,1,2625@aliyun.com,陕西省西安市雁塔区科技路88号17号
林峰,466114,18330870836,0,2804@yahoo.com,吉林省长春市南关区人民大街123号422号
何桂英,595309,15025374033,0,9067@163.com,河南省郑州市二七区大学路80号309号
梁峰,280818,18478409205,1,1849@gmail.com,山东省青岛市市南区香港中路11号809号
于欣,231521,13523946689,1,4173@foxmail.com,浙江省杭州市西湖区文二路188号733号
郑勇,754006,18859165110,0,9290@qq.com,江苏省南京市建邺区江东中路229号178号
赵鹏,300767,18482534345,1,1973@outlook.com,四川省成都市高新区天府五街200号27号
王静,417510,18227530388,0,3056@sina.com,北京市海淀区中关村大街1号213号
李丽,646783,18815796594,1,2639@outlook.com,重庆市渝北区金开大道68号260号
吴凯,345527,13462560701,0,4876@sina.com,天津市南开区卫津路94号769号
韩霞,015437,18641591790,1,5151@foxmail.com,北京市海淀区中关村大街1号119号
朱明,784845,15571281559,0,1497@qq.com,北京市海淀区中关村大街1号565号
孙桂英,787914,18040384038,1,8066@sina.com,福建省厦门市思明区中山路400号716号
林辉,169323,15243275273,0,1518@yahoo.com,辽宁省大连市中山区人民路55号393号
宋军,150737,13310701139,0,7298@163.com,北京市海淀区中关村大街1号261号
宋勇,175894,18309891633,0,6719@sina.com,福建省厦门市思明区中山路400号421号
郑桂英,842927,15562386855,0,9703@outlook.com,福建省厦门市思明区中山路400号410号
朱磊,790304,18561770009,1,9119@foxmail.com,福建省厦门市思明区中山路400号100号
于洋,532538,13554740342,0,4619@hotmail.com,辽宁省大连市中山区人民路55号4号
朱瑶,039542,18319309059,0,7396@qq.com,四川省成都市高新区天府五街200号29号
何华,964881,18560141139,1,5730@foxmail.com,江苏省南京市建邺区江东中路229号963号
黄平,712248,18230164975,1,1850@outlook.com,山东省青岛市市南区香港中路11号812号
吴华,280183,15351255996,0,5084@hotmail.com,湖北省武汉市洪山区珞瑜路726号543号
宋宇,463316,15835159544,0,1876@aliyun.com,吉林省长春市南关区人民大街123号795号
罗勇,732998,13995111211,1,319@aliyun.com,山东省青岛市市南区香港中路11号513号
朱健,825280,18691785478,1,7832@yahoo.com,四川省成都市高新区天府五街200号250号
林玲,164194,18228836738,0,6466@hotmail.com,江西省南昌市青山湖区北京东路456号471号
徐勇,642687,13232630373,1,2023@gmail.com,天津市南开区卫津路94号515号
郭艳,517295,18611904191,1,4225@gmail.com,四川省成都市高新区天府五街200号154号
董超,082113,15556283812,0,1905@foxmail.com,吉林省长春市南关区人民大街123号130号
马刚,389355,18433443516,1,5998@163.com,重庆市渝北区金开大道68号700号
李悦,864155,15208570284,0,3951@hotmail.com,广东省深圳市南山区科技园路8号969号
朱婷,130612,18819877697,0,9880@yahoo.com,江苏省南京市建邺区江东中路229号866号
韩瑶,891054,13145096862,1,3827@126.com,湖北省武汉市洪山区珞瑜路726号409号
郑刚,841311,15149805808,0,5233@foxmail.com,辽宁省大连市中山区人民路55号422号
张超,355484,15849681594,0,2561@aliyun.com,北京市海淀区中关村大街1号11号
冯瑶,265307,13588634329,0,6125@outlook.com,湖南省长沙市雨花区劳动西路102号755号
黄涛,027261,15518695698,1,3786@qq.com,江苏省南京市建邺区江东中路229号913号
何伟,561812,15056969712,1,6552@qq.com,广东省深圳市南山区科技园路8号732号
陈俊,048939,15827095235,1,3344@aliyun.com,江苏省南京市建邺区江东中路229号67号
周婷,567492,13917599376,0,685@163.com,北京市海淀区中关村大街1号148号
何博,085202,15622640921,0,5710@yahoo.com,江西省南昌市青山湖区北京东路456号55号
冯璐,379826,18145209732,1,8464@126.com,江苏省南京市建邺区江东中路229号714号
萧凯,684005,18622382296,0,9171@126.com,陕西省西安市未央区某某街道510号
张婷,379715,13938901515,1,3247@gmail.com,黑龙江省哈尔滨市道里区中央大街99号405号
吴强,487893,15223594332,0,5388@outlook.com,湖南省长沙市雨花区劳动西路102号121号
胡明,206241,13902026608,0,7271@foxmail.com,福建省厦门市思明区中山路400号171号
冯辉,440769,18052591777,0,5847@yahoo.com,湖北省武汉市洪山区珞瑜路726号511号
陈玲,696090,13241308986,1,9474@qq.com,广东省深圳市南山区科技园路8号871号
董悦,165093,15048832724,1,7275@sina.com,广东省深圳市南山区科技园路8号865号
黄健,448458,13778677609,1,4480@foxmail.com,湖北省武汉市洪山区珞瑜路726号896号
宋鹏,728272,13987400741,0,801@sina.com,湖南省长沙市雨花区劳动西路102号558号
于洋,977426,15132096681,0,391@yahoo.com,北京市海淀区中关村大街1号573号
陈敏,524261,13488902776,1,576@foxmail.com,吉林省长春市南关区人民大街123号234号
何悦,559819,13176964396,0,2929@foxmail.com,陕西省西安市雁塔区科技路88号855号
唐文,653216,15722904854,0,4347@outlook.com,陕西省西安市未央区某某街道392号
林秀兰,901238,13023266792,1,3479@yahoo.com,江西省南昌市青山湖区北京东路456号756号
李艳,162804,15837604397,1,1820@gmail.com,江苏省南京市建邺区江东中路229号345号
陈超,021052,18435404650,1,6540@126.com,浙江省杭州市西湖区文二路188号612号
胡俊,312186,13832802267,0,526@gmail.com,江西省南昌市青山湖区北京东路456号755号
黄丽,279915,15241933447,1,1058@qq.com,河南省郑州市二七区大学路80号201号
萧华,867962,15643583262,0,50@126.com,陕西省西安市未央区某某街道772号
张宇,046168,13980270616,0,7367@126.com,安徽省合肥市政务区潜山路111号130号
董艳,536011,15683147252,0,4416@foxmail.com,黑龙江省哈尔滨市道里区中央大街99号313号
朱凯,263469,15307842343,1,4388@aliyun.com,陕西省西安市雁塔区科技路88号126号
谢璐,623965,15150535382,0,1702@aliyun.com,黑龙江省哈尔滨市道里区中央大街99号865号
孙欣,449482,18409162544,1,4601@yahoo.com,福建省厦门市思明区中山路400号409号
李霞,306911,15893778287,1,8580@qq.com,上海市静安区南京西路1266号473号
马丽,470058,18960788709,0,7845@foxmail.com,江西省南昌市青山湖区北京东路456号334号
吴强,925266,13101753518,1,895@sina.com,陕西省西安市未央区某某街道997号
梁浩,257236,18655800840,1,5987@outlook.com,江西省南昌市青山湖区北京东路456号260号
黄玲,309832,18088623726,1,2127@yahoo.com,上海市静安区南京西路1266号691号
林杰,974196,18585060699,0,5580@yahoo.com,吉林省长春市南关区人民大街123号936号
唐鹏,704464,15502909784,0,4990@outlook.com,吉林省长春市南关区人民大街123号222号
李璐,018206,18842728093,1,2056@sina.com,广东省深圳市南山区科技园路8号35号
陈娟,452509,15695537044,0,2681@126.com,北京市海淀区中关村大街1号316号
宋磊,043431,18491176263,0,4240@gmail.com,河南省郑州市二七区大学路80号55号
周芳,880927,18195827745,0,824@qq.com,湖北省武汉市洪山区珞瑜路726号461号
胡静,383512,15325126778,0,5913@sina.com,吉林省长春市南关区人民大街123号402号
谢瑶,699934,18547939497,1,3153@yahoo.com,福建省厦门市思明区中山路400号863号
胡艳,394967,15629335869,0,6444@163.com,黑龙江省哈尔滨市道里区中央大街99号873号
陈璐,639887,18064226243,1,3918@qq.com,山东省青岛市市南区香港中路11号67号
梁婷,999309,13696507493,0,8864@qq.com,上海市静安区南京西路1266号766号
罗杰,474933,13211619056,0,7691@qq.com,山东省青岛市市南区香港中路11号327号
吴宇,865267,15583409007,1,4110@aliyun.com,山东省青岛市市南区香港中路11号544号
罗军,792516,13299584989,0,4701@foxmail.com,四川省成都市高新区天府五街200号396号
吴明,256389,13856570310,0,8456@qq.com,江西省南昌市青山湖区北京东路456号526号
孙瑶,994199,18211543049,0,1587@yahoo.com,重庆市渝北区金开大道68号455号
杨芳,358971,13873725844,0,6155@gmail.com,浙江省杭州市西湖区文二路188号22号
宋明,927918,18844107364,0,4448@outlook.com,广东省深圳市南山区科技园路8号740号
周刚,527766,18766645364,1,1654@sina.com,陕西省西安市未央区某某街道16号
王健,516361,13136747571,0,9300@aliyun.com,陕西省西安市雁塔区科技路88号147号
高玲,391131,18076844406,0,577@yahoo.com,天津市南开区卫津路94号546号
郭洋,544086,13669564673,1,18@foxmail.com,天津市南开区卫津路94号220号
李刚,084744,18833421552,0,2535@yahoo.com,辽宁省大连市中山区人民路55号352号
朱杰,600830,15735804419,0,9604@hotmail.com,湖北省武汉市洪山区珞瑜路726号441号
杨艳,271650,13702142349,0,4698@yahoo.com,陕西省西安市未央区某某街道654号
何平,160723,18961351292,0,1233@gmail.com,湖北省武汉市洪山区珞瑜路726号529号
宋超,434402,15199168734,1,8487@yahoo.com,吉林省长春市南关区人民大街123号119号
冯瑶,460702,15539048740,0,6614@qq.com,陕西省西安市未央区某某街道472号
董涛,293602,13499983684,0,6872@126.com,北京市海淀区中关村大街1号202号
王璐,176603,15734907291,0,7741@gmail.com,陕西省西安市未央区某某街道737号
何桂英,203093,13857895984,1,9690@yahoo.com,四川省成都市高新区天府五街200号687号
黄丽,565089,15017810954,1,9810@gmail.com,上海市静安区南京西路1266号746号
张伟,342309,15545890962,0,3906@sina.com,广东省深圳市南山区科技园路8号861号
杨刚,585526,18059297951,1,5183@163.com,浙江省杭州市西湖区文二路188号185号
宋桂英,319235,13434662576,1,6745@163.com,江西省南昌市青山湖区北京东路456号32号
刘浩,771866,15139689807,1,6064@yahoo.com,黑龙江省哈尔滨市道里区中央大街99号181号
罗伟,654537,18137300974,0,7578@163.com,安徽省合肥市政务区潜山路111号104号
董强,145550,13371418584,1,6021@outlook.com,山东省青岛市市南区香港中路11号632号
郭明,315629,13352503813,1,5020@sina.com,湖北省武汉市洪山区珞瑜路726号172号
马鹏,459600,15322331934,0,7296@qq.com,河南省郑州市二七区大学路80号571号
赵洋,692665,18980595210,0,5674@163.com,四川省成都市高新区天府五街200号995号
李磊,769762,18511894985,1,939@126.com,陕西省西安市未央区某某街道358号
唐军,782263,18372418593,1,5552@aliyun.com,广东省深圳市南山区科技园路8号780号
陈婷,763783,15504740784,1,1686@hotmail.com,吉林省长春市南关区人民大街123号796号
韩霞,762248,18492335460,0,9114@foxmail.com,北京市海淀区中关村大街1号569号
韩勇,249496,13546619082,0,2644@foxmail.com,上海市静安区南京西路1266号909号
郑悦,080537,13341610985,0,7524@foxmail.com,吉林省长春市南关区人民大街123号289号
韩健,815260,18496742350,1,3170@hotmail.com,四川省成都市高新区天府五街200号983号
冯强,683371,15906356575,0,2496@outlook.com,陕西省西安市雁塔区科技路88号467号
徐博,066482,15024154161,0,2663@qq.com,河南省郑州市二七区大学路80号394号
郭俊,874852,18711549550,1,6069@outlook.com,北京市海淀区中关村大街1号509号
唐悦,485006,18363896763,0,1165@foxmail.com,山东省青岛市市南区香港中路11号966号
梁杰,290323,13571426762,1,4723@126.com,辽宁省大连市中山区人民路55号246号
杨芳,995224,18774926430,0,246@hotmail.com,湖南省长沙市雨花区劳动西路102号263号
何悦,255022,13635864077,0,9602@hotmail.com,陕西省西安市雁塔区科技路88号80号
周健,109081,15996064193,1,6718@foxmail.com,天津市南开区卫津路94号297号
刘悦,858213,18518836205,0,1308@qq.com,江苏省南京市建邺区江东中路229号393号
郭伟,203540,15673506683,0,792@aliyun.com,陕西省西安市雁塔区科技路88号576号
黄敏,332443,15511582186,1,8557@gmail.com,福建省厦门市思明区中山路400号283号
吴秀兰,000700,18512804710,1,875@126.com,天津市南开区卫津路94号641号
杨霞,773656,15397844584,0,8107@sina.com,河南省郑州市二七区大学路80号802号
徐婷,935836,15762709960,1,4935@hotmail.com,安徽省合肥市政务区潜山路111号696号
朱峰,466121,15007837923,0,801@hotmail.com,上海市静安区南京西路1266号555号
郑雪,520988,18843260623,0,5276@foxmail.com,辽宁省大连市中山区人民路55号57号
杨欣,811433,18911587738,1,2770@hotmail.com,陕西省西安市未央区某某街道120号
董娟,228808,18559473055,0,4692@yahoo.com,江西省南昌市青山湖区北京东路456号357号
梁璐,471767,13143127984,1,1738@foxmail.com,重庆市渝北区金开大道68号689号
胡博,993920,13166103134,0,7163@gmail.com,辽宁省大连市中山区人民路55号964号
宋明,377981,13746701132,1,4977@aliyun.com,辽宁省大连市中山区人民路55号614号
王玲,652773,13347237226,1,712@outlook.com,陕西省西安市未央区某某街道476号
黄丽,846162,15338400531,0,2564@qq.com,黑龙江省哈尔滨市道里区中央大街99号864号
徐明,480444,13089936400,0,8311@qq.com,陕西省西安市未央区某某街道542号
杨鹏,110803,15501699024,0,1551@qq.com,江西省南昌市青山湖区北京东路456号501号
周静,928865,18683826718,1,757@gmail.com,陕西省西安市未央区某某街道75号
朱瑶,330428,18670613806,1,5347@gmail.com,上海市静安区南京西路1266号713号
胡艳,775147,13880580229,0,3575@outlook.com,天津市南开区卫津路94号519号
陈军,506852,18714918606,0,6656@163.com,浙江省杭州市西湖区文二路188号212号
于婷,015462,13583374557,1,9722@qq.com,山东省青岛市市南区香港中路11号657号
于欣,374522,18968792314,0,8522@yahoo.com,重庆市渝北区金开大道68号273号
谢娟,695380,13125545838,1,1066@hotmail.com,山东省青岛市市南区香港中路11号487号
刘鹏,592793,15288199936,1,6040@aliyun.com,吉林省长春市南关区人民大街123号834号
宋凯,775747,15851863022,0,2180@163.com,湖北省武汉市洪山区珞瑜路726号483号
董军,321818,13538642098,1,4443@126.com,四川省成都市高新区天府五街200号89号
郭宇,305966,15605524514,1,6459@aliyun.com,陕西省西安市雁塔区科技路88号696号
胡俊,319080,13986437511,1,4524@aliyun.com,吉林省长春市南关区人民大街123号477号
王平,737220,13649384245,1,3473@aliyun.com,浙江省杭州市西湖区文二路188号425号
胡欣,458367,15056080104,1,5564@qq.com,吉林省长春市南关区人民大街123号95号
吴宇,287807,15559966034,1,2739@hotmail.com,吉林省长春市南关区人民大街123号616号
刘宇,203468,15977315012,1,1168@163.com,重庆市渝北区金开大道68号503号
郭华,676259,18892194687,1,6895@foxmail.com,安徽省合肥市政务区潜山路111号129号
高军,236137,18544066116,0,2962@aliyun.com,辽宁省大连市中山区人民路55号607号
董刚,041695,18771337912,0,7640@aliyun.com,辽宁省大连市中山区人民路55号524号
陈磊,055263,18549539690,1,3761@gmail.com,辽宁省大连市中山区人民路55号876号
刘健,517783,18807673922,0,5586@foxmail.com,湖南省长沙市雨花区劳动西路102号882号
胡秀兰,907620,13736225668,0,1243@hotmail.com,陕西省西安市雁塔区科技路88号379号
吴华,350170,15807284596,1,1683@163.com,湖北省武汉市洪山区珞瑜路726号253号
唐娟,053141,15014990062,1,8048@outlook.com,安徽省合肥市政务区潜山路111号254号
宋辉,738122,15394774106,1,9235@hotmail.com,江苏省南京市建邺区江东中路229号691号
高璐,911181,18317407768,0,9100@qq.com,吉林省长春市南关区人民大街123号807号
周静,122036,13515248383,0,3678@sina.com,福建省厦门市思明区中山路400号158号
谢明,016791,18039808143,1,2937@yahoo.com,黑龙江省哈尔滨市道里区中央大街99号72号
胡明,057896,18516503162,0,4677@qq.com,陕西省西安市未央区某某街道610号
董鹏,948219,13574655526,0,8149@yahoo.com,北京市海淀区中关村大街1号816号
李华,782022,13639551042,0,6635@aliyun.com,陕西省西安市未央区某某街道432号
黄玲,815098,15080173887,1,5070@aliyun.com,重庆市渝北区金开大道68号206号
李丽,959570,18651542338,1,7042@yahoo.com,重庆市渝北区金开大道68号921号
宋璐,742673,15805115276,1,4637@aliyun.com,江西省南昌市青山湖区北京东路456号324号
宋磊,989765,18247887327,0,8656@outlook.com,陕西省西安市未央区某某街道989号
于雪,176987,18319383837,0,4196@126.com,陕西省西安市雁塔区科技路88号912号
吴文,073712,13283270055,1,2163@yahoo.com,湖南省长沙市雨花区劳动西路102号437号
林强,017885,18067808572,1,8959@outlook.com,江西省南昌市青山湖区北京东路456号785号
马娜,843491,13398000214,1,832@126.com,上海市静安区南京西路1266号89号
韩辉,796185,13115384811,0,7689@gmail.com,广东省深圳市南山区科技园路8号513号
陈浩,324774,15941535023,0,781@outlook.com,天津市南开区卫津路94号521号
林强,840493,15105214921,1,1263@yahoo.com,北京市海淀区中关村大街1号889号
于刚,881165,18445401454,1,6900@outlook.com,山东省青岛市市南区香港中路11号131号
谢欣,306605,15357721277,0,4559@qq.com,河南省郑州市二七区大学路80号746号
罗刚,586143,15385899867,0,4408@foxmail.com,北京市海淀区中关村大街1号899号
赵杰,120494,13953846077,1,9369@163.com,辽宁省大连市中山区人民路55号750号
韩丽,308629,15226452437,0,8327@sina.com,吉林省长春市南关区人民大街123号621号
罗悦,008937,18246716977,0,6089@qq.com,江西省南昌市青山湖区北京东路456号651号
吴健,730245,13046201840,0,4506@aliyun.com,陕西省西安市未央区某某街道710号
杨磊,836993,15577993114,1,2471@163.com,天津市南开区卫津路94号646号
赵鹏,495210,18316756696,1,2720@126.com,福建省厦门市思明区中山路400号842号
马涛,473035,15231387110,1,4927@hotmail.com,北京市海淀区中关村大街1号241号
徐杰,467474,13337915864,0,2609@126.com,重庆市渝北区金开大道68号724号
宋雪,242652,13418054468,0,9838@foxmail.com,吉林省长春市南关区人民大街123号737号
郑华,827457,13561142262,0,1065@hotmail.com,天津市南开区卫津路94号761号
吴强,861053,13447522553,1,305@qq.com,陕西省西安市未央区某某街道501号
郭娜,509887,15634047798,0,8991@foxmail.com,江苏省南京市建邺区江东中路229号911号
马艳,918745,13800062045,0,3653@outlook.com,陕西省西安市未央区某某街道605号
林娜,661080,18325443376,0,5822@126.com,重庆市渝北区金开大道68号614号
于敏,397100,18319599323,0,3941@aliyun.com,上海市静安区南京西路1266号355号
赵刚,461915,18159633612,0,9887@qq.com,陕西省西安市未央区某某街道637号
高华,565022,18511108392,1,8931@sina.com,陕西省西安市未央区某某街道159号
马璐,060753,15756428491,1,1808@163.com,山东省青岛市市南区香港中路11号587号
杨欣,004994,15912842064,1,8781@163.com,吉林省长春市南关区人民大街123号147号
朱洋,519607,15228101837,0,8420@163.com,河南省郑州市二七区大学路80号28号
高杰,898472,15648590869,0,7939@yahoo.com,湖南省长沙市雨花区劳动西路102号70号
杨娟,104313,15260206218,0,7912@yahoo.com,辽宁省大连市中山区人民路55号590号
董静,060482,13205438907,1,7818@hotmail.com,江苏省南京市建邺区江东中路229号273号
董健,468796,18019838639,1,8450@gmail.com,广东省深圳市南山区科技园路8号228号
周娜,399222,18915577754,1,1685@163.com,黑龙江省哈尔滨市道里区中央大街99号771号
梁娟,262060,13960400788,1,5095@hotmail.com,陕西省西安市未央区某某街道69号
梁刚,435710,18103509316,0,7670@yahoo.com,吉林省长春市南关区人民大街123号579号
郑辉,171807,15010643535,0,309@yahoo.com,福建省厦门市思明区中山路400号508号
罗明,782287,18968543696,1,1299@sina.com,福建省厦门市思明区中山路400号291号
刘娟,851280,15065724079,0,3307@aliyun.com,广东省深圳市南山区科技园路8号837号
周婷,447991,18989530426,0,65@qq.com,吉林省长春市南关区人民大街123号535号
王娜,165676,18312737571,0,9918@gmail.com,湖北省武汉市洪山区珞瑜路726号233号
韩桂英,546160,18106275938,1,7165@126.com,陕西省西安市未央区某某街道586号
李悦,791166,15011947086,1,9614@qq.com,辽宁省大连市中山区人民路55号581号
朱俊,279121,13233074213,1,2315@hotmail.com,江西省南昌市青山湖区北京东路456号65号
马超,319166,13488001274,0,685@yahoo.com,辽宁省大连市中山区人民路55号762号
胡博,767638,18366030330,1,8594@sina.com,黑龙江省哈尔滨市道里区中央大街99号873号
董秀兰,306688,13158698331,0,2727@aliyun.com,江苏省南京市建邺区江东中路229号165号
高欣,332465,18544264374,1,3065@yahoo.com,上海市静安区南京西路1266号385号
黄婷,322064,15039713480,1,5913@qq.com,陕西省西安市未央区某某街道912号
刘博,389091,15087278509,0,2029@aliyun.com,江西省南昌市青山湖区北京东路456号648号
冯璐,022069,18986177579,1,531@foxmail.com,北京市海淀区中关村大街1号51号
萧鹏,041525,13986714472,0,5495@126.com,江苏省南京市建邺区江东中路229号235号
萧婷,083309,18334516836,1,9020@qq.com,陕西省西安市未央区某某街道444号
谢雪,501359,15158282970,0,8457@sina.com,安徽省合肥市政务区潜山路111号520号
王娜,470481,15231257950,1,1869@yahoo.com,河南省郑州市二七区大学路80号173号
李浩,949648,15638129126,0,2970@outlook.com,湖北省武汉市洪山区珞瑜路726号620号
高华,504130,15105205133,0,7162@hotmail.com,湖南省长沙市雨花区劳动西路102号296号
张艳,368557,15598776385,1,4305@hotmail.com,北京市海淀区中关村大街1号781号
冯伟,714241,13944714334,1,5641@aliyun.com,江苏省南京市建邺区江东中路229号872号
董璐,846591,18258723113,1,9327@126.com,河南省郑州市二七区大学路80号659号
赵悦,836309,15506432639,1,5505@foxmail.com,河南省郑州市二七区大学路80号570号
梁婷,359351,18577001062,0,6968@aliyun.com,四川省成都市高新区天府五街200号536号
冯磊,640171,13342727263,1,4944@aliyun.com,浙江省杭州市西湖区文二路188号8号
宋涛,326380,18372903936,0,7237@aliyun.com,浙江省杭州市西湖区文二路188号716号
高桂英,453134,18373866439,1,6987@aliyun.com,陕西省西安市未央区某某街道688号
林艳,385208,18892937387,0,7985@sina.com,上海市静安区南京西路1266号663号
于秀兰,501523,15013565409,0,613@outlook.com,陕西省西安市雁塔区科技路88号183号
韩宇,217246,15699957376,0,499@foxmail.com,陕西省西安市未央区某某街道831号
陈丽,924210,15141002512,1,5424@gmail.com,黑龙江省哈尔滨市道里区中央大街99号160号
谢健,892982,18301817077,0,7403@yahoo.com,广东省深圳市南山区科技园路8号703号
唐娟,779929,18694226250,0,5381@163.com,湖北省武汉市洪山区珞瑜路726号313号
朱俊,831641,13331352460,0,8374@yahoo.com,江苏省南京市建邺区江东中路229号394号
宋文,085807,13433022882,1,312@yahoo.com,北京市海淀区中关村大街1号880号
刘平,226361,18178471850,0,5467@sina.com,福建省厦门市思明区中山路400号400号
高文,718303,18388560453,1,4299@sina.com,辽宁省大连市中山区人民路55号452号
张娜,033816,13104288923,1,2378@qq.com,重庆市渝北区金开大道68号269号
周伟,346130,13556330822,1,1261@sina.com,山东省青岛市市南区香港中路11号420号
唐刚,625371,15360039550,0,5351@foxmail.com,湖北省武汉市洪山区珞瑜路726号713号
郑宇,936711,18030639470,0,4786@hotmail.com,江苏省南京市建邺区江东中路229号226号
萧刚,935908,13589300038,1,403@126.com,陕西省西安市未央区某某街道737号
韩鹏,126678,13148957595,0,1405@163.com,湖南省长沙市雨花区劳动西路102号24号
徐博,881069,15108601775,0,907@yahoo.com,陕西省西安市雁塔区科技路88号662号
张鹏,484314,18980059957,0,4565@sina.com,陕西省西安市未央区某某街道790号
李强,575697,15279947196,1,5112@foxmail.com,天津市南开区卫津路94号77号
李婷,776342,13860971942,1,6398@126.com,陕西省西安市未央区某某街道541号
胡欣,653251,18411609908,0,1371@gmail.com,北京市海淀区中关村大街1号696号
胡峰,813124,15552801449,1,1137@sina.com,安徽省合肥市政务区潜山路111号78号
高静,327701,15943702910,0,6683@outlook.com,福建省厦门市思明区中山路400号328号
韩健,807650,18526074428,0,3627@foxmail.com,福建省厦门市思明区中山路400号617号
罗军,661788,18866301685,0,9301@qq.com,吉林省长春市南关区人民大街123号96号
何欣,631995,18639804249,1,3052@aliyun.com,重庆市渝北区金开大道68号108号
梁艳,657989,13674817655,1,9289@sina.com,北京市海淀区中关村大街1号425号
高敏,518575,13409222701,1,8204@gmail.com,福建省厦门市思明区中山路400号911号
李峰,018865,18985449365,1,6993@qq.com,江西省南昌市青山湖区北京东路456号81号
杨洋,183488,18049489171,1,8382@yahoo.com,黑龙江省哈尔滨市道里区中央大街99号317号
赵洋,681005,15966940920,0,9818@yahoo.com,湖北省武汉市洪山区珞瑜路726号52号
赵静,905640,13285134037,1,1907@hotmail.com,湖南省长沙市雨花区劳动西路102号586号
陈明,773976,18038388316,0,7591@gmail.com,四川省成都市高新区天府五街200号768号
黄婷,231037,15355930976,0,1276@outlook.com,福建省厦门市思明区中山路400号20号
梁娜,683147,13696756447,1,9348@outlook.com,河南省郑州市二七区大学路80号671号
黄磊,177122,13737118779,0,1874@hotmail.com,重庆市渝北区金开大道68号875号
梁强,155221,13162690729,0,8395@qq.com,上海市静安区南京西路1266号230号
赵静,371918,13510772275,0,8868@126.com,辽宁省大连市中山区人民路55号499号
胡峰,775912,15908404409,1,2049@foxmail.com,陕西省西安市雁塔区科技路88号844号
梁静,606957,18694849651,1,4905@outlook.com,福建省厦门市思明区中山路400号94号
黄丽,159997,18367787495,1,8409@sina.com,天津市南开区卫津路94号236号
胡娜,152283,18373603742,0,4819@gmail.com,重庆市渝北区金开大道68号164号
张涛,274578,13638884966,0,5274@163.com,江苏省南京市建邺区江东中路229号841号
李伟,248901,13338137940,0,2476@qq.com,陕西省西安市未央区某某街道694号
朱霞,007622,18431085078,0,8424@163.com,上海市静安区南京西路1266号586号
唐悦,311714,15875597244,1,6388@foxmail.com,陕西省西安市雁塔区科技路88号655号
赵平,144121,15366962770,1,5664@qq.com,山东省青岛市市南区香港中路11号155号
张峰,707622,13488172654,1,9058@qq.com,山东省青岛市市南区香港中路11号613号
马博,121328,15984103222,1,6206@sina.com,福建省厦门市思明区中山路400号968号
李丽,603154,15555349552,0,3378@sina.com,湖南省长沙市雨花区劳动西路102号673号
徐瑶,082149,15727216642,0,6646@hotmail.com,湖南省长沙市雨花区劳动西路102号954号
冯玲,482623,13612208762,1,7785@yahoo.com,江西省南昌市青山湖区北京东路456号100号
黄杰,669129,18130813650,0,7903@gmail.com,北京市海淀区中关村大街1号958号
朱敏,629331,18848572861,0,3630@gmail.com,辽宁省大连市中山区人民路55号298号
冯艳,286866,18741367223,0,4142@aliyun.com,湖南省长沙市雨花区劳动西路102号496号
黄宇,035966,13367580544,0,4806@qq.com,上海市静安区南京西路1266号76号
唐峰,846113,18775119960,0,9441@outlook.com,北京市海淀区中关村大街1号455号
朱磊,723299,13223338603,1,6539@hotmail.com,福建省厦门市思明区中山路400号254号
王宇,252392,13020795940,0,1341@hotmail.com,重庆市渝北区金开大道68号632号
郑文,579723,18281399209,1,1753@163.com,吉林省长春市南关区人民大街123号961号
徐伟,890122,18692888436,1,8769@gmail.com,黑龙江省哈尔滨市道里区中央大街99号467号
郑强,449306,15680491500,1,8293@sina.com,上海市静安区南京西路1266号999号
高俊,979546,18447624593,0,1644@foxmail.com,江苏省南京市建邺区江东中路229号75号
郑玲,313232,15781562326,1,7902@foxmail.com,北京市海淀区中关村大街1号315号
冯婷,425610,13922567967,0,155@qq.com,北京市海淀区中关村大街1号78号
于辉,236558,18996792169,0,5505@aliyun.com,湖南省长沙市雨花区劳动西路102号566号
李涛,074778,13976211788,1,9885@sina.com,北京市海淀区中关村大街1号998号
朱杰,096564,18880221355,1,6111@hotmail.com,四川省成都市高新区天府五街200号347号
宋娟,076640,15283620238,0,2520@aliyun.com,山东省青岛市市南区香港中路11号390号
韩芳,918289,18287704697,1,9374@foxmail.com,安徽省合肥市政务区潜山路111号821号
黄玲,363958,15078310098,0,1895@yahoo.com,吉林省长春市南关区人民大街123号359号
高玲,975400,18542154712,1,2326@gmail.com,辽宁省大连市中山区人民路55号522号
唐辉,611695,18928730164,1,201@yahoo.com,重庆市渝北区金开大道68号178号
何凯,428055,18477210768,0,9338@126.com,广东省深圳市南山区科技园路8号385号
周洋,398099,13449851701,1,7984@qq.com,江苏省南京市建邺区江东中路229号904号
刘悦,706522,13066092739,1,1327@163.com,天津市南开区卫津路94号971号
罗静,712459,13798307288,0,812@sina.com,四川省成都市高新区天府五街200号514号
郭娟,404277,13132213513,1,6401@outlook.com,湖南省长沙市雨花区劳动西路102号413号
孙浩,280579,13038636548,0,2357@outlook.com,北京市海淀区中关村大街1号47号
谢浩,732230,13854614590,0,1851@foxmail.com,上海市静安区南京西路1266号51号
徐雪,469022,15568959835,1,5528@hotmail.com,四川省成都市高新区天府五街200号374号
刘鹏,327428,13054585106,1,208@163.com,陕西省西安市雁塔区科技路88号336号
杨宇,420101,15356696959,1,4311@yahoo.com,浙江省杭州市西湖区文二路188号861号
唐芳,705131,13903637868,0,9248@sina.com,陕西省西安市雁塔区科技路88号956号
王军,355638,18304323410,0,2426@gmail.com,河南省郑州市二七区大学路80号471号
韩文,653860,15354579509,1,9814@aliyun.com,江苏省南京市建邺区江东中路229号501号
张芳,954136,15204895903,0,8436@yahoo.com,浙江省杭州市西湖区文二路188号374号
陈静,687963,13155927732,1,7518@gmail.com,四川省成都市高新区天府五街200号714号
郭平,581422,18900133800,0,667@126.com,陕西省西安市雁塔区科技路88号248号
梁艳,211484,13557162469,0,219@foxmail.com,四川省成都市高新区天府五街200号749号
梁霞,180796,18756939155,0,8881@hotmail.com,广东省深圳市南山区科技园路8号991号
郑勇,001707,15204191772,1,1275@sina.com,山东省青岛市市南区香港中路11号562号
黄华,674550,15147437252,0,588@yahoo.com,江西省南昌市青山湖区北京东路456号567号
郭刚,911582,13528838274,0,7241@sina.com,北京市海淀区中关村大街1号5号
董杰,600391,18504879929,1,6656@outlook.com,吉林省长春市南关区人民大街123号536号
胡婷,442569,15739856464,0,2383@sina.com,黑龙江省哈尔滨市道里区中央大街99号482号
朱文,295233,18820426548,1,4464@outlook.com,四川省成都市高新区天府五街200号720号
陈艳,366057,18789491011,0,3368@foxmail.com,广东省深圳市南山区科技园路8号932号
宋涛,951775,15553463036,0,7043@sina.com,山东省青岛市市南区香港中路11号58号
孙博,946668,13070788768,1,4427@foxmail.com,江苏省南京市建邺区江东中路229号80号
宋霞,871115,13816957016,0,1814@foxmail.com,北京市海淀区中关村大街1号155号
周玲,324487,15582750108,1,5447@aliyun.com,陕西省西安市未央区某某街道601号
董峰,787802,18559458501,0,5308@qq.com,江苏省南京市建邺区江东中路229号956号
董明,629670,15948244688,0,4290@outlook.com,福建省厦门市思明区中山路400号282号
唐娜,851396,15726848432,1,737@sina.com,浙江省杭州市西湖区文二路188号871号
林洋,500278,13720289876,1,4404@foxmail.com,广东省深圳市南山区科技园路8号503号
谢雪,765615,15133004556,1,9086@outlook.com,天津市南开区卫津路94号621号
萧鹏,784022,15048282836,0,1690@gmail.com,广东省深圳市南山区科技园路8号637号
赵军,336540,15601648552,1,308@aliyun.com,北京市海淀区中关村大街1号12号
张玲,831971,13578376529,0,3518@126.com,广东省深圳市南山区科技园路8号859号
吴静,571351,15077137006,1,9685@gmail.com,上海市静安区南京西路1266号97号
王俊,911609,13447257800,0,7421@gmail.com,浙江省杭州市西湖区文二路188号979号
马超,879019,18006489205,1,4366@gmail.com,山东省青岛市市南区香港中路11号664号
韩凯,606994,15069425321,0,6417@outlook.com,四川省成都市高新区天府五街200号760号
唐凯,273092,18906101446,1,1966@yahoo.com,北京市海淀区中关村大街1号400号
郑丽,332576,15535568162,0,169@outlook.com,四川省成都市高新区天府五街200号754号
张霞,006845,18621331687,1,4047@163.com,陕西省西安市未央区某某街道315号
杨宇,208921,13861371247,1,3295@163.com,重庆市渝北区金开大道68号878号
董鹏,907901,18215112409,0,1748@163.com,山东省青岛市市南区香港中路11号623号
于勇,536699,13528134972,0,4583@yahoo.com,黑龙江省哈尔滨市道里区中央大街99号993号
郭宇,446007,13603537278,1,3429@qq.com,上海市静安区南京西路1266号960号
林勇,050890,18853794491,0,2783@aliyun.com,重庆市渝北区金开大道68号902号
李丽,838101,18213556776,0,1671@126.com,吉林省长春市南关区人民大街123号270号
马宇,673748,15161046061,1,2232@yahoo.com,四川省成都市高新区天府五街200号930号
郭芳,402794,15848585230,1,6727@gmail.com,河南省郑州市二七区大学路80号361号
郑军,191857,13184249029,1,1583@yahoo.com,广东省深圳市南山区科技园路8号92号
马静,676870,13818688664,0,9322@foxmail.com,四川省成都市高新区天府五街200号871号
郑磊,960216,13132170866,1,3018@qq.com,上海市静安区南京西路1266号850号
唐文,110514,13602291189,1,9244@163.com,天津市南开区卫津路94号163号
徐璐,385714,15874291295,0,3364@aliyun.com,陕西省西安市未央区某某街道168号
董超,335662,18934021110,0,2200@163.com,陕西省西安市雁塔区科技路88号23号
董平,426766,15897256646,1,1546@163.com,陕西省西安市雁塔区科技路88号940号
黄鹏,856714,15635306240,0,8520@outlook.com,陕西省西安市雁塔区科技路88号75号
郑浩,332629,13057953736,0,7233@gmail.com,陕西省西安市雁塔区科技路88号146号
胡俊,308837,13288212357,0,4371@sina.com,吉林省长春市南关区人民大街123号470号
周霞,274475,15697817868,1,8450@hotmail.com,黑龙江省哈尔滨市道里区中央大街99号479号
罗超,330095,15812365139,0,4515@aliyun.com,北京市海淀区中关村大街1号976号
萧涛,414749,18449154297,0,9077@hotmail.com,江苏省南京市建邺区江东中路229号835号
朱杰,817337,15796673051,0,5354@126.com,陕西省西安市雁塔区科技路88号412号
吴艳,165821,13027548371,0,1842@gmail.com,陕西省西安市雁塔区科技路88号276号
朱婷,652590,13501766064,0,9846@hotmail.com,辽宁省大连市中山区人民路55号261号
冯玲,634834,13119793916,1,4909@aliyun.com,天津市南开区卫津路94号116号
何俊,411400,18673714299,0,6021@yahoo.com,安徽省合肥市政务区潜山路111号530号
孙军,604484,13464048068,0,7883@outlook.com,湖南省长沙市雨花区劳动西路102号685号
朱艳,893004,18421849527,0,244@outlook.com,上海市静安区南京西路1266号915号
陈静,746592,15937649133,0,8250@126.com,湖北省武汉市洪山区珞瑜路726号77号
何玲,742392,13224892402,1,9951@qq.com,湖南省长沙市雨花区劳动西路102号559号
韩浩,554400,18579750686,0,5751@gmail.com,广东省深圳市南山区科技园路8号685号
吴艳,016401,18358469494,1,8834@aliyun.com,北京市海淀区中关村大街1号598号
梁军,323864,18534618151,1,7388@gmail.com,湖北省武汉市洪山区珞瑜路726号529号
林静,810709,18846072659,1,2944@hotmail.com,吉林省长春市南关区人民大街123号768号
郑浩,224868,13651941069,0,5862@sina.com,广东省深圳市南山区科技园路8号474号
李健,772722,18587871506,1,6436@hotmail.com,江苏省南京市建邺区江东中路229号289号
何瑶,241043,15901996966,0,1085@gmail.com,吉林省长春市南关区人民大街123号565号
谢明,214087,18385007950,1,789@sina.com,黑龙江省哈尔滨市道里区中央大街99号82号
孙凯,192458,13356404799,1,4115@outlook.com,江苏省南京市建邺区江东中路229号349号
罗文,373208,13590462736,1,1413@qq.com,河南省郑州市二七区大学路80号531号
胡桂英,726389,15891493107,0,6586@163.com,江苏省南京市建邺区江东中路229号583号
何洋,542702,15241047053,1,7133@163.com,浙江省杭州市西湖区文二路188号667号
朱丽,422911,13291346527,1,6117@foxmail.com,广东省深圳市南山区科技园路8号247号
高杰,951761,13279837040,1,9810@126.com,北京市海淀区中关村大街1号850号
黄敏,783247,13092456479,1,3658@gmail.com,福建省厦门市思明区中山路400号360号
吴悦,544795,15203224813,0,3298@qq.com,北京市海淀区中关村大街1号417号
陈娜,821790,15703969564,1,6160@sina.com,江西省南昌市青山湖区北京东路456号211号
何婷,557457,18567399866,1,9586@sina.com,湖北省武汉市洪山区珞瑜路726号407号
徐璐,294173,18339756900,1,1842@aliyun.com,天津市南开区卫津路94号636号
吴明,609326,15019562246,0,5777@outlook.com,安徽省合肥市政务区潜山路111号308号
赵俊,596665,18704683390,0,6729@aliyun.com,江苏省南京市建邺区江东中路229号892号
胡磊,000869,13125986112,1,132@sina.com,江苏省南京市建邺区江东中路229号3号
董浩,351728,13653583525,0,7072@gmail.com,江西省南昌市青山湖区北京东路456号988号
李强,375623,18740435479,1,5159@outlook.com,湖南省长沙市雨花区劳动西路102号305号
韩凯,925331,15298950126,1,9657@sina.com,辽宁省大连市中山区人民路55号704号
马瑶,351606,18928989244,1,614@qq.com,河南省郑州市二七区大学路80号416号
朱宇,973285,18154338571,0,3268@yahoo.com,陕西省西安市雁塔区科技路88号943号
高华,101034,15250854153,0,409@aliyun.com,广东省深圳市南山区科技园路8号167号
王娟,014890,18754245169,1,6826@gmail.com,江苏省南京市建邺区江东中路229号204号
王芳,502197,15099310916,0,5646@foxmail.com,湖南省长沙市雨花区劳动西路102号575号
董悦,930579,18027641838,1,6926@aliyun.com,湖南省长沙市雨花区劳动西路102号855号
徐峰,568051,15617100027,0,8591@qq.com,江苏省南京市建邺区江东中路229号62号
郑健,682032,18507269237,1,7134@foxmail.com,浙江省杭州市西湖区文二路188号378号
胡伟,351848,13473082030,0,5880@foxmail.com,重庆市渝北区金开大道68号333号
刘欣,112643,15688261289,1,9186@hotmail.com,四川省成都市高新区天府五街200号280号
吴博,591347,15705214592,0,6029@126.com,福建省厦门市思明区中山路400号25号
于刚,118490,15169821862,1,4751@gmail.com,天津市南开区卫津路94号50号
赵娟,017681,18512833645,1,8220@163.com,浙江省杭州市西湖区文二路188号531号
宋浩,198104,18253187636,0,7111@qq.com,北京市海淀区中关村大街1号603号
徐强,376997,13930271766,1,3054@foxmail.com,陕西省西安市未央区某某街道542号
陈涛,585424,15586973065,0,2608@gmail.com,江苏省南京市建邺区江东中路229号569号
杨军,744246,18859279466,1,2971@foxmail.com,重庆市渝北区金开大道68号828号
谢秀兰,512079,18506713113,0,7198@sina.com,安徽省合肥市政务区潜山路111号2号
王艳,518480,18715242427,1,4751@qq.com,浙江省杭州市西湖区文二路188号514号
郑浩,634500,18973169721,1,513@gmail.com,湖北省武汉市洪山区珞瑜路726号948号
周强,541841,15144880405,0,4421@outlook.com,北京市海淀区中关村大街1号370号
于璐,900449,15694085654,1,142@sina.com,湖南省长沙市雨花区劳动西路102号537号
黄宇,749882,18584038560,1,3604@aliyun.com,吉林省长春市南关区人民大街123号259号
徐博,511583,18681054592,1,2145@hotmail.com,浙江省杭州市西湖区文二路188号260号
于芳,825557,18640806015,0,3208@yahoo.com,河南省郑州市二七区大学路80号773号
宋璐,653061,13922792233,0,9677@outlook.com,山东省青岛市市南区香港中路11号369号
胡洋,243974,18395498619,1,490@gmail.com,黑龙江省哈尔滨市道里区中央大街99号700号
林刚,495894,18947597535,1,4492@126.com,江西省南昌市青山湖区北京东路456号699号
郑瑶,363482,13092678893,0,3912@foxmail.com,福建省厦门市思明区中山路400号701号
罗婷,793682,13951472297,0,4026@yahoo.com,江西省南昌市青山湖区北京东路456号636号
杨博,264235,15131570384,1,9321@outlook.com,福建省厦门市思明区中山路400号358号
谢华,768795,18945958052,0,7316@gmail.com,浙江省杭州市西湖区文二路188号336号
孙宇,531879,13572732413,1,8023@sina.com,四川省成都市高新区天府五街200号624号
何艳,619136,15692910678,1,4055@qq.com,陕西省西安市雁塔区科技路88号754号
冯洋,539602,13296164629,0,8516@hotmail.com,陕西省西安市雁塔区科技路88号167号
罗宇,209199,18215738874,1,14@outlook.com,重庆市渝北区金开大道68号57号
陈洋,459994,15307916965,1,480@gmail.com,江西省南昌市青山湖区北京东路456号34号
林强,594958,13921415134,0,8499@yahoo.com,山东省青岛市市南区香港中路11号489号
高华,196171,15269648964,0,7488@outlook.com,陕西省西安市未央区某某街道476号
杨宇,814420,13377610399,1,2130@hotmail.com,安徽省合肥市政务区潜山路111号840号
马刚,763702,15269065340,0,5125@sina.com,广东省深圳市南山区科技园路8号185号
王悦,347136,15139736332,1,8212@aliyun.com,上海市静安区南京西路1266号294号
朱悦,375915,18614200961,1,2078@gmail.com,吉林省长春市南关区人民大街123号556号
郑磊,349983,15585288950,0,1829@gmail.com,浙江省杭州市西湖区文二路188号634号
梁凯,788872,13377800984,0,7410@outlook.com,江苏省南京市建邺区江东中路229号61号
于伟,539904,13007964640,0,9234@gmail.com,黑龙江省哈尔滨市道里区中央大街99号621号
董杰,151045,15062701285,1,2054@aliyun.com,广东省深圳市南山区科技园路8号432号
李瑶,478059,18559834503,1,4995@qq.com,广东省深圳市南山区科技园路8号428号
萧勇,260919,18475193057,1,8892@yahoo.com,陕西省西安市未央区某某街道318号
徐静,549092,18915318511,0,2639@aliyun.com,江西省南昌市青山湖区北京东路456号423号
谢娟,526338,15158894374,1,9857@yahoo.com,安徽省合肥市政务区潜山路111号319号
陈娟,889322,15840457905,0,5012@126.com,河南省郑州市二七区大学路80号734号
吴鹏,922343,18799512015,0,7562@foxmail.com,湖北省武汉市洪山区珞瑜路726号175号
孙伟,078287,18705265107,1,8948@foxmail.com,广东省深圳市南山区科技园路8号19号
郑杰,540959,15105196890,0,5170@163.com,上海市静安区南京西路1266号862号
萧辉,842582,13865309524,0,6721@outlook.com,陕西省西安市雁塔区科技路88号127号
胡艳,569353,18049748636,0,8175@sina.com,吉林省长春市南关区人民大街123号536号
黄强,593712,15762308038,1,2886@sina.com,陕西省西安市雁塔区科技路88号439号
罗秀兰,966147,15197437312,0,6049@outlook.com,山东省青岛市市南区香港中路11号624号
谢军,957317,15599825657,0,607@aliyun.com,北京市海淀区中关村大街1号58号
萧洋,137922,15268720666,1,6803@yahoo.com,广东省深圳市南山区科技园路8号873号
梁伟,813991,15193720114,1,4535@qq.com,广东省深圳市南山区科技园路8号320号
刘健,927035,18919836380,0,9588@qq.com,河南省郑州市二七区大学路80号140号
梁敏,913434,18180937929,0,4632@foxmail.com,上海市静安区南京西路1266号347号
林婷,585461,18575624401,1,4109@yahoo.com,黑龙江省哈尔滨市道里区中央大街99号185号
孙凯,236231,15826275739,0,184@gmail.com,山东省青岛市市南区香港中路11号263号
郭敏,258515,18519140477,1,4731@hotmail.com,重庆市渝北区金开大道68号102号
何杰,923223,15021319572,0,9610@163.com,天津市南开区卫津路94号299号
董玲,047982,18069759483,1,6158@yahoo.com,福建省厦门市思明区中山路400号474号
冯强,617462,13189433043,0,699@126.com,吉林省长春市南关区人民大街123号523号
于桂英,990162,18230053983,0,7848@163.com,上海市静安区南京西路1266号328号
谢勇,736847,15303576798,1,9784@163.com,北京市海淀区中关村大街1号234号
何静,693165,18774471391,0,9963@hotmail.com,江西省南昌市青山湖区北京东路456号480号
周浩,451761,13768468807,0,4582@gmail.com,北京市海淀区中关村大街1号172号
梁军,902801,18349827972,0,8@qq.com,天津市南开区卫津路94号919号
陈杰,923257,13169296756,0,445@sina.com,江苏省南京市建邺区江东中路229号640号
张超,890957,18759158311,0,2583@sina.com,黑龙江省哈尔滨市道里区中央大街99号456号
宋磊,895532,15210089205,0,498@yahoo.com,天津市南开区卫津路94号56号
王辉,075577,13597192522,0,1362@hotmail.com,江西省南昌市青山湖区北京东路456号69号
郑瑶,634848,15903377402,0,1456@163.com,天津市南开区卫津路94号714号
马杰,798671,15602440201,0,8252@qq.com,天津市南开区卫津路94号356号
马璐,205654,13457907357,1,8530@163.com,河南省郑州市二七区大学路80号654号
张涛,012951,13550365529,0,5258@126.com,天津市南开区卫津路94号379号
宋峰,065910,18757692765,0,5794@aliyun.com,天津市南开区卫津路94号434号
林磊,741446,15553465653,0,9142@qq.com,湖北省武汉市洪山区珞瑜路726号809号
董辉,229306,18918519924,1,8624@126.com,广东省深圳市南山区科技园路8号562号
吴明,280350,15710373646,0,9056@sina.com,重庆市渝北区金开大道68号553号
郭健,842055,13467054304,1,4420@outlook.com,河南省郑州市二七区大学路80号690号
赵伟,828769,13643706079,1,5003@126.com,陕西省西安市未央区某某街道388号
林刚,203265,13776979158,1,5730@gmail.com,福建省厦门市思明区中山路400号872号
李雪,637816,15785755760,1,7803@163.com,安徽省合肥市政务区潜山路111号738号
李鹏,824523,18101032057,1,6581@gmail.com,广东省深圳市南山区科技园路8号161号
王峰,439504,13647801954,0,2713@yahoo.com,四川省成都市高新区天府五街200号607号
张悦,908308,13198860910,1,7147@gmail.com,福建省厦门市思明区中山路400号200号
徐磊,682889,18995739826,0,4813@hotmail.com,陕西省西安市未央区某某街道885号
朱峰,309012,13183240181,0,6471@sina.com,四川省成都市高新区天府五街200号732号
黄军,380500,13607584116,1,8189@hotmail.com,辽宁省大连市中山区人民路55号857号
陈峰,584990,15501678097,1,573@gmail.com,辽宁省大连市中山区人民路55号588号
唐伟,993282,15804085357,1,9650@163.com,陕西省西安市雁塔区科技路88号754号
张浩,057831,13745328820,0,3874@sina.com,湖北省武汉市洪山区珞瑜路726号652号
黄勇,161062,13472904879,0,1788@qq.com,吉林省长春市南关区人民大街123号445号
杨健,322223,18952669777,0,9547@163.com,上海市静安区南京西路1266号51号
胡雪,451741,15811307011,0,9642@163.com,江苏省南京市建邺区江东中路229号110号
韩涛,984167,13837343034,0,2850@qq.com,江西省南昌市青山湖区北京东路456号680号
王俊,045442,18735976730,0,5265@foxmail.com,浙江省杭州市西湖区文二路188号135号
周秀兰,530428,15926049751,1,8108@outlook.com,四川省成都市高新区天府五街200号499号
高玲,588538,15200722320,0,2847@163.com,湖南省长沙市雨花区劳动西路102号843号
唐鹏,688043,13651892561,0,4858@aliyun.com,山东省青岛市市南区香港中路11号799号
郑敏,095377,13727171627,0,962@sina.com,辽宁省大连市中山区人民路55号867号
刘艳,644867,15714747832,1,4827@sina.com,福建省厦门市思明区中山路400号383号
吴华,845590,13915944856,0,7172@163.com,上海市静安区南京西路1266号148号
高军,362097,13985555588,1,8539@sina.com,天津市南开区卫津路94号621号
徐辉,041330,13372975325,1,1536@aliyun.com,福建省厦门市思明区中山路400号890号
朱杰,403467,18119423788,0,954@163.com,吉林省长春市南关区人民大街123号911号
朱平,569892,15305025222,0,796@foxmail.com,陕西省西安市未央区某某街道380号
李刚,123499,18321586907,0,206@gmail.com,北京市海淀区中关村大街1号992号
赵洋,575204,18412518957,1,5211@yahoo.com,江苏省南京市建邺区江东中路229号317号
张超,226377,15903712642,1,9333@outlook.com,江苏省南京市建邺区江东中路229号774号
郭超,983434,15623015069,1,1315@hotmail.com,河南省郑州市二七区大学路80号903号
宋健,712950,13288967406,0,1518@outlook.com,上海市静安区南京西路1266号974号
孙超,162129,13422151918,1,943@yahoo.com,广东省深圳市南山区科技园路8号419号
宋霞,413150,15812226058,0,1652@sina.com,北京市海淀区中关村大街1号326号
李强,563194,13786724324,1,9132@126.com,黑龙江省哈尔滨市道里区中央大街99号890号
周博,410730,18325359047,1,1058@yahoo.com,福建省厦门市思明区中山路400号460号
罗磊,288568,13409076458,0,1998@aliyun.com,山东省青岛市市南区香港中路11号494号
萧娟,077693,13058680946,0,4538@qq.com,江苏省南京市建邺区江东中路229号396号
刘洋,430954,13340655236,1,854@gmail.com,天津市南开区卫津路94号866号
王博,624525,13068441902,0,9623@126.com,河南省郑州市二七区大学路80号356号
徐宇,161144,18462731211,0,4890@163.com,天津市南开区卫津路94号429号
王刚,934825,13567015540,1,4361@163.com,北京市海淀区中关村大街1号828号
马艳,111218,15788567144,0,1949@foxmail.com,吉林省长春市南关区人民大街123号632号
于欣,899234,13450307334,0,5915@126.com,上海市静安区南京西路1266号327号
萧文,394998,13181145045,0,8461@sina.com,上海市静安区南京西路1266号409号
王霞,589916,18440619774,0,3895@outlook.com,吉林省长春市南关区人民大街123号498号
刘欣,906048,15851747196,1,3690@aliyun.com,广东省深圳市南山区科技园路8号195号
刘浩,686366,18392690363,0,3285@hotmail.com,河南省郑州市二七区大学路80号236号
张敏,112618,15636402064,1,9224@qq.com,天津市南开区卫津路94号144号
于欣,363844,15034568770,0,6779@hotmail.com,陕西省西安市未央区某某街道229号
谢文,306490,15936074882,1,951@126.com,广东省深圳市南山区科技园路8号11号
赵娟,310841,13936837288,1,4785@163.com,吉林省长春市南关区人民大街123号770号
胡涛,893963,15225012656,1,2086@outlook.com,北京市海淀区中关村大街1号504号
王勇,780774,13029479382,0,2976@aliyun.com,黑龙江省哈尔滨市道里区中央大街99号15号
王文,393648,18669032296,1,7474@yahoo.com,重庆市渝北区金开大道68号275号
吴欣,415906,15587267267,1,5816@hotmail.com,吉林省长春市南关区人民大街123号352号
刘悦,747540,18897483086,0,6859@hotmail.com,陕西省西安市雁塔区科技路88号397号
孙洋,405157,18770677464,1,7115@aliyun.com,四川省成都市高新区天府五街200号564号
杨杰,542204,15218806414,0,6923@yahoo.com,江苏省南京市建邺区江东中路229号593号
梁静,416141,18643686283,0,6877@aliyun.com,广东省深圳市南山区科技园路8号183号
李雪,762418,18357011121,0,2846@yahoo.com,重庆市渝北区金开大道68号235号
林欣,333214,15751316944,0,7257@outlook.com,北京市海淀区中关村大街1号103号
冯玲,403641,18780895340,0,6557@sina.com,山东省青岛市市南区香港中路11号116号
高宇,236710,18084240493,1,6275@gmail.com,陕西省西安市雁塔区科技路88号533号
冯鹏,962253,15779045499,1,9487@aliyun.com,安徽省合肥市政务区潜山路111号392号
罗杰,003946,13827121179,1,4032@126.com,福建省厦门市思明区中山路400号984号
于雪,857052,15566045724,1,5063@foxmail.com,黑龙江省哈尔滨市道里区中央大街99号85号
唐健,813992,18455286583,1,7163@outlook.com,安徽省合肥市政务区潜山路111号463号
徐丽,268912,13335156939,0,854@hotmail.com,山东省青岛市市南区香港中路11号678号
李玲,323589,15386545763,1,2455@hotmail.com,江苏省南京市建邺区江东中路229号743号
宋明,188402,15687333221,0,4661@163.com,吉林省长春市南关区人民大街123号275号
董静,545609,13572995892,0,106@yahoo.com,福建省厦门市思明区中山路400号984号
冯丽,972245,15770437277,1,440@outlook.com,上海市静安区南京西路1266号157号
谢浩,884108,18865333906,0,753@qq.com,福建省厦门市思明区中山路400号258号
罗宇,930999,15150754702,1,1871@126.com,吉林省长春市南关区人民大街123号255号
赵华,674956,18681807615,0,3321@hotmail.com,江苏省南京市建邺区江东中路229号94号
何娟,453073,18081378224,0,4711@hotmail.com,山东省青岛市市南区香港中路11号486号
萧敏,625890,13103701864,1,9731@outlook.com,四川省成都市高新区天府五街200号906号
徐宇,294607,15616154869,0,3052@foxmail.com,四川省成都市高新区天府五街200号22号
林艳,029497,15838213500,0,4581@126.com,湖南省长沙市雨花区劳动西路102号585号
郑刚,264024,13569075502,0,4278@gmail.com,江西省南昌市青山湖区北京东路456号78号
王超,569964,15969400632,0,5365@outlook.com,上海市静安区南京西路1266号484号
唐婷,136548,18722182270,1,9779@gmail.com,吉林省长春市南关区人民大街123号926号
林勇,598760,15824317383,1,3573@sina.com,广东省深圳市南山区科技园路8号336号
冯浩,912429,15387781150,1,7495@163.com,吉林省长春市南关区人民大街123号180号
高辉,537724,13089917669,0,5462@foxmail.com,浙江省杭州市西湖区文二路188号400号
韩浩,093403,13991709350,1,9951@yahoo.com,湖北省武汉市洪山区珞瑜路726号734号
周浩,706233,18469999574,0,4843@yahoo.com,陕西省西安市未央区某某街道502号
冯勇,929258,18759705647,0,7250@outlook.com,黑龙江省哈尔滨市道里区中央大街99号638号
郭雪,487754,18463484696,0,7114@sina.com,湖南省长沙市雨花区劳动西路102号509号
陈洋,719860,15215366419,1,4573@qq.com,天津市南开区卫津路94号252号
罗杰,442336,18033647501,1,8435@outlook.com,湖北省武汉市洪山区珞瑜路726号967号
吴丽,789287,13581378966,0,2771@126.com,天津市南开区卫津路94号372号
李娟,934877,15892919220,0,9662@gmail.com,陕西省西安市未央区某某街道613号
李悦,776061,18299653344,0,6340@outlook.com,江西省南昌市青山湖区北京东路456号385号
郭磊,473053,13647631415,1,8823@163.com,天津市南开区卫津路94号442号
吴健,214729,13157095879,1,6448@gmail.com,浙江省杭州市西湖区文二路188号585号
刘洋,709704,13453400255,1,2699@yahoo.com,湖南省长沙市雨花区劳动西路102号751号
董洋,785779,13358667562,1,4065@yahoo.com,辽宁省大连市中山区人民路55号89号
梁华,103369,18344761730,1,2372@aliyun.com,陕西省西安市雁塔区科技路88号597号
张悦,455402,18747627131,1,5860@163.com,北京市海淀区中关村大街1号330号
赵辉,943632,15609903841,0,3975@hotmail.com,江西省南昌市青山湖区北京东路456号574号
董婷,431349,15149615536,1,3965@outlook.com,河南省郑州市二七区大学路80号759号
周峰,771659,13839895673,0,4646@gmail.com,黑龙江省哈尔滨市道里区中央大街99号186号
高平,187168,13729345696,0,9036@163.com,福建省厦门市思明区中山路400号903号
张雪,002475,18274335474,1,6295@hotmail.com,北京市海淀区中关村大街1号393号
何瑶,159526,18706308198,1,4636@qq.com,四川省成都市高新区天府五街200号409号
宋明,285417,13601546009,1,6847@hotmail.com,广东省深圳市南山区科技园路8号784号
董娟,587884,13231392809,0,5468@yahoo.com,天津市南开区卫津路94号727号
宋文,121188,15917637803,1,3234@163.com,四川省成都市高新区天府五街200号448号
董玲,916062,15188961221,1,9332@hotmail.com,天津市南开区卫津路94号338号
于秀兰,498939,18914076389,0,3590@yahoo.com,重庆市渝北区金开大道68号754号
高秀兰,498752,15636094260,0,4558@foxmail.com,天津市南开区卫津路94号190号
赵伟,087642,15735134137,0,4353@gmail.com,广东省深圳市南山区科技园路8号311号
唐雪,827660,18394122916,1,5559@gmail.com,辽宁省大连市中山区人民路55号781号
陈玲,852667,18833996043,1,2651@gmail.com,湖南省长沙市雨花区劳动西路102号448号
高敏,921836,15994285755,1,120@aliyun.com,辽宁省大连市中山区人民路55号693号
赵宇,175783,18808646213,1,7121@qq.com,福建省厦门市思明区中山路400号821号
冯雪,317099,18557413250,0,7231@126.com,陕西省西安市未央区某某街道145号
萧杰,989816,18207286499,0,1176@sina.com,上海市静安区南京西路1266号470号
周悦,520614,13242763441,1,680@yahoo.com,上海市静安区南京西路1266号528号
萧浩,054685,15601029548,1,2314@foxmail.com,江西省南昌市青山湖区北京东路456号681号
冯勇,566495,13679029568,0,3028@163.com,山东省青岛市市南区香港中路11号715号
林静,477673,18273463322,0,8914@qq.com,陕西省西安市雁塔区科技路88号939号
于欣,253045,13825674049,1,6270@qq.com,湖北省武汉市洪山区珞瑜路726号460号
于军,859115,13748579087,1,7880@hotmail.com,陕西省西安市雁塔区科技路88号73号
韩峰,183532,15660056298,1,7019@yahoo.com,湖北省武汉市洪山区珞瑜路726号560号
张明,916765,18708165997,0,8622@foxmail.com,陕西省西安市雁塔区科技路88号653号
杨杰,923834,18980638242,0,533@qq.com,四川省成都市高新区天府五街200号753号
高俊,130846,15681978920,1,599@yahoo.com,湖北省武汉市洪山区珞瑜路726号598号
徐华,594066,15249906904,1,9581@yahoo.com,北京市海淀区中关村大街1号697号
何平,372623,18238772464,1,2992@yahoo.com,辽宁省大连市中山区人民路55号336号
刘敏,555739,18339843568,0,2670@outlook.com,重庆市渝北区金开大道68号134号
萧超,722947,13443541629,0,2526@qq.com,江西省南昌市青山湖区北京东路456号696号
郑静,235527,15165814208,1,6434@sina.com,重庆市渝北区金开大道68号605号
朱刚,421784,18627975622,0,4222@hotmail.com,安徽省合肥市政务区潜山路111号526号
冯静,978636,15819908310,1,2057@foxmail.com,江西省南昌市青山湖区北京东路456号427号
刘艳,200811,18499458046,0,2497@hotmail.com,江苏省南京市建邺区江东中路229号120号
黄娜,442642,15148063171,0,7354@126.com,吉林省长春市南关区人民大街123号195号
郑勇,822142,13114128588,0,2690@aliyun.com,福建省厦门市思明区中山路400号299号
冯霞,845882,15786233098,1,2322@outlook.com,重庆市渝北区金开大道68号307号
董霞,973446,15156253037,0,9129@aliyun.com,江苏省南京市建邺区江东中路229号157号
谢伟,176641,18717569455,0,5719@qq.com,浙江省杭州市西湖区文二路188号469号
高平,417898,13690165910,1,1900@outlook.com,陕西省西安市雁塔区科技路88号973号
孙洋,634838,18397683991,1,7941@sina.com,北京市海淀区中关村大街1号641号
赵俊,790705,15589247336,0,2512@qq.com,安徽省合肥市政务区潜山路111号361号
梁丽,845831,13256943546,0,5513@aliyun.com,陕西省西安市雁塔区科技路88号501号
冯玲,089590,15947097993,1,9607@foxmail.com,北京市海淀区中关村大街1号965号
李涛,895484,15253908045,0,6847@qq.com,江苏省南京市建邺区江东中路229号138号
李华,178187,18531668827,0,9589@gmail.com,湖南省长沙市雨花区劳动西路102号736号
周雪,049268,15922328849,0,8982@126.com,江西省南昌市青山湖区北京东路456号445号
萧刚,391908,13465420145,0,5043@qq.com,黑龙江省哈尔滨市道里区中央大街99号890号
朱瑶,377086,18570402485,1,6562@qq.com,重庆市渝北区金开大道68号257号
黄伟,215553,18350240556,0,1055@gmail.com,广东省深圳市南山区科技园路8号962号
冯磊,981969,18311697911,1,6676@163.com,湖南省长沙市雨花区劳动西路102号255号
冯浩,446763,13745065118,1,1889@163.com,江苏省南京市建邺区江东中路229号129号
梁平,695505,13387015039,0,6195@aliyun.com,陕西省西安市雁塔区科技路88号171号
胡鹏,834155,15109565154,0,4605@163.com,江西省南昌市青山湖区北京东路456号263号
宋悦,032280,13375672887,1,8774@foxmail.com,安徽省合肥市政务区潜山路111号648号
宋娟,238891,15829483152,1,8733@foxmail.com,四川省成都市高新区天府五街200号640号
徐鹏,758611,15352940144,1,6850@163.com,辽宁省大连市中山区人民路55号98号
徐浩,033935,13942227859,1,3403@126.com,广东省深圳市南山区科技园路8号85号
李婷,304333,18801713224,0,1505@gmail.com,吉林省长春市南关区人民大街123号91号
唐娜,435968,15547012450,1,5892@hotmail.com,重庆市渝北区金开大道68号962号
朱玲,321398,13520173766,1,1606@yahoo.com,陕西省西安市未央区某某街道136号
张娟,024386,18881881576,1,3743@hotmail.com,江西省南昌市青山湖区北京东路456号336号
李静,834620,13127795994,1,8216@foxmail.com,辽宁省大连市中山区人民路55号285号
于伟,647646,15279747311,1,4994@aliyun.com,湖南省长沙市雨花区劳动西路102号70号
黄洋,232984,13225387638,1,9749@sina.com,北京市海淀区中关村大街1号289号
孙艳,000581,15337595800,1,7051@aliyun.com,天津市南开区卫津路94号597号
杨华,464467,18598489136,1,2415@yahoo.com,辽宁省大连市中山区人民路55号631号
马俊,873325,18233410942,0,821@163.com,陕西省西安市未央区某某街道615号
吴健,678389,18658814634,1,8176@gmail.com,湖南省长沙市雨花区劳动西路102号481号
黄伟,074530,15302640056,0,4515@hotmail.com,河南省郑州市二七区大学路80号809号
马俊,091076,15580388189,1,5063@sina.com,陕西省西安市雁塔区科技路88号389号
郭艳,306537,15121808658,1,3785@163.com,浙江省杭州市西湖区文二路188号246号
郭俊,266057,18761749752,0,4219@hotmail.com,湖南省长沙市雨花区劳动西路102号565号
周静,909904,18735809923,1,5994@163.com,山东省青岛市市南区香港中路11号516号
唐平,298075,18143778282,1,2143@gmail.com,浙江省杭州市西湖区文二路188号304号
罗浩,076333,18052462296,0,9612@126.com,广东省深圳市南山区科技园路8号491号
梁健,667186,13776622760,1,6902@163.com,陕西省西安市未央区某某街道507号
萧凯,615234,13806352565,1,7870@sina.com,天津市南开区卫津路94号164号
马霞,215593,13690135534,0,494@qq.com,江西省南昌市青山湖区北京东路456号176号
孙欣,605555,15340390799,0,4620@hotmail.com,天津市南开区卫津路94号117号
杨峰,379550,13538851489,1,1792@sina.com,陕西省西安市雁塔区科技路88号95号
王秀兰,821003,13055704636,1,4962@163.com,安徽省合肥市政务区潜山路111号778号
陈婷,176830,15639754861,1,8911@gmail.com,陕西省西安市雁塔区科技路88号356号
周伟,470781,15533934160,1,1871@aliyun.com,陕西省西安市未央区某某街道357号
郑秀兰,688052,13901071603,1,9880@sina.com,黑龙江省哈尔滨市道里区中央大街99号429号
罗娜,488535,15349044784,0,5455@aliyun.com,北京市海淀区中关村大街1号175号
赵秀兰,557722,18945378138,1,2836@163.com,北京市海淀区中关村大街1号892号
林秀兰,433119,13241227094,1,9937@126.com,河南省郑州市二七区大学路80号441号
董艳,913293,15717309972,0,5987@qq.com,浙江省杭州市西湖区文二路188号274号
陈军,608966,18263361079,1,697@gmail.com,上海市静安区南京西路1266号241号
胡平,123076,18022529549,0,9879@foxmail.com,陕西省西安市未央区某某街道659号
周芳,475180,13171525383,1,1370@outlook.com,江西省南昌市青山湖区北京东路456号232号
李健,637149,15743550970,0,6249@aliyun.com,福建省厦门市思明区中山路400号741号
郭博,594917,15180165486,1,7916@qq.com,浙江省杭州市西湖区文二路188号748号
刘强,809011,18307572558,1,2747@qq.com,上海市静安区南京西路1266号293号
于刚,336506,13957661409,0,1066@outlook.com,四川省成都市高新区天府五街200号27号
赵璐,284975,18586084004,0,4393@hotmail.com,山东省青岛市市南区香港中路11号994号
孙健,306250,15893673311,0,5955@aliyun.com,广东省深圳市南山区科技园路8号598号
韩娜,493352,18291713747,1,8176@foxmail.com,陕西省西安市未央区某某街道743号
吴璐,984404,13712847820,1,4595@hotmail.com,河南省郑州市二七区大学路80号186号
周伟,636621,15857648310,1,4605@hotmail.com,浙江省杭州市西湖区文二路188号848号
宋璐,416203,13676863835,1,6548@gmail.com,湖南省长沙市雨花区劳动西路102号726号
于健,214110,18134555454,1,5092@126.com,吉林省长春市南关区人民大街123号307号
韩强,544955,13217436666,1,7107@foxmail.com,陕西省西安市未央区某某街道550号
林芳,884989,15754065783,0,4647@126.com,河南省郑州市二七区大学路80号296号
韩文,282011,15711267025,1,7786@qq.com,黑龙江省哈尔滨市道里区中央大街99号184号
刘艳,482712,18124027243,1,9446@sina.com,辽宁省大连市中山区人民路55号271号
赵杰,783640,18365684309,0,139@foxmail.com,天津市南开区卫津路94号157号
刘娟,972584,18311893411,1,8393@qq.com,江西省南昌市青山湖区北京东路456号971号
郑艳,230657,18114805815,1,1118@outlook.com,四川省成都市高新区天府五街200号164号
陈峰,261018,18481003643,0,37@yahoo.com,江苏省南京市建邺区江东中路229号740号
朱磊,624834,13956315862,0,7519@gmail.com,上海市静安区南京西路1266号499号
张峰,729238,13364367197,0,5555@hotmail.com,辽宁省大连市中山区人民路55号941号
唐明,195381,18834316091,1,3572@sina.com,天津市南开区卫津路94号876号
罗秀兰,705523,13462599754,1,5671@outlook.com,安徽省合肥市政务区潜山路111号661号
朱俊,889000,18009075952,1,3340@126.com,福建省厦门市思明区中山路400号644号
孙娜,444756,13099059406,1,4373@yahoo.com,上海市静安区南京西路1266号805号
杨明,994393,15656368856,1,1711@aliyun.com,山东省青岛市市南区香港中路11号673号
董辉,290679,18081303190,0,3781@outlook.com,辽宁省大连市中山区人民路55号771号
刘璐,490971,13663304296,1,9808@gmail.com,辽宁省大连市中山区人民路55号524号
高娟,928310,15911775177,0,8806@163.com,湖北省武汉市洪山区珞瑜路726号709号
萧华,102929,18022255129,1,4769@foxmail.com,福建省厦门市思明区中山路400号71号
周娜,757450,15994372649,0,9617@hotmail.com,河南省郑州市二七区大学路80号507号
马刚,500410,18070960557,0,2202@gmail.com,北京市海淀区中关村大街1号806号
高华,298872,15061522335,0,8717@aliyun.com,北京市海淀区中关村大街1号167号
吴刚,827263,13927524760,0,4963@yahoo.com,广东省深圳市南山区科技园路8号26号
赵平,671447,15087094007,1,5898@foxmail.com,江苏省南京市建邺区江东中路229号830号
林杰,998394,15863736750,1,3438@qq.com,浙江省杭州市西湖区文二路188号801号
孙峰,938624,13702752382,1,8523@qq.com,河南省郑州市二七区大学路80号695号
胡浩,322846,13430536952,1,3404@aliyun.com,陕西省西安市雁塔区科技路88号846号
谢平,090783,13194687589,1,9512@outlook.com,重庆市渝北区金开大道68号892号
韩健,392208,18409520502,0,1699@yahoo.com,天津市南开区卫津路94号83号
胡涛,815294,18453970196,0,6443@yahoo.com,广东省深圳市南山区科技园路8号390号
董辉,476538,18422305014,0,2576@163.com,陕西省西安市雁塔区科技路88号510号
周璐,966190,15075099457,1,6929@yahoo.com,安徽省合肥市政务区潜山路111号479号
刘华,166397,15931998486,0,92@sina.com,北京市海淀区中关村大街1号899号
董刚,177844,13888598351,1,7329@foxmail.com,安徽省合肥市政务区潜山路111号116号
郭雪,123850,18873201749,0,5463@foxmail.com,陕西省西安市未央区某某街道361号
刘涛,615592,15285269927,0,6989@hotmail.com,浙江省杭州市西湖区文二路188号172号
宋宇,874038,18334751383,1,6449@outlook.com,天津市南开区卫津路94号464号
马华,939474,18411696456,0,5662@yahoo.com,重庆市渝北区金开大道68号417号
梁伟,283179,18666692490,0,5640@aliyun.com,陕西省西安市未央区某某街道840号
刘浩,799938,18117127598,0,4757@163.com,湖北省武汉市洪山区珞瑜路726号145号
孙玲,704879,15159145899,0,9720@qq.com,上海市静安区南京西路1266号804号
周静,911481,18813621798,1,2901@163.com,四川省成都市高新区天府五街200号237号
郭霞,035961,15780307225,0,4257@126.com,重庆市渝北区金开大道68号857号
李明,215180,13450210303,0,4055@gmail.com,陕西省西安市未央区某某街道910号
张峰,850051,13478367942,1,2132@hotmail.com,河南省郑州市二七区大学路80号542号
何娜,587296,18936212620,1,5622@126.com,广东省深圳市南山区科技园路8号199号
周伟,601162,13243221824,0,5477@sina.com,北京市海淀区中关村大街1号183号
董刚,528427,15338796730,1,9046@qq.com,江西省南昌市青山湖区北京东路456号99号
赵艳,465345,13954519601,0,9289@qq.com,湖北省武汉市洪山区珞瑜路726号612号
董桂英,076244,18340480046,1,360@yahoo.com,湖南省长沙市雨花区劳动西路102号212号
郑博,396042,18472610515,1,2738@outlook.com,吉林省长春市南关区人民大街123号455号
周悦,139108,18550578418,0,9294@163.com,黑龙江省哈尔滨市道里区中央大街99号949号
罗伟,740181,15728361360,1,9722@163.com,黑龙江省哈尔滨市道里区中央大街99号218号
吴婷,857178,15894389834,0,485@sina.com,北京市海淀区中关村大街1号377号
杨刚,801966,15896675171,0,1469@gmail.com,吉林省长春市南关区人民大街123号898号
郑婷,789395,18917919660,1,7572@foxmail.com,安徽省合肥市政务区潜山路111号1号
黄宇,691280,15063081226,0,9969@gmail.com,广东省深圳市南山区科技园路8号421号
李雪,323823,15224391350,1,8287@outlook.com,湖北省武汉市洪山区珞瑜路726号202号
何平,035542,18081061849,1,3419@yahoo.com,河南省郑州市二七区大学路80号713号
杨娜,303099,18766419851,0,1194@aliyun.com,陕西省西安市未央区某某街道424号
林敏,024214,18349550922,1,57@foxmail.com,浙江省杭州市西湖区文二路188号386号
赵凯,515375,18522234165,0,7663@hotmail.com,辽宁省大连市中山区人民路55号619号
董婷,209348,13119203066,0,7901@aliyun.com,辽宁省大连市中山区人民路55号144号
冯桂英,792183,18053239211,1,9249@hotmail.com,山东省青岛市市南区香港中路11号243号
宋娜,594660,18689675359,0,5898@qq.com,北京市海淀区中关村大街1号112号
吴霞,665619,13494019610,0,7949@foxmail.com,四川省成都市高新区天府五街200号337号
何鹏,896434,13594291426,0,6072@outlook.com,陕西省西安市未央区某某街道724号
谢杰,706958,15676293179,1,2680@foxmail.com,北京市海淀区中关村大街1号797号
何文,039355,18843151792,1,1@hotmail.com,吉林省长春市南关区人民大街123号830号
郑杰,078739,15070731468,1,6538@aliyun.com,浙江省杭州市西湖区文二路188号850号
梁玲,201235,18219932062,0,8687@outlook.com,河南省郑州市二七区大学路80号360号
何敏,942564,18925140243,1,3041@outlook.com,吉林省长春市南关区人民大街123号916号
周鹏,424108,13294060366,0,6394@hotmail.com,安徽省合肥市政务区潜山路111号502号
唐丽,585389,13215749449,0,8122@aliyun.com,湖北省武汉市洪山区珞瑜路726号486号
宋敏,809962,15324432604,0,2543@foxmail.com,湖北省武汉市洪山区珞瑜路726号944号
杨勇,981772,18287277215,0,420@outlook.com,天津市南开区卫津路94号486号
宋华,692545,18101333407,1,4332@outlook.com,福建省厦门市思明区中山路400号19号
何强,612030,18745012959,1,47@sina.com,湖南省长沙市雨花区劳动西路102号667号
陈磊,115328,15111942862,1,5462@gmail.com,天津市南开区卫津路94号152号
林杰,267259,18111990184,1,7725@outlook.com,上海市静安区南京西路1266号61号
王欣,535045,15597122232,1,6257@gmail.com,吉林省长春市南关区人民大街123号552号
王浩,477772,13123197835,1,1135@126.com,湖北省武汉市洪山区珞瑜路726号596号
谢洋,567685,13105408776,1,1359@163.com,辽宁省大连市中山区人民路55号801号
冯平,509911,18768025129,1,9471@foxmail.com,江西省南昌市青山湖区北京东路456号67号
唐宇,311536,18531988570,1,2831@126.com,江苏省南京市建邺区江东中路229号884号
宋艳,437732,13640373394,1,8774@qq.com,陕西省西安市未央区某某街道386号
高敏,052038,13607970664,1,7662@hotmail.com,黑龙江省哈尔滨市道里区中央大街99号613号
谢欣,708845,15648684405,0,9531@gmail.com,四川省成都市高新区天府五街200号107号
赵辉,382834,18553900921,1,9815@qq.com,北京市海淀区中关村大街1号592号
王雪,873248,18159352251,0,2535@sina.com,浙江省杭州市西湖区文二路188号439号
林娟,540230,18012250701,0,4867@foxmail.com,广东省深圳市南山区科技园路8号38号
何霞,710016,15906843216,1,2587@yahoo.com,浙江省杭州市西湖区文二路188号899号
高明,948634,15801265031,1,4665@yahoo.com,陕西省西安市雁塔区科技路88号17号
于璐,813825,15755410264,0,5501@outlook.com,浙江省杭州市西湖区文二路188号292号
郭博,483899,13527172030,1,1214@sina.com,湖南省长沙市雨花区劳动西路102号675号
孙健,825662,15505649809,1,4887@hotmail.com,吉林省长春市南关区人民大街123号959号
吴娜,404450,15328403067,0,7312@yahoo.com,重庆市渝北区金开大道68号633号
郑秀兰,031100,15322960681,1,8831@qq.com,陕西省西安市雁塔区科技路88号183号
杨涛,919142,18765583820,0,8255@hotmail.com,安徽省合肥市政务区潜山路111号875号
何宇,565646,15040707800,0,1258@outlook.com,安徽省合肥市政务区潜山路111号714号
林文,073178,13524677176,1,5440@outlook.com,湖北省武汉市洪山区珞瑜路726号553号
李娟,374033,13563261961,0,881@foxmail.com,四川省成都市高新区天府五街200号893号
郭磊,577167,15548524950,0,5255@yahoo.com,福建省厦门市思明区中山路400号623号
谢娟,327621,18861880162,0,8445@gmail.com,江西省南昌市青山湖区北京东路456号508号
张璐,544367,18669216484,1,1290@yahoo.com,上海市静安区南京西路1266号856号
黄辉,939028,18400508458,1,1303@foxmail.com,广东省深圳市南山区科技园路8号198号
谢刚,191964,15701213631,1,6016@126.com,北京市海淀区中关村大街1号133号
李丽,293560,15076239462,1,8226@126.com,上海市静安区南京西路1266号240号
冯辉,084055,13088680631,1,488@outlook.com,北京市海淀区中关村大街1号461号
唐玲,883663,13570461939,0,2883@gmail.com,浙江省杭州市西湖区文二路188号193号
萧军,264398,13268222997,0,3028@126.com,福建省厦门市思明区中山路400号761号
周悦,945962,15012967628,1,1180@foxmail.com,天津市南开区卫津路94号461号
宋博,538971,13873056903,1,7371@163.com,天津市南开区卫津路94号426号
何刚,583936,13323866908,0,702@sina.com,辽宁省大连市中山区人民路55号698号
高杰,598167,15604759372,0,9997@gmail.com,陕西省西安市雁塔区科技路88号732号
杨玲,013477,18272013776,0,4699@yahoo.com,陕西省西安市雁塔区科技路88号670号
董瑶,500352,18922396971,0,4686@outlook.com,黑龙江省哈尔滨市道里区中央大街99号969号
王峰,693629,18300240401,0,9876@outlook.com,陕西省西安市未央区某某街道527号
高超,217818,18861400291,1,7818@aliyun.com,广东省深圳市南山区科技园路8号317号
张艳,569191,13354636358,0,7765@163.com,安徽省合肥市政务区潜山路111号599号
唐涛,661779,15103939911,0,9237@hotmail.com,陕西省西安市雁塔区科技路88号772号
马超,454903,15736926876,1,9321@qq.com,安徽省合肥市政务区潜山路111号628号
唐文,257088,18842549588,1,9146@aliyun.com,湖南省长沙市雨花区劳动西路102号250号
陈欣,087283,15709883403,1,5422@126.com,湖北省武汉市洪山区珞瑜路726号983号
孙璐,654223,18741851326,0,5702@yahoo.com,江西省南昌市青山湖区北京东路456号902号
徐辉,437339,15628912970,0,3529@aliyun.com,江西省南昌市青山湖区北京东路456号198号
赵悦,422068,13368634716,1,519@qq.com,河南省郑州市二七区大学路80号267号
刘静,476743,15015128071,0,5225@hotmail.com,陕西省西安市雁塔区科技路88号197号
刘雪,435245,18102706040,1,8675@foxmail.com,河南省郑州市二七区大学路80号225号
于丽,214100,15517431800,1,3900@aliyun.com,广东省深圳市南山区科技园路8号766号
何浩,277627,18344447385,0,5521@163.com,陕西省西安市雁塔区科技路88号84号
黄华,979181,13918454617,0,9303@163.com,黑龙江省哈尔滨市道里区中央大街99号81号
冯桂英,163528,15168355347,0,6866@foxmail.com,湖南省长沙市雨花区劳动西路102号196号
谢洋,154541,18199966819,0,9143@hotmail.com,四川省成都市高新区天府五街200号809号
李丽,375346,15227427298,0,9668@qq.com,吉林省长春市南关区人民大街123号452号
宋霞,121129,18009512888,1,2909@126.com,山东省青岛市市南区香港中路11号213号
徐雪,782443,18034370356,1,6251@126.com,北京市海淀区中关村大街1号585号
郑璐,756372,15277799811,0,5886@hotmail.com,吉林省长春市南关区人民大街123号281号
孙浩,439396,18448790744,1,3688@hotmail.com,辽宁省大连市中山区人民路55号829号
宋霞,708434,15836487073,0,7220@hotmail.com,湖北省武汉市洪山区珞瑜路726号177号
黄健,905401,15053191641,0,8076@163.com,安徽省合肥市政务区潜山路111号856号
罗凯,846585,15261944167,1,3863@yahoo.com,陕西省西安市雁塔区科技路88号485号
谢伟,643911,18885204827,1,9589@gmail.com,重庆市渝北区金开大道68号223号
萧华,124478,13689993983,0,6825@aliyun.com,湖南省长沙市雨花区劳动西路102号210号
吴瑶,046007,15898552579,1,8571@qq.com,吉林省长春市南关区人民大街123号927号
董芳,263445,15051100612,0,5001@163.com,陕西省西安市雁塔区科技路88号39号
胡瑶,658004,18880739135,1,1440@qq.com,湖南省长沙市雨花区劳动西路102号786号
孙秀兰,687701,13701079638,1,292@aliyun.com,陕西省西安市未央区某某街道985号
冯杰,201529,18622846697,1,4793@aliyun.com,吉林省长春市南关区人民大街123号82号
黄磊,393543,13749837074,1,7107@gmail.com,天津市南开区卫津路94号178号
杨娜,920896,18498964982,1,2149@foxmail.com,江苏省南京市建邺区江东中路229号65号
董洋,541382,15637333202,0,9108@foxmail.com,重庆市渝北区金开大道68号220号
宋明,165095,13073526238,1,5630@foxmail.com,陕西省西安市雁塔区科技路88号236号
王凯,554200,18234488548,0,9048@gmail.com,湖北省武汉市洪山区珞瑜路726号340号
赵欣,292442,15162216225,0,513@163.com,北京市海淀区中关村大街1号977号
冯桂英,759575,18507595423,1,8904@aliyun.com,福建省厦门市思明区中山路400号152号
周霞,716330,15782946615,0,7094@163.com,江西省南昌市青山湖区北京东路456号781号
郭静,550495,18645744664,0,4454@foxmail.com,天津市南开区卫津路94号934号
李欣,099779,18751448402,1,7388@hotmail.com,陕西省西安市未央区某某街道484号
林华,898646,18459901330,1,7738@126.com,北京市海淀区中关村大街1号6号
李伟,380024,13300878587,1,3174@126.com,黑龙江省哈尔滨市道里区中央大街99号433号
周欣,958975,18692059521,0,1031@aliyun.com,天津市南开区卫津路94号126号
徐静,253508,18628855515,1,2017@126.com,四川省成都市高新区天府五街200号591号
萧悦,601326,13326809933,0,4660@foxmail.com,浙江省杭州市西湖区文二路188号137号
刘玲,912569,15260989995,1,6428@gmail.com,北京市海淀区中关村大街1号603号
高玲,481165,15651546339,0,5168@163.com,上海市静安区南京西路1266号502号
孙凯,230927,13772819465,1,2219@yahoo.com,陕西省西安市雁塔区科技路88号114号
黄刚,747604,18321216590,0,486@gmail.com,浙江省杭州市西湖区文二路188号704号
李刚,168340,18710367118,0,7169@foxmail.com,浙江省杭州市西湖区文二路188号218号
刘玲,182671,18282947457,0,2870@126.com,辽宁省大连市中山区人民路55号867号
董璐,368981,13092829537,0,812@163.com,安徽省合肥市政务区潜山路111号786号
杨璐,486880,15025963045,1,8030@sina.com,广东省深圳市南山区科技园路8号708号
赵峰,908442,13567457362,0,732@aliyun.com,湖北省武汉市洪山区珞瑜路726号229号
韩敏,145440,13148314458,1,703@hotmail.com,湖南省长沙市雨花区劳动西路102号57号
朱玲,030464,18165549537,1,8780@hotmail.com,上海市静安区南京西路1266号636号
冯娜,493945,18905590035,0,5847@163.com,重庆市渝北区金开大道68号476号
郑瑶,156238,15992112379,1,2934@outlook.com,安徽省合肥市政务区潜山路111号589号
郑璐,311279,18334293978,0,2053@outlook.com,吉林省长春市南关区人民大街123号390号
谢秀兰,789902,18557773935,1,8155@163.com,上海市静安区南京西路1266号461号
赵俊,035624,15546949940,0,3630@aliyun.com,河南省郑州市二七区大学路80号16号
萧华,564686,18086837388,0,9621@qq.com,江苏省南京市建邺区江东中路229号227号
宋凯,263398,15637980688,1,8502@qq.com,湖南省长沙市雨花区劳动西路102号203号
徐浩,377546,15348135916,0,4404@aliyun.com,江西省南昌市青山湖区北京东路456号959号
郭明,738573,13057272045,1,5646@foxmail.com,浙江省杭州市西湖区文二路188号893号
王娜,593698,13741724023,0,7143@sina.com,江西省南昌市青山湖区北京东路456号947号
罗芳,345511,18698065481,1,6920@aliyun.com,浙江省杭州市西湖区文二路188号809号
赵俊,625320,15376673429,1,2543@sina.com,江西省南昌市青山湖区北京东路456号579号
赵宇,450864,18858931454,1,2892@gmail.com,湖南省长沙市雨花区劳动西路102号585号
黄玲,140063,13962428336,1,1115@163.com,黑龙江省哈尔滨市道里区中央大街99号821号
杨凯,905841,18132290466,1,3530@foxmail.com,黑龙江省哈尔滨市道里区中央大街99号86号
孙悦,616187,13688986053,0,1634@hotmail.com,四川省成都市高新区天府五街200号481号
胡璐,747759,18484116494,1,3949@outlook.com,重庆市渝北区金开大道68号68号
郭欣,107063,15800837679,0,2190@yahoo.com,天津市南开区卫津路94号801号
朱宇,170721,18002677365,0,100@outlook.com,上海市静安区南京西路1266号125号
杨悦,370517,13615643346,1,7364@163.com,重庆市渝北区金开大道68号772号
刘凯,125397,18455913067,0,8709@gmail.com,北京市海淀区中关村大街1号786号
周宇,596256,15231871528,0,8944@gmail.com,天津市南开区卫津路94号852号
胡洋,715605,13522810380,1,7887@hotmail.com,上海市静安区南京西路1266号673号
何婷,391740,18874677472,0,5134@sina.com,四川省成都市高新区天府五街200号700号
梁玲,513738,13269201190,0,442@qq.com,浙江省杭州市西湖区文二路188号113号
朱俊,379294,15106532980,1,5361@qq.com,广东省深圳市南山区科技园路8号483号
徐辉,537643,13321355294,0,5072@sina.com,江苏省南京市建邺区江东中路229号78号
宋秀兰,610564,18287198742,1,720@126.com,吉林省长春市南关区人民大街123号473号
林悦,844262,18678475879,1,2230@sina.com,广东省深圳市南山区科技园路8号422号
韩伟,856495,18963227380,0,9980@yahoo.com,福建省厦门市思明区中山路400号518号
郑欣,403687,18567989235,1,3423@hotmail.com,浙江省杭州市西湖区文二路188号637号
孙玲,253518,18403380894,1,2669@163.com,重庆市渝北区金开大道68号82号
王峰,051168,15770349468,0,5897@126.com,天津市南开区卫津路94号786号
吴健,586002,18921655802,1,5007@foxmail.com,山东省青岛市市南区香港中路11号204号
董强,505970,13332758422,0,6853@foxmail.com,山东省青岛市市南区香港中路11号290号
黄婷,398235,18016063814,1,147@gmail.com,湖南省长沙市雨花区劳动西路102号238号
马辉,465572,18467640959,0,5438@163.com,黑龙江省哈尔滨市道里区中央大街99号36号
杨静,077748,13715841913,0,2982@163.com,重庆市渝北区金开大道68号143号
梁勇,496319,15045398623,1,7027@qq.com,广东省深圳市南山区科技园路8号975号
高宇,650126,15990978655,1,2537@126.com,安徽省合肥市政务区潜山路111号654号
冯峰,988290,13906753785,1,5749@126.com,北京市海淀区中关村大街1号633号
韩健,607480,18996076063,0,8755@163.com,陕西省西安市未央区某某街道682号
董艳,296904,13842650335,0,7326@qq.com,天津市南开区卫津路94号154号
宋刚,089469,15548869698,0,4518@sina.com,福建省厦门市思明区中山路400号720号
高峰,955842,18197782965,1,4767@foxmail.com,浙江省杭州市西湖区文二路188号605号
林悦,507937,13904100831,1,4394@foxmail.com,河南省郑州市二七区大学路80号241号
郭璐,941110,18581185215,0,7223@163.com,湖北省武汉市洪山区珞瑜路726号387号
宋静,625266,18433752938,1,3499@qq.com,广东省深圳市南山区科技园路8号698号
王超,338773,13860800924,0,552@foxmail.com,上海市静安区南京西路1266号946号
林雪,103774,15212415594,1,8254@outlook.com,江苏省南京市建邺区江东中路229号871号
谢凯,207007,13810934246,1,7608@sina.com,辽宁省大连市中山区人民路55号624号
何霞,119043,13994492384,0,8462@outlook.com,陕西省西安市未央区某某街道449号
冯欣,393958,13326050973,0,8461@163.com,吉林省长春市南关区人民大街123号19号
孙博,569266,18183286182,1,2498@gmail.com,重庆市渝北区金开大道68号516号
于婷,602856,15870860597,1,4553@sina.com,江西省南昌市青山湖区北京东路456号825号
何璐,685387,15789044590,0,6051@126.com,广东省深圳市南山区科技园路8号762号
孙芳,350030,18578358501,0,2766@foxmail.com,广东省深圳市南山区科技园路8号818号
林宇,824062,13944803685,1,3742@sina.com,四川省成都市高新区天府五街200号924号
罗强,565451,18365230692,0,9922@foxmail.com,安徽省合肥市政务区潜山路111号741号
董欣,461892,18152050383,0,7528@foxmail.com,江苏省南京市建邺区江东中路229号620号
高平,411430,15356238376,1,8621@aliyun.com,辽宁省大连市中山区人民路55号430号
周伟,601772,13804827853,1,9264@gmail.com,上海市静安区南京西路1266号331号
于军,042227,18404098010,1,4586@qq.com,福建省厦门市思明区中山路400号975号
梁璐,145795,13638426051,1,860@qq.com,重庆市渝北区金开大道68号536号
孙洋,408246,13934813426,1,6101@hotmail.com,天津市南开区卫津路94号912号
罗峰,033337,13045724131,1,6155@yahoo.com,福建省厦门市思明区中山路400号503号
于平,153603,18154224686,0,237@qq.com,四川省成都市高新区天府五街200号827号
杨秀兰,065807,13437413748,1,7179@yahoo.com,陕西省西安市雁塔区科技路88号312号
梁桂英,727884,13169449744,1,983@163.com,广东省深圳市南山区科技园路8号93号
梁华,052255,18838789142,1,8704@gmail.com,浙江省杭州市西湖区文二路188号145号
林欣,032437,18127822590,1,3228@qq.com,江西省南昌市青山湖区北京东路456号501号
董军,121630,13894409189,1,634@qq.com,山东省青岛市市南区香港中路11号739号
朱辉,528039,18357987488,0,1135@qq.com,江西省南昌市青山湖区北京东路456号617号
萧秀兰,694365,18183929882,0,3814@outlook.com,重庆市渝北区金开大道68号670号
张文,082591,15611939834,0,349@hotmail.com,山东省青岛市市南区香港中路11号107号
于悦,794541,13115902979,1,2187@hotmail.com,吉林省长春市南关区人民大街123号406号
黄文,759762,18746128823,1,8965@qq.com,湖北省武汉市洪山区珞瑜路726号23号
林凯,000869,13706689140,1,2664@gmail.com,湖北省武汉市洪山区珞瑜路726号605号
郑欣,336465,15115715512,1,8850@aliyun.com,安徽省合肥市政务区潜山路111号562号
胡辉,587963,13766554782,1,2621@sina.com,湖南省长沙市雨花区劳动西路102号452号
朱芳,576973,18247001327,1,4574@qq.com,黑龙江省哈尔滨市道里区中央大街99号887号
陈玲,006434,13338166776,1,8170@aliyun.com,江西省南昌市青山湖区北京东路456号210号
胡浩,044187,15901146598,0,518@yahoo.com,重庆市渝北区金开大道68号189号
于峰,526050,18158652497,0,4946@sina.com,辽宁省大连市中山区人民路55号181号
唐磊,114406,15754560180,0,6913@qq.com,浙江省杭州市西湖区文二路188号660号
韩娜,491618,15071356508,1,3176@aliyun.com,广东省深圳市南山区科技园路8号428号
徐瑶,602027,18268671459,1,5570@sina.com,广东省深圳市南山区科技园路8号959号
韩艳,064081,13921932980,0,1069@qq.com,江苏省南京市建邺区江东中路229号46号
韩健,961254,13430133157,0,3046@qq.com,湖南省长沙市雨花区劳动西路102号822号
王婷,637542,13660249301,1,1133@outlook.com,江苏省南京市建邺区江东中路229号847号
郑娟,575890,13622355470,0,5967@hotmail.com,江苏省南京市建邺区江东中路229号847号
朱秀兰,406314,13053579723,0,2215@163.com,吉林省长春市南关区人民大街123号924号
郑勇,965606,18042070147,0,5129@hotmail.com,辽宁省大连市中山区人民路55号630号
董静,998276,13051401414,0,2108@outlook.com,辽宁省大连市中山区人民路55号683号
董婷,494375,13561004292,1,9429@163.com,广东省深圳市南山区科技园路8号422号
郭玲,405300,15389967243,0,109@126.com,上海市静安区南京西路1266号139号
张勇,011905,15171093165,1,2430@foxmail.com,上海市静安区南京西路1266号856号
徐强,180086,13854329939,1,7197@163.com,黑龙江省哈尔滨市道里区中央大街99号749号
唐敏,213188,18155490350,1,2338@aliyun.com,江西省南昌市青山湖区北京东路456号157号
罗强,956093,13686637667,1,5561@126.com,湖南省长沙市雨花区劳动西路102号393号
马娟,704548,13479046523,0,446@yahoo.com,陕西省西安市雁塔区科技路88号58号
马丽,768578,13500404944,0,5655@163.com,江苏省南京市建邺区江东中路229号233号
马峰,186861,13466888324,0,8517@163.com,湖南省长沙市雨花区劳动西路102号55号
梁文,288079,15741867707,1,1066@yahoo.com,湖北省武汉市洪山区珞瑜路726号212号
郭强,046081,18439848052,0,6095@yahoo.com,河南省郑州市二七区大学路80号621号
谢健,467782,18088533586,1,7573@qq.com,山东省青岛市市南区香港中路11号801号
王华,093968,15684853037,0,6569@aliyun.com,河南省郑州市二七区大学路80号677号
郭洋,564749,15562916929,0,9282@qq.com,陕西省西安市雁塔区科技路88号430号
朱娟,864867,15527601017,0,65@aliyun.com,吉林省长春市南关区人民大街123号18号
吴洋,674591,13441905439,0,3383@gmail.com,河南省郑州市二七区大学路80号786号
王欣,420775,18832691897,0,8526@sina.com,陕西省西安市雁塔区科技路88号428号
张文,264745,13697500595,0,9915@outlook.com,山东省青岛市市南区香港中路11号50号
赵悦,801947,18430673541,1,2659@outlook.com,陕西省西安市雁塔区科技路88号752号
唐伟,735605,18484334894,1,1639@sina.com,湖北省武汉市洪山区珞瑜路726号60号
徐霞,346554,13567294800,0,6802@yahoo.com,重庆市渝北区金开大道68号425号
韩浩,952452,13771901675,1,6213@126.com,陕西省西安市雁塔区科技路88号24号
马悦,609047,13972695601,1,9700@qq.com,四川省成都市高新区天府五街200号693号
郭丽,216934,18334067192,0,3189@163.com,广东省深圳市南山区科技园路8号828号
董娜,599745,18830408188,0,5326@aliyun.com,重庆市渝北区金开大道68号858号
宋瑶,756450,13285741119,0,3424@163.com,山东省青岛市市南区香港中路11号541号
朱桂英,709331,15523487294,0,8806@qq.com,江苏省南京市建邺区江东中路229号263号
冯涛,778508,13786559904,0,5825@qq.com,吉林省长春市南关区人民大街123号231号
唐璐,728038,13729683518,0,8715@163.com,江苏省南京市建邺区江东中路229号472号
宋凯,878601,13575047624,1,7810@foxmail.com,浙江省杭州市西湖区文二路188号196号
周峰,336873,13112498074,0,7726@126.com,江苏省南京市建邺区江东中路229号21号
于伟,268076,13078294136,0,3651@126.com,陕西省西安市雁塔区科技路88号600号
张勇,689832,15851705631,0,2036@qq.com,陕西省西安市雁塔区科技路88号626号
董磊,568629,18737146371,1,5892@hotmail.com,河南省郑州市二七区大学路80号464号
徐刚,399875,15322277850,1,9864@hotmail.com,陕西省西安市未央区某某街道505号
张俊,654269,13258787980,0,6650@163.com,湖南省长沙市雨花区劳动西路102号23号
高芳,327002,13640017239,0,6@qq.com,河南省郑州市二七区大学路80号97号
孙静,248441,13067717119,1,4575@gmail.com,上海市静安区南京西路1266号203号
李婷,228145,13114347399,0,3671@qq.com,湖北省武汉市洪山区珞瑜路726号791号
萧璐,670034,15864520318,0,5182@aliyun.com,北京市海淀区中关村大街1号545号
萧娜,720459,13237587466,1,9140@yahoo.com,吉林省长春市南关区人民大街123号758号
马雪,512437,13118083365,1,6141@foxmail.com,山东省青岛市市南区香港中路11号358号
杨超,260116,13174612399,1,9912@hotmail.com,陕西省西安市未央区某某街道173号
冯悦,389094,15566989749,1,2531@hotmail.com,湖南省长沙市雨花区劳动西路102号601号
刘辉,840128,15215405088,1,5750@163.com,江苏省南京市建邺区江东中路229号330号
黄霞,496560,18767447430,1,1630@outlook.com,上海市静安区南京西路1266号66号
胡涛,245113,18148862044,1,8679@gmail.com,河南省郑州市二七区大学路80号622号
梁欣,380482,18640492359,0,2396@aliyun.com,陕西省西安市未央区某某街道348号
张明,586972,15276691845,0,5617@aliyun.com,北京市海淀区中关村大街1号560号
于军,667090,15592385236,1,5289@hotmail.com,陕西省西安市未央区某某街道792号
唐瑶,892099,13453601653,1,2506@163.com,北京市海淀区中关村大街1号793号
梁军,913677,13780911336,0,7208@outlook.com,广东省深圳市南山区科技园路8号648号
刘娟,344161,18815909112,1,5072@qq.com,重庆市渝北区金开大道68号423号
董娟,572351,18070454502,0,2907@yahoo.com,浙江省杭州市西湖区文二路188号112号
林峰,236480,13460637636,0,3531@163.com,北京市海淀区中关村大街1号804号
徐凯,953327,13193304569,0,3021@gmail.com,天津市南开区卫津路94号909号
胡宇,551759,18958117287,1,3808@gmail.com,北京市海淀区中关村大街1号917号
郭勇,546130,18788406130,1,4320@foxmail.com,江西省南昌市青山湖区北京东路456号950号
黄军,257884,13780816449,1,9810@hotmail.com,山东省青岛市市南区香港中路11号40号
王敏,233891,13007523149,1,110@aliyun.com,黑龙江省哈尔滨市道里区中央大街99号805号
林娜,368618,13688607686,0,4923@qq.com,重庆市渝北区金开大道68号881号
吴磊,693685,13683550391,0,9708@qq.com,黑龙江省哈尔滨市道里区中央大街99号955号
萧鹏,199411,13564469662,1,8607@yahoo.com,广东省深圳市南山区科技园路8号46号
唐艳,784792,18685558387,1,779@qq.com,安徽省合肥市政务区潜山路111号57号
董玲,418649,15158978588,0,7627@hotmail.com,江苏省南京市建邺区江东中路229号409号
马霞,510362,15973784124,1,5302@hotmail.com,吉林省长春市南关区人民大街123号132号
胡华,236161,15325361783,0,1399@aliyun.com,陕西省西安市雁塔区科技路88号70号
冯婷,014658,18097209824,0,3557@qq.com,安徽省合肥市政务区潜山路111号385号
萧博,014058,18284397449,1,8960@163.com,江苏省南京市建邺区江东中路229号618号
韩伟,256856,15226021883,1,8417@hotmail.com,陕西省西安市雁塔区科技路88号802号
于悦,704629,15165302959,1,1381@aliyun.com,安徽省合肥市政务区潜山路111号71号
高欣,831363,15759527556,1,5371@126.com,广东省深圳市南山区科技园路8号796号
周明,004082,18147680748,0,1707@outlook.com,江苏省南京市建邺区江东中路229号333号
刘秀兰,357988,18793426598,1,6343@outlook.com,山东省青岛市市南区香港中路11号29号
徐敏,710308,15520933977,0,2400@qq.com,北京市海淀区中关村大街1号446号
朱秀兰,467505,15632428126,1,373@163.com,福建省厦门市思明区中山路400号493号
于璐,750737,15241730429,1,5705@163.com,湖北省武汉市洪山区珞瑜路726号629号
唐鹏,631978,15299919084,0,2979@qq.com,吉林省长春市南关区人民大街123号456号
于杰,376665,18670618716,0,3596@hotmail.com,吉林省长春市南关区人民大街123号211号
韩婷,236163,18822094679,1,1291@gmail.com,福建省厦门市思明区中山路400号873号
梁雪,974675,18369492761,1,2669@foxmail.com,吉林省长春市南关区人民大街123号191号
董超,314760,18026857097,0,8411@gmail.com,江苏省南京市建邺区江东中路229号802号
刘涛,313288,15964894680,0,5721@aliyun.com,辽宁省大连市中山区人民路55号959号
陈峰,240925,15247008866,0,6562@yahoo.com,江西省南昌市青山湖区北京东路456号618号
徐雪,777394,18760808668,0,9157@outlook.com,江西省南昌市青山湖区北京东路456号745号
冯磊,112423,18135633818,1,1863@outlook.com,上海市静安区南京西路1266号240号
刘超,134882,18978157238,1,5513@163.com,山东省青岛市市南区香港中路11号879号
何博,085940,15022569451,1,2371@yahoo.com,江西省南昌市青山湖区北京东路456号806号
吴璐,859960,15323718250,0,1518@hotmail.com,湖北省武汉市洪山区珞瑜路726号842号
徐博,075573,15188377084,1,2337@outlook.com,广东省深圳市南山区科技园路8号937号
王秀兰,563652,15953370840,0,639@qq.com,山东省青岛市市南区香港中路11号344号
吴凯,777119,15611506447,1,3945@sina.com,福建省厦门市思明区中山路400号931号
徐凯,963778,13028188765,0,4194@163.com,上海市静安区南京西路1266号234号
黄玲,043651,13593632063,1,1450@163.com,陕西省西安市雁塔区科技路88号758号
刘洋,489289,18326352066,1,3297@gmail.com,河南省郑州市二七区大学路80号974号
张峰,794107,18999048650,1,5622@foxmail.com,黑龙江省哈尔滨市道里区中央大街99号401号
王芳,284319,15102375832,1,5486@aliyun.com,湖北省武汉市洪山区珞瑜路726号499号
宋雪,890231,13712581063,0,2022@outlook.com,陕西省西安市未央区某某街道842号
罗娟,612287,18682523688,0,2895@gmail.com,上海市静安区南京西路1266号471号
黄敏,662906,15911858307,0,8626@foxmail.com,广东省深圳市南山区科技园路8号936号
董璐,219478,18567956756,0,5985@sina.com,湖北省武汉市洪山区珞瑜路726号845号
宋强,647149,15783396873,1,9668@hotmail.com,江苏省南京市建邺区江东中路229号429号
杨霞,863542,18376904186,0,8076@outlook.com,四川省成都市高新区天府五街200号571号
韩华,763528,13823881227,1,9600@163.com,辽宁省大连市中山区人民路55号499号
高雪,560198,13646641192,1,3887@gmail.com,山东省青岛市市南区香港中路11号984号
张平,687024,15868773762,1,4413@yahoo.com,山东省青岛市市南区香港中路11号615号
朱浩,188340,18791382919,1,2618@yahoo.com,山东省青岛市市南区香港中路11号502号
梁秀兰,417627,15776120920,1,6526@126.com,辽宁省大连市中山区人民路55号577号
吴玲,064616,13134550931,1,453@aliyun.com,江苏省南京市建邺区江东中路229号424号
郑博,423824,18247308676,1,5175@gmail.com,广东省深圳市南山区科技园路8号454号
张雪,913029,13562829284,1,4836@hotmail.com,安徽省合肥市政务区潜山路111号989号
刘超,093334,13285685135,0,6088@outlook.com,浙江省杭州市西湖区文二路188号721号
何明,325425,18881656445,0,9143@gmail.com,四川省成都市高新区天府五街200号423号
徐刚,533792,18779695311,0,6117@126.com,陕西省西安市未央区某某街道256号
董健,395567,18844749678,0,3763@gmail.com,四川省成都市高新区天府五街200号354号
李勇,604633,15579727665,0,9784@gmail.com,上海市静安区南京西路1266号458号
萧敏,002963,15509223712,0,7300@126.com,安徽省合肥市政务区潜山路111号875号
胡娟,371279,18412650036,0,4574@sina.com,广东省深圳市南山区科技园路8号353号
林博,832835,15217523061,1,6963@outlook.com,黑龙江省哈尔滨市道里区中央大街99号886号
唐伟,788455,15629045895,0,4429@126.com,广东省深圳市南山区科技园路8号275号
于峰,226657,15183801298,0,9626@sina.com,上海市静安区南京西路1266号324号
谢俊,694879,15347635138,1,3928@foxmail.com,陕西省西安市雁塔区科技路88号857号
赵秀兰,047822,13158755540,0,8303@gmail.com,广东省深圳市南山区科技园路8号723号
宋洋,283956,13167437560,0,645@aliyun.com,浙江省杭州市西湖区文二路188号6号
唐霞,085585,15102491561,0,5508@qq.com,湖南省长沙市雨花区劳动西路102号924号
朱洋,870214,13352356102,1,2112@163.com,安徽省合肥市政务区潜山路111号710号
郑文,641582,15889588073,1,4168@qq.com,四川省成都市高新区天府五街200号646号
吴欣,937034,13068338076,0,6842@aliyun.com,辽宁省大连市中山区人民路55号738号
吴健,249437,18874420543,1,5296@gmail.com,安徽省合肥市政务区潜山路111号832号
郑博,191775,13458022107,0,8040@aliyun.com,福建省厦门市思明区中山路400号319号
冯鹏,480257,13046185403,1,5588@aliyun.com,广东省深圳市南山区科技园路8号108号
孙桂英,974103,18057620345,0,6310@yahoo.com,山东省青岛市市南区香港中路11号150号
高芳,445252,18448247323,1,6126@qq.com,上海市静安区南京西路1266号922号
宋俊,755917,15689632086,0,1788@foxmail.com,广东省深圳市南山区科技园路8号185号
马刚,763000,15955321661,0,6801@hotmail.com,河南省郑州市二七区大学路80号173号
谢峰,525590,15941594040,0,6387@gmail.com,辽宁省大连市中山区人民路55号139号
郑芳,665261,13817804616,1,2196@foxmail.com,河南省郑州市二七区大学路80号641号
杨平,888045,15569376365,1,4257@yahoo.com,浙江省杭州市西湖区文二路188号132号
马静,315402,15633414929,0,8010@aliyun.com,湖南省长沙市雨花区劳动西路102号396号
周超,696408,13043060079,0,8610@gmail.com,黑龙江省哈尔滨市道里区中央大街99号223号
唐宇,989866,13386864740,0,5855@gmail.com,福建省厦门市思明区中山路400号808号
萧芳,610934,15939724977,1,2748@outlook.com,湖北省武汉市洪山区珞瑜路726号957号
刘欣,534083,13501749980,0,2146@126.com,山东省青岛市市南区香港中路11号63号
张瑶,071726,15965274423,1,3798@qq.com,北京市海淀区中关村大街1号285号
张超,425305,15318634258,1,6754@sina.com,陕西省西安市未央区某某街道193号
黄悦,994863,18669904630,1,2876@163.com,重庆市渝北区金开大道68号372号
王磊,037692,18827774337,1,8012@aliyun.com,四川省成都市高新区天府五街200号358号
谢瑶,212149,18859932164,1,7886@outlook.com,辽宁省大连市中山区人民路55号151号
刘玲,232038,15391049613,0,1585@163.com,重庆市渝北区金开大道68号696号
陈艳,482635,13949477170,1,7348@126.com,广东省深圳市南山区科技园路8号515号
郭军,116646,13622320809,0,7292@outlook.com,黑龙江省哈尔滨市道里区中央大街99号979号
韩玲,296253,15885840670,1,5981@hotmail.com,重庆市渝北区金开大道68号643号
孙丽,276973,13587968388,1,1672@yahoo.com,江西省南昌市青山湖区北京东路456号865号
黄静,048420,15626531079,0,4375@foxmail.com,陕西省西安市未央区某某街道175号
罗强,114239,15142401212,1,8359@qq.com,上海市静安区南京西路1266号870号
胡华,118742,15209288870,0,4295@sina.com,山东省青岛市市南区香港中路11号995号
宋健,024637,18280251186,1,5653@gmail.com,广东省深圳市南山区科技园路8号223号
林桂英,256402,13031714539,1,1729@hotmail.com,陕西省西安市未央区某某街道211号
赵伟,519462,13367690402,0,5718@yahoo.com,浙江省杭州市西湖区文二路188号59号
何涛,841017,18996742965,0,3209@foxmail.com,浙江省杭州市西湖区文二路188号249号
刘桂英,123320,15842025675,0,4118@sina.com,重庆市渝北区金开大道68号488号
高宇,192424,18770929189,1,9200@qq.com,湖南省长沙市雨花区劳动西路102号271号
朱桂英,318794,13543849412,0,4569@163.com,湖南省长沙市雨花区劳动西路102号288号
吴军,609615,18060719008,0,5188@163.com,福建省厦门市思明区中山路400号654号
胡凯,982166,13066958574,0,8044@hotmail.com,江苏省南京市建邺区江东中路229号737号
谢敏,589643,15907221622,0,9629@aliyun.com,山东省青岛市市南区香港中路11号961号
罗杰,791294,13025853097,1,7480@foxmail.com,陕西省西安市未央区某某街道692号
韩霞,820065,13379145607,1,4470@hotmail.com,江苏省南京市建邺区江东中路229号194号
梁秀兰,427592,15048729709,0,3054@qq.com,河南省郑州市二七区大学路80号792号
冯超,548143,18901258870,1,5577@aliyun.com,陕西省西安市未央区某某街道3号
罗欣,272552,15129860777,0,5780@126.com,福建省厦门市思明区中山路400号344号
朱刚,030428,15025439572,1,9398@yahoo.com,天津市南开区卫津路94号57号
刘婷,498745,13432962070,1,1833@sina.com,黑龙江省哈尔滨市道里区中央大街99号292号
周桂英,852654,15391480781,1,3751@yahoo.com,重庆市渝北区金开大道68号716号
周文,776215,15377244290,1,5226@qq.com,北京市海淀区中关村大街1号959号
朱秀兰,672064,13617778393,0,9499@qq.com,河南省郑州市二七区大学路80号836号
罗洋,818287,15085715498,1,9892@163.com,吉林省长春市南关区人民大街123号16号
吴静,841415,15714797801,1,8834@outlook.com,重庆市渝北区金开大道68号50号
罗华,737843,13271147508,1,6584@qq.com,河南省郑州市二七区大学路80号772号
马桂英,071461,18343802417,0,1977@gmail.com,辽宁省大连市中山区人民路55号727号
林涛,864400,13478432517,1,5761@163.com,黑龙江省哈尔滨市道里区中央大街99号833号
萧伟,794928,15760316791,1,2156@foxmail.com,黑龙江省哈尔滨市道里区中央大街99号285号
冯芳,765199,18434686635,0,9545@qq.com,河南省郑州市二七区大学路80号464号
萧丽,517609,15359062846,1,40@foxmail.com,安徽省合肥市政务区潜山路111号190号
马明,076737,15736905654,0,8622@126.com,陕西省西安市雁塔区科技路88号592号
冯博,042968,18885694004,0,6196@sina.com,陕西省西安市未央区某某街道234号
周婷,461979,15997890767,0,6059@aliyun.com,辽宁省大连市中山区人民路55号254号
宋静,561786,18290394451,1,3778@163.com,陕西省西安市雁塔区科技路88号292号
孙文,842921,18849793364,1,570@sina.com,广东省深圳市南山区科技园路8号231号
董宇,997500,18258040258,1,227@yahoo.com,四川省成都市高新区天府五街200号676号
萧洋,613558,13364137907,1,738@qq.com,广东省深圳市南山区科技园路8号771号
何洋,997435,18962258653,0,8744@aliyun.com,福建省厦门市思明区中山路400号696号
徐勇,740307,13741706988,0,9476@yahoo.com,河南省郑州市二七区大学路80号995号
梁辉,606821,18692684400,0,2082@yahoo.com,湖南省长沙市雨花区劳动西路102号666号
郭超,643871,15953260111,0,3988@hotmail.com,重庆市渝北区金开大道68号571号
杨璐,146453,15648415108,1,7536@aliyun.com,安徽省合肥市政务区潜山路111号741号
陈浩,461490,13126201389,0,4223@outlook.com,河南省郑州市二七区大学路80号4号
郭娟,794811,18024911155,0,7082@sina.com,上海市静安区南京西路1266号473号
韩勇,184908,18117334116,0,1588@aliyun.com,黑龙江省哈尔滨市道里区中央大街99号413号
黄浩,780892,18086274660,1,3774@gmail.com,湖南省长沙市雨花区劳动西路102号610号
赵艳,246141,18535210705,0,8241@126.com,北京市海淀区中关村大街1号879号
王刚,861449,18704738777,1,3448@sina.com,吉林省长春市南关区人民大街123号514号
黄健,680018,18409589799,0,4683@outlook.com,河南省郑州市二七区大学路80号319号
胡超,855260,18708000795,1,5421@foxmail.com,陕西省西安市未央区某某街道331号
林杰,910458,13235627987,1,9241@aliyun.com,福建省厦门市思明区中山路400号768号
王秀兰,093391,15598051486,1,7707@sina.com,广东省深圳市南山区科技园路8号910号
陈明,716228,15089263422,0,4929@outlook.com,江西省南昌市青山湖区北京东路456号406号
宋秀兰,242560,15516288429,0,6682@qq.com,福建省厦门市思明区中山路400号433号
宋敏,106969,13560299308,1,5887@sina.com,湖南省长沙市雨花区劳动西路102号342号
张凯,894653,13339957867,0,9981@outlook.com,湖北省武汉市洪山区珞瑜路726号681号
冯超,921304,18276987316,0,4315@sina.com,安徽省合肥市政务区潜山路111号875号
徐婷,299485,18801508828,0,5916@126.com,江西省南昌市青山湖区北京东路456号289号
赵磊,536502,13207963918,0,2342@outlook.com,陕西省西安市雁塔区科技路88号738号
王磊,174609,18901243517,1,7419@aliyun.com,福建省厦门市思明区中山路400号966号
郭婷,475907,13346183970,0,1421@aliyun.com,辽宁省大连市中山区人民路55号76号
于璐,659360,15036510394,1,9842@qq.com,湖北省武汉市洪山区珞瑜路726号343号
孙玲,516609,13224022040,1,7342@hotmail.com,吉林省长春市南关区人民大街123号770号
何芳,069966,15972969699,1,3410@qq.com,重庆市渝北区金开大道68号535号
于博,613990,13277163030,1,6128@sina.com,北京市海淀区中关村大街1号638号
于丽,921618,13602514760,0,8650@aliyun.com,浙江省杭州市西湖区文二路188号375号
唐悦,249017,18008001057,0,4262@sina.com,福建省厦门市思明区中山路400号637号
罗俊,518232,15725244187,1,8967@foxmail.com,福建省厦门市思明区中山路400号488号
胡强,031393,18337240739,1,8222@sina.com,吉林省长春市南关区人民大街123号456号
杨娜,608837,18906334651,0,9211@126.com,陕西省西安市雁塔区科技路88号355号
林婷,047315,13210653778,1,6734@qq.com,黑龙江省哈尔滨市道里区中央大街99号569号
杨勇,579817,18930114896,1,258@hotmail.com,浙江省杭州市西湖区文二路188号32号
罗峰,523588,18273922877,0,2680@aliyun.com,陕西省西安市未央区某某街道409号
于鹏,052445,13638469269,1,1663@outlook.com,四川省成都市高新区天府五街200号199号
赵悦,122298,18547969184,1,7721@foxmail.com,陕西省西安市未央区某某街道111号
孙磊,922610,15018506556,0,3687@foxmail.com,吉林省长春市南关区人民大街123号535号
王玲,346918,18170608627,0,4986@hotmail.com,湖南省长沙市雨花区劳动西路102号229号
韩超,261244,18876928398,0,7023@outlook.com,黑龙江省哈尔滨市道里区中央大街99号308号
高浩,424624,18176350766,0,4560@yahoo.com,四川省成都市高新区天府五街200号655号
赵芳,907921,18364843974,0,3618@yahoo.com,江西省南昌市青山湖区北京东路456号253号
周欣,177934,13506547115,1,7301@sina.com,上海市静安区南京西路1266号153号
刘辉,794251,13512893746,0,6444@outlook.com,安徽省合肥市政务区潜山路111号277号
陈涛,043282,18755090846,0,3442@163.com,黑龙江省哈尔滨市道里区中央大街99号690号
孙雪,399018,13379844550,0,8861@qq.com,山东省青岛市市南区香港中路11号938号
林浩,021901,18232215718,1,2539@aliyun.com,陕西省西安市未央区某某街道16号
马勇,286049,13441124031,1,9062@yahoo.com,辽宁省大连市中山区人民路55号140号
郭浩,007672,18007972176,0,2248@qq.com,吉林省长春市南关区人民大街123号966号
梁平,742628,15309404637,0,1424@163.com,辽宁省大连市中山区人民路55号224号
刘强,176110,13723331817,0,9497@sina.com,四川省成都市高新区天府五街200号413号
李勇,359634,18316706026,0,6556@163.com,陕西省西安市雁塔区科技路88号933号
朱敏,298235,18465995675,1,4471@126.com,北京市海淀区中关村大街1号365号
高艳,409538,18011392591,0,7717@foxmail.com,陕西省西安市雁塔区科技路88号251号
萧辉,272645,18592980360,0,9965@hotmail.com,湖南省长沙市雨花区劳动西路102号840号
梁璐,354134,13611141966,0,6992@qq.com,湖北省武汉市洪山区珞瑜路726号744号
王霞,558992,18307012364,1,9742@126.com,安徽省合肥市政务区潜山路111号620号
周刚,223772,18434590473,0,5141@yahoo.com,陕西省西安市未央区某某街道235号
罗欣,272803,18317167179,1,3800@aliyun.com,安徽省合肥市政务区潜山路111号844号
郭伟,008532,18483106844,0,8676@qq.com,陕西省西安市未央区某某街道792号
张宇,750033,13274768210,0,8733@foxmail.com,陕西省西安市未央区某某街道740号
何峰,707576,13694042810,1,6628@foxmail.com,陕西省西安市雁塔区科技路88号414号
梁玲,208043,13885442231,0,8654@sina.com,江苏省南京市建邺区江东中路229号791号
黄浩,886090,15729833914,1,8278@gmail.com,广东省深圳市南山区科技园路8号778号
赵辉,751260,18949136701,1,6231@qq.com,黑龙江省哈尔滨市道里区中央大街99号739号
黄伟,385417,15641890098,1,4453@gmail.com,河南省郑州市二七区大学路80号802号
林秀兰,453693,13729144390,1,297@126.com,湖北省武汉市洪山区珞瑜路726号342号
冯俊,134555,18728225282,0,1668@aliyun.com,河南省郑州市二七区大学路80号950号
唐娟,947604,18449660908,1,944@sina.com,北京市海淀区中关村大街1号55号
孙博,664644,15917041893,0,3786@163.com,重庆市渝北区金开大道68号472号
杨俊,165456,15083869265,0,733@hotmail.com,浙江省杭州市西湖区文二路188号455号
董超,846645,13794103584,1,9933@sina.com,福建省厦门市思明区中山路400号704号
唐辉,584772,18645782623,0,608@gmail.com,广东省深圳市南山区科技园路8号59号
宋峰,439257,18409396410,0,2635@163.com,浙江省杭州市西湖区文二路188号88号
冯敏,606942,13660727740,0,3541@163.com,浙江省杭州市西湖区文二路188号619号
罗静,885852,18008512890,1,1526@163.com,安徽省合肥市政务区潜山路111号803号
徐磊,801763,15650060522,0,5241@gmail.com,北京市海淀区中关村大街1号768号
冯明,327125,15126005362,0,2081@outlook.com,江西省南昌市青山湖区北京东路456号677号
黄平,307257,15152576045,0,4491@hotmail.com,浙江省杭州市西湖区文二路188号225号
马雪,989848,18457130730,0,2021@gmail.com,湖北省武汉市洪山区珞瑜路726号858号
杨刚,992947,18498002790,0,4563@gmail.com,陕西省西安市未央区某某街道37号
于璐,611858,13266337478,0,2655@yahoo.com,黑龙江省哈尔滨市道里区中央大街99号114号
孙敏,752954,15778186296,0,5670@hotmail.com,北京市海淀区中关村大街1号745号
陈刚,708855,13498709797,0,8412@qq.com,浙江省杭州市西湖区文二路188号58号
董伟,340098,13671590466,1,8805@126.com,北京市海淀区中关村大街1号19号
谢军,937944,13983570227,0,7901@yahoo.com,陕西省西安市雁塔区科技路88号65号
冯敏,621145,13388343061,0,4317@hotmail.com,重庆市渝北区金开大道68号713号
罗洋,252991,18270558421,0,5700@gmail.com,陕西省西安市雁塔区科技路88号149号
韩健,253074,18932410408,1,6144@126.com,福建省厦门市思明区中山路400号246号
孙文,126868,18506920284,1,5090@sina.com,陕西省西安市雁塔区科技路88号904号
周艳,892311,15203681543,1,1785@foxmail.com,湖南省长沙市雨花区劳动西路102号836号
高超,907443,15799273715,0,2627@foxmail.com,黑龙江省哈尔滨市道里区中央大街99号842号
赵健,691285,13180808472,1,6900@gmail.com,浙江省杭州市西湖区文二路188号128号
黄明,165235,18494343385,0,4988@qq.com,湖北省武汉市洪山区珞瑜路726号761号
郭欣,792408,15657111308,1,7271@qq.com,北京市海淀区中关村大街1号390号
董宇,569983,15190216226,1,5165@aliyun.com,山东省青岛市市南区香港中路11号326号
韩军,686417,13638809187,0,2821@foxmail.com,浙江省杭州市西湖区文二路188号599号
梁辉,909978,13068754524,0,3965@163.com,上海市静安区南京西路1266号364号
陈涛,950030,15175457222,1,92@hotmail.com,吉林省长春市南关区人民大街123号839号
王军,143683,13959009596,0,9028@yahoo.com,江西省南昌市青山湖区北京东路456号93号
林艳,868962,18029461184,1,3655@gmail.com,湖南省长沙市雨花区劳动西路102号507号
刘瑶,285123,13596210131,1,5573@126.com,北京市海淀区中关村大街1号454号
徐娜,328783,15096198556,0,1826@126.com,天津市南开区卫津路94号227号
郭军,786170,18190629084,1,9356@aliyun.com,江西省南昌市青山湖区北京东路456号114号
何伟,718622,18079058397,1,9509@outlook.com,辽宁省大连市中山区人民路55号755号
萧文,469751,13767469834,0,6519@sina.com,四川省成都市高新区天府五街200号852号
萧俊,857543,13807336796,0,3807@yahoo.com,陕西省西安市未央区某某街道29号
冯伟,981189,18092965713,0,3247@yahoo.com,浙江省杭州市西湖区文二路188号778号
杨丽,587987,13968458801,1,5696@sina.com,北京市海淀区中关村大街1号2号
冯峰,932643,15032383760,0,282@yahoo.com,浙江省杭州市西湖区文二路188号202号
郭杰,050697,15398666379,0,710@hotmail.com,广东省深圳市南山区科技园路8号284号
朱强,530840,15718546628,0,7257@aliyun.com,江西省南昌市青山湖区北京东路456号640号
何静,106667,18971449886,1,5956@gmail.com,四川省成都市高新区天府五街200号422号
高艳,286554,15733045755,0,1470@gmail.com,山东省青岛市市南区香港中路11号64号
赵娜,489408,15657900047,1,6518@aliyun.com,重庆市渝北区金开大道68号650号
吴杰,661376,18092808485,0,7680@163.com,江西省南昌市青山湖区北京东路456号63号
胡杰,947185,15558312137,1,6950@qq.com,湖南省长沙市雨花区劳动西路102号768号
罗磊,742887,15660155027,0,5192@outlook.com,湖北省武汉市洪山区珞瑜路726号499号
郑军,313795,18259411997,1,8480@163.com,江苏省南京市建邺区江东中路229号334号
吴雪,537870,15649938249,1,1986@foxmail.com,安徽省合肥市政务区潜山路111号604号
林宇,259820,18229458808,1,264@sina.com,江苏省南京市建邺区江东中路229号421号
谢强,816460,13252556757,0,4795@gmail.com,天津市南开区卫津路94号853号
赵刚,691078,13219753290,1,4965@hotmail.com,山东省青岛市市南区香港中路11号901号
赵杰,112035,15302230972,0,7100@foxmail.com,山东省青岛市市南区香港中路11号517号
何敏,990953,15397855527,0,3822@hotmail.com,北京市海淀区中关村大街1号219号
朱静,529242,15783919711,0,5524@163.com,江苏省南京市建邺区江东中路229号852号
唐军,901869,18936350421,0,1037@foxmail.com,福建省厦门市思明区中山路400号654号
徐鹏,197080,15136879510,1,4531@qq.com,福建省厦门市思明区中山路400号541号
罗芳,414614,15032402546,0,7994@aliyun.com,黑龙江省哈尔滨市道里区中央大街99号484号
何博,923118,13653371709,0,6592@foxmail.com,浙江省杭州市西湖区文二路188号887号
于超,272698,15710411427,1,7731@aliyun.com,辽宁省大连市中山区人民路55号675号
于艳,238154,13043712418,1,1602@outlook.com,浙江省杭州市西湖区文二路188号552号
马娜,036106,18484776375,0,5842@sina.com,黑龙江省哈尔滨市道里区中央大街99号28号
高娜,638533,13248927279,1,9997@gmail.com,安徽省合肥市政务区潜山路111号546号
马欣,444198,15046709850,0,6748@outlook.com,黑龙江省哈尔滨市道里区中央大街99号283号
陈艳,714368,18120889426,1,8240@yahoo.com,四川省成都市高新区天府五街200号320号
王秀兰,138017,13710047605,1,4290@sina.com,黑龙江省哈尔滨市道里区中央大街99号813号
朱明,119549,18262839539,0,6971@126.com,北京市海淀区中关村大街1号109号
高刚,384717,13356200591,0,1511@sina.com,陕西省西安市未央区某某街道397号
刘桂英,406522,18925669180,0,5692@qq.com,辽宁省大连市中山区人民路55号504号
罗伟,376836,18330258341,1,4765@aliyun.com,吉林省长春市南关区人民大街123号943号
何涛,274601,13972476461,0,4638@qq.com,上海市静安区南京西路1266号58号
罗浩,105283,15135518485,0,8383@aliyun.com,湖南省长沙市雨花区劳动西路102号632号
杨秀兰,734102,18020363116,0,6263@163.com,天津市南开区卫津路94号169号
朱娜,562759,18121095739,1,8158@sina.com,吉林省长春市南关区人民大街123号536号
刘平,326736,15594714487,1,6226@sina.com,福建省厦门市思明区中山路400号944号
于磊,482052,13069895191,0,4749@foxmail.com,北京市海淀区中关村大街1号595号
王刚,407201,15501724433,1,6221@hotmail.com,山东省青岛市市南区香港中路11号905号
刘明,618026,18252476949,0,2381@aliyun.com,四川省成都市高新区天府五街200号344号
何勇,539585,18274737737,1,3098@126.com,重庆市渝北区金开大道68号639号
孙欣,774472,13922271015,1,4042@sina.com,浙江省杭州市西湖区文二路188号998号
徐霞,997559,13691544199,1,5328@foxmail.com,黑龙江省哈尔滨市道里区中央大街99号609号
罗强,628738,15150343870,0,9372@outlook.com,重庆市渝北区金开大道68号247号
唐秀兰,819798,18212704938,1,4662@sina.com,北京市海淀区中关村大街1号367号
吴鹏,201844,13880209840,1,8194@qq.com,江苏省南京市建邺区江东中路229号455号
赵军,925528,13624120835,0,8242@qq.com,福建省厦门市思明区中山路400号754号
萧峰,958705,13896892643,0,8207@hotmail.com,江苏省南京市建邺区江东中路229号852号
韩瑶,920899,15199186090,1,1199@yahoo.com,陕西省西安市雁塔区科技路88号619号
徐娟,519853,18892389534,0,9267@foxmail.com,北京市海淀区中关村大街1号914号
罗伟,910153,15399408520,1,7982@yahoo.com,重庆市渝北区金开大道68号59号
朱秀兰,708880,15971415824,0,7115@126.com,黑龙江省哈尔滨市道里区中央大街99号69号
冯敏,100186,13892182525,0,5217@foxmail.com,重庆市渝北区金开大道68号19号
刘欣,932550,13842998481,0,4067@hotmail.com,辽宁省大连市中山区人民路55号493号
董鹏,989219,13129627587,1,2707@qq.com,湖北省武汉市洪山区珞瑜路726号283号
韩欣,475183,13973385599,0,646@hotmail.com,天津市南开区卫津路94号102号
郑峰,318366,18691920895,0,4965@sina.com,吉林省长春市南关区人民大街123号572号
刘涛,218970,15569934242,0,4816@sina.com,陕西省西安市雁塔区科技路88号207号
黄鹏,323963,18311847309,1,9357@163.com,陕西省西安市未央区某某街道744号
韩文,383282,15578880092,1,2877@gmail.com,江西省南昌市青山湖区北京东路456号576号
梁强,066624,13945341122,1,7066@foxmail.com,山东省青岛市市南区香港中路11号73号
胡璐,325876,13634405375,0,8897@outlook.com,陕西省西安市雁塔区科技路88号529号
刘刚,730541,18071332111,0,9776@outlook.com,湖北省武汉市洪山区珞瑜路726号204号
韩俊,033564,13449517450,0,2884@163.com,安徽省合肥市政务区潜山路111号896号
宋俊,460154,13614306123,1,3598@qq.com,陕西省西安市未央区某某街道630号
高俊,869994,15867529896,0,5707@foxmail.com,重庆市渝北区金开大道68号470号
马桂英,990406,15518174517,0,8771@gmail.com,江西省南昌市青山湖区北京东路456号286号
梁宇,353000,18972082774,0,7655@126.com,天津市南开区卫津路94号363号
刘刚,686791,18569055933,1,6749@sina.com,湖北省武汉市洪山区珞瑜路726号558号
宋璐,764681,15340402998,0,7039@foxmail.com,吉林省长春市南关区人民大街123号474号
王峰,698254,13921342068,0,8406@126.com,吉林省长春市南关区人民大街123号331号
林玲,181331,13826904338,0,4014@163.com,陕西省西安市雁塔区科技路88号33号
赵霞,226365,15863032646,1,6838@sina.com,辽宁省大连市中山区人民路55号779号
梁超,100075,18070435130,1,6560@qq.com,山东省青岛市市南区香港中路11号182号
高玲,474416,13033669386,1,2689@gmail.com,陕西省西安市未央区某某街道264号
于静,437431,18391794160,0,2398@aliyun.com,吉林省长春市南关区人民大街123号910号
郑婷,061959,15847913308,0,8773@163.com,天津市南开区卫津路94号199号
胡俊,327973,18626037689,0,3586@hotmail.com,山东省青岛市市南区香港中路11号78号
马磊,706375,15385611698,0,4314@hotmail.com,浙江省杭州市西湖区文二路188号677号
郭强,096721,13121053196,0,9531@aliyun.com,黑龙江省哈尔滨市道里区中央大街99号509号
何婷,667073,15042444905,0,7298@126.com,天津市南开区卫津路94号696号
李芳,778140,13315756574,1,1357@gmail.com,上海市静安区南京西路1266号942号
谢平,012869,18503469607,1,4161@163.com,辽宁省大连市中山区人民路55号185号
吴洋,753571,13349484228,1,6411@hotmail.com,广东省深圳市南山区科技园路8号220号
李辉,348786,18238104615,0,4660@aliyun.com,辽宁省大连市中山区人民路55号325号
冯敏,427510,18445225325,0,4752@126.com,浙江省杭州市西湖区文二路188号797号
赵丽,023233,18013671060,1,8426@qq.com,北京市海淀区中关村大街1号542号
萧丽,877428,15617063022,0,9430@sina.com,四川省成都市高新区天府五街200号446号
唐强,874977,13617649413,1,6690@foxmail.com,重庆市渝北区金开大道68号628号
赵欣,994157,18568202278,1,9873@qq.com,福建省厦门市思明区中山路400号908号
张峰,796574,15107563592,0,6791@qq.com,吉林省长春市南关区人民大街123号64号
梁超,192628,15247693880,1,184@foxmail.com,湖南省长沙市雨花区劳动西路102号675号
董悦,316564,15198576477,1,6247@yahoo.com,福建省厦门市思明区中山路400号341号
李丽,931263,18580628766,1,6801@qq.com,陕西省西安市未央区某某街道962号
朱浩,214803,18795134040,1,2336@sina.com,吉林省长春市南关区人民大街123号145号
唐浩,295357,15581651998,0,9079@aliyun.com,陕西省西安市未央区某某街道321号
王辉,287851,18716093647,0,6337@outlook.com,河南省郑州市二七区大学路80号384号
梁辉,118530,13079804115,0,9181@foxmail.com,浙江省杭州市西湖区文二路188号578号
孙辉,429148,15751236069,0,961@aliyun.com,北京市海淀区中关村大街1号871号
何杰,187509,13406683441,0,6273@126.com,重庆市渝北区金开大道68号113号
萧俊,280084,13605646862,0,8181@sina.com,湖北省武汉市洪山区珞瑜路726号806号
林艳,054549,18693058183,1,6481@aliyun.com,江西省南昌市青山湖区北京东路456号568号
黄强,427643,15714666378,1,768@163.com,江苏省南京市建邺区江东中路229号675号
李洋,175695,15224836164,1,5405@foxmail.com,河南省郑州市二七区大学路80号597号
张明,497644,15924764315,1,2353@yahoo.com,广东省深圳市南山区科技园路8号576号
孙丽,940336,13744443670,0,6358@foxmail.com,陕西省西安市未央区某某街道997号
唐秀兰,940011,18432883802,0,8393@outlook.com,黑龙江省哈尔滨市道里区中央大街99号113号
高峰,297391,18454801790,1,3235@qq.com,安徽省合肥市政务区潜山路111号316号
陈霞,740339,15212363695,1,2878@foxmail.com,福建省厦门市思明区中山路400号512号
董雪,001500,18533970472,1,1979@gmail.com,湖南省长沙市雨花区劳动西路102号609号
罗辉,962338,15963904052,1,6695@hotmail.com,上海市静安区南京西路1266号250号
吴悦,050093,15105304936,0,9895@aliyun.com,四川省成都市高新区天府五街200号542号
郭文,205225,18577313743,1,3937@163.com,湖北省武汉市洪山区珞瑜路726号467号
李磊,800318,13830122417,0,4640@foxmail.com,广东省深圳市南山区科技园路8号175号
胡凯,585409,13441362506,0,9391@foxmail.com,吉林省长春市南关区人民大街123号653号
胡涛,744306,15836861302,0,8848@qq.com,辽宁省大连市中山区人民路55号699号
谢鹏,403210,13431876280,1,1678@gmail.com,湖南省长沙市雨花区劳动西路102号320号
郑欣,630414,13541851607,1,9342@foxmail.com,湖南省长沙市雨花区劳动西路102号687号
唐峰,395162,13855062231,1,6875@foxmail.com,四川省成都市高新区天府五街200号533号
杨雪,841855,18516914038,1,7862@sina.com,陕西省西安市未央区某某街道744号
胡芳,746274,18763069121,0,2696@foxmail.com,辽宁省大连市中山区人民路55号620号
胡峰,725989,18570319423,0,3780@qq.com,江西省南昌市青山湖区北京东路456号829号
宋悦,118814,15272955463,0,785@foxmail.com,北京市海淀区中关村大街1号682号
罗玲,430732,18813715989,1,776@outlook.com,黑龙江省哈尔滨市道里区中央大街99号543号
黄璐,548365,18215943391,0,7512@foxmail.com,天津市南开区卫津路94号597号
韩凯,401460,18537636177,1,6779@qq.com,福建省厦门市思明区中山路400号700号
高静,081569,18763262774,1,8911@126.com,湖北省武汉市洪山区珞瑜路726号459号
郑涛,929805,18418369519,0,5676@hotmail.com,四川省成都市高新区天府五街200号185号
韩浩,395471,15287359607,0,665@gmail.com,河南省郑州市二七区大学路80号645号
于刚,358288,15524182186,0,58@outlook.com,江西省南昌市青山湖区北京东路456号776号
董刚,866507,13210955637,1,6757@hotmail.com,广东省深圳市南山区科技园路8号988号
赵博,411600,13781105181,0,9552@foxmail.com,天津市南开区卫津路94号438号
谢洋,427660,15224830900,1,2397@gmail.com,湖北省武汉市洪山区珞瑜路726号154号
王强,668202,18444819697,1,3797@163.com,陕西省西安市未央区某某街道253号
张刚,203613,13430192731,0,7214@outlook.com,四川省成都市高新区天府五街200号628号
于辉,907074,13966805504,1,8703@gmail.com,山东省青岛市市南区香港中路11号652号
马洋,236900,15347426308,0,2478@hotmail.com,湖南省长沙市雨花区劳动西路102号83号
梁敏,696092,18454551005,0,3935@aliyun.com,重庆市渝北区金开大道68号611号
谢宇,843421,13516506068,0,3803@hotmail.com,北京市海淀区中关村大街1号709号
王超,787984,18747775946,0,2799@sina.com,辽宁省大连市中山区人民路55号284号
林健,384430,13485294495,0,756@aliyun.com,广东省深圳市南山区科技园路8号284号
何欣,799070,15014039833,1,4703@126.com,上海市静安区南京西路1266号154号
吴峰,675039,18548716461,0,2669@126.com,江苏省南京市建邺区江东中路229号929号
赵明,186793,18487482830,0,2438@sina.com,天津市南开区卫津路94号27号
王娜,553230,15924195894,0,9247@qq.com,福建省厦门市思明区中山路400号639号
张辉,429976,18527818223,0,2992@qq.com,浙江省杭州市西湖区文二路188号754号
朱霞,942448,15804320251,0,7165@163.com,四川省成都市高新区天府五街200号60号
张瑶,171682,18590188464,0,5164@hotmail.com,江西省南昌市青山湖区北京东路456号747号
马洋,624821,15647393993,0,625@outlook.com,四川省成都市高新区天府五街200号835号
郑婷,439377,15871955997,1,9009@qq.com,吉林省长春市南关区人民大街123号764号
林军,794977,13227405629,1,8411@hotmail.com,四川省成都市高新区天府五街200号415号
郑艳,666611,15913942108,1,8602@163.com,黑龙江省哈尔滨市道里区中央大街99号787号
梁丽,675765,18354966257,1,4666@yahoo.com,湖南省长沙市雨花区劳动西路102号835号
董超,934597,18187323046,0,3660@gmail.com,重庆市渝北区金开大道68号996号
陈洋,221806,15375525437,0,5761@foxmail.com,陕西省西安市雁塔区科技路88号149号
董雪,430878,15217420004,1,8625@gmail.com,陕西省西安市雁塔区科技路88号357号
谢磊,778047,15841133040,1,369@aliyun.com,湖北省武汉市洪山区珞瑜路726号430号
孙明,102741,13750742584,0,3523@qq.com,天津市南开区卫津路94号924号
李洋,883018,15106373638,0,4754@outlook.com,山东省青岛市市南区香港中路11号757号
郭宇,655471,18615356602,0,4118@163.com,广东省深圳市南山区科技园路8号636号
林明,490746,18802662193,1,1594@gmail.com,天津市南开区卫津路94号210号
萧娟,395927,13637274296,1,7990@126.com,福建省厦门市思明区中山路400号599号
李涛,688904,18043201990,0,1715@qq.com,上海市静安区南京西路1266号419号
吴涛,804381,18197380023,0,9562@sina.com,湖北省武汉市洪山区珞瑜路726号367号
张军,638529,18643763242,1,4377@sina.com,陕西省西安市未央区某某街道766号
王华,505357,18063843120,0,7952@qq.com,吉林省长春市南关区人民大街123号330号
郑鹏,751207,15955597948,0,5156@gmail.com,四川省成都市高新区天府五街200号843号
徐悦,925839,15722324120,0,7879@qq.com,上海市静安区南京西路1266号197号
陈洋,686136,18017828391,1,7395@163.com,安徽省合肥市政务区潜山路111号907号
张霞,941362,13317818853,1,1680@aliyun.com,北京市海淀区中关村大街1号194号
马鹏,637497,13654733748,0,4732@qq.com,上海市静安区南京西路1266号430号
林峰,625851,18547198682,1,998@aliyun.com,北京市海淀区中关村大街1号31号
周秀兰,267852,18598229831,1,2812@126.com,福建省厦门市思明区中山路400号947号
胡桂英,094063,18917949457,1,4932@gmail.com,天津市南开区卫津路94号187号
吴华,989233,18192775850,0,9232@sina.com,辽宁省大连市中山区人民路55号53号
马文,032681,13863300095,1,28@163.com,四川省成都市高新区天府五街200号509号
张文,543685,15724814268,1,1665@sina.com,辽宁省大连市中山区人民路55号627号
高鹏,199917,15532518742,1,3680@163.com,北京市海淀区中关村大街1号402号
何瑶,053960,18531803364,1,7104@foxmail.com,陕西省西安市未央区某某街道226号
冯静,406678,15539941141,1,4612@126.com,福建省厦门市思明区中山路400号521号
罗艳,201161,18835161293,1,387@126.com,陕西省西安市未央区某某街道808号
李涛,145092,18090043971,1,8334@qq.com,安徽省合肥市政务区潜山路111号298号
罗凯,001739,13759989972,0,5085@126.com,湖北省武汉市洪山区珞瑜路726号554号
郭艳,110708,13966106441,1,2423@foxmail.com,江西省南昌市青山湖区北京东路456号745号
杨秀兰,327088,13318183881,1,9437@outlook.com,江西省南昌市青山湖区北京东路456号693号
陈娟,616658,13597142688,1,7182@hotmail.com,湖南省长沙市雨花区劳动西路102号41号
黄霞,522435,15791776711,1,6153@sina.com,福建省厦门市思明区中山路400号517号
董瑶,459789,15757080402,0,9318@outlook.com,湖南省长沙市雨花区劳动西路102号571号
朱丽,696382,13061183477,0,6804@yahoo.com,陕西省西安市未央区某某街道440号
高杰,287654,13398494909,1,5998@gmail.com,广东省深圳市南山区科技园路8号378号
于博,491650,18480532096,0,9660@qq.com,天津市南开区卫津路94号878号
高伟,272070,18882835446,0,905@gmail.com,江西省南昌市青山湖区北京东路456号115号
周军,635713,13279375783,0,9914@qq.com,四川省成都市高新区天府五街200号254号
何艳,465819,18538846445,1,3700@gmail.com,北京市海淀区中关村大街1号762号
罗悦,282758,15885028312,0,8111@126.com,陕西省西安市雁塔区科技路88号486号
李鹏,870081,15968837179,1,8193@outlook.com,湖北省武汉市洪山区珞瑜路726号766号
于婷,339464,13903119364,0,4269@qq.com,辽宁省大连市中山区人民路55号267号
萧杰,038849,18818149004,1,9990@qq.com,四川省成都市高新区天府五街200号703号
郑秀兰,112396,13391038195,1,6391@outlook.com,重庆市渝北区金开大道68号636号
谢超,443228,13836189048,0,7658@sina.com,福建省厦门市思明区中山路400号163号
谢刚,264509,15617824930,1,6017@hotmail.com,上海市静安区南京西路1266号134号
林洋,843766,15582765109,1,3708@aliyun.com,辽宁省大连市中山区人民路55号100号
陈华,061428,18564256198,0,2993@yahoo.com,江西省南昌市青山湖区北京东路456号443号
高瑶,795223,13106240160,0,4635@yahoo.com,河南省郑州市二七区大学路80号190号
马明,816352,15617997800,1,4936@qq.com,河南省郑州市二七区大学路80号691号
黄芳,813779,13296118947,1,5821@foxmail.com,浙江省杭州市西湖区文二路188号287号
李鹏,845132,15853712363,0,9750@sina.com,天津市南开区卫津路94号177号
于健,630418,15258915114,0,6734@yahoo.com,天津市南开区卫津路94号224号
赵超,270177,13476201701,0,7355@126.com,四川省成都市高新区天府五街200号694号
于博,473537,18687750261,0,501@126.com,湖南省长沙市雨花区劳动西路102号116号
赵宇,710266,15777692690,0,4522@outlook.com,陕西省西安市未央区某某街道765号
刘瑶,264179,13086945578,0,4635@sina.com,广东省深圳市南山区科技园路8号716号
冯文,903833,15992063851,1,743@hotmail.com,陕西省西安市雁塔区科技路88号841号
张秀兰,511595,13063755549,0,2999@126.com,江苏省南京市建邺区江东中路229号14号
徐涛,457994,13189212646,1,5510@126.com,辽宁省大连市中山区人民路55号574号
冯秀兰,188069,13869751460,1,3920@aliyun.com,黑龙江省哈尔滨市道里区中央大街99号969号
于健,065764,18292423833,0,8757@163.com,河南省郑州市二七区大学路80号120号
罗玲,961871,15322252461,0,6062@qq.com,福建省厦门市思明区中山路400号812号
胡杰,255313,15000647101,0,1086@sina.com,北京市海淀区中关村大街1号937号
于杰,948861,13863644992,1,9245@163.com,重庆市渝北区金开大道68号382号
胡秀兰,259038,13879053431,1,9382@aliyun.com,陕西省西安市雁塔区科技路88号833号
萧敏,611693,13002532392,0,1694@aliyun.com,陕西省西安市未央区某某街道726号
周鹏,486397,18105173950,0,5489@foxmail.com,上海市静安区南京西路1266号146号
罗宇,840184,13606106059,1,2074@aliyun.com,湖南省长沙市雨花区劳动西路102号433号
胡秀兰,581239,13878464605,0,459@aliyun.com,江苏省南京市建邺区江东中路229号38号
杨艳,532385,13986597277,0,1688@outlook.com,湖南省长沙市雨花区劳动西路102号882号
朱秀兰,981306,15175157403,0,8028@gmail.com,福建省厦门市思明区中山路400号523号
王伟,462048,18419162816,0,8554@126.com,天津市南开区卫津路94号460号
高洋,099893,15728085391,0,7918@yahoo.com,四川省成都市高新区天府五街200号277号
高涛,536140,13011162032,1,9100@gmail.com,陕西省西安市雁塔区科技路88号680号
董婷,870146,18234360633,1,1595@sina.com,北京市海淀区中关村大街1号160号
赵娜,585612,13933311026,1,8890@aliyun.com,辽宁省大连市中山区人民路55号713号
赵文,261574,18217850973,1,9775@hotmail.com,湖南省长沙市雨花区劳动西路102号458号
刘瑶,677932,15531574788,0,7544@qq.com,安徽省合肥市政务区潜山路111号556号
罗磊,666690,13481202409,1,4044@aliyun.com,湖北省武汉市洪山区珞瑜路726号337号
孙婷,446341,18432603167,0,4275@foxmail.com,江西省南昌市青山湖区北京东路456号140号
罗婷,590080,18605412769,0,9469@aliyun.com,吉林省长春市南关区人民大街123号975号
何超,601997,13869372694,1,2685@qq.com,安徽省合肥市政务区潜山路111号934号
黄娜,648420,13700806626,1,688@foxmail.com,天津市南开区卫津路94号35号
高敏,073542,18556612739,0,1455@sina.com,广东省深圳市南山区科技园路8号64号
孙静,585462,13360860206,0,3088@163.com,安徽省合肥市政务区潜山路111号108号
郑磊,892633,13025537036,1,3266@hotmail.com,四川省成都市高新区天府五街200号690号
林雪,427901,13092369916,0,5136@gmail.com,湖南省长沙市雨花区劳动西路102号53号
周鹏,508444,13675360251,0,9303@foxmail.com,湖南省长沙市雨花区劳动西路102号148号
李明,441336,15998056316,1,8929@outlook.com,福建省厦门市思明区中山路400号783号
陈平,508554,13804272181,0,8737@qq.com,四川省成都市高新区天府五街200号463号
王磊,320788,15513251678,1,5449@aliyun.com,河南省郑州市二七区大学路80号475号
林峰,481004,13880341361,0,3081@foxmail.com,上海市静安区南京西路1266号693号
黄宇,159463,18686893986,0,2725@outlook.com,河南省郑州市二七区大学路80号351号
胡霞,131456,15514543798,0,7727@foxmail.com,上海市静安区南京西路1266号660号
董杰,239180,15396674817,1,2148@sina.com,黑龙江省哈尔滨市道里区中央大街99号72号
胡艳,978899,18315716273,1,2760@aliyun.com,浙江省杭州市西湖区文二路188号748号
于华,852722,18941492662,0,5180@sina.com,浙江省杭州市西湖区文二路188号933号
黄涛,606124,13823377487,1,2184@outlook.com,山东省青岛市市南区香港中路11号427号
王华,029103,13027637243,1,1158@yahoo.com,安徽省合肥市政务区潜山路111号19号
马敏,332200,13698156275,1,1308@sina.com,河南省郑州市二七区大学路80号308号
黄丽,606129,18882561193,1,9457@hotmail.com,陕西省西安市未央区某某街道221号
赵凯,671659,15196053772,0,3847@aliyun.com,福建省厦门市思明区中山路400号924号
吴辉,106776,15960838470,0,9664@yahoo.com,河南省郑州市二七区大学路80号35号
朱璐,383133,18070756511,1,4137@foxmail.com,黑龙江省哈尔滨市道里区中央大街99号407号
宋宇,962908,18444473507,0,8750@126.com,陕西省西安市未央区某某街道991号
徐艳,254192,15055784848,1,9076@sina.com,四川省成都市高新区天府五街200号19号
吴欣,621885,13708348094,0,1330@aliyun.com,吉林省长春市南关区人民大街123号191号
宋杰,039107,15091266259,1,9757@foxmail.com,山东省青岛市市南区香港中路11号281号
林军,630632,13648954947,0,8271@gmail.com,江西省南昌市青山湖区北京东路456号955号
韩娟,788185,13653247424,0,2983@hotmail.com,江苏省南京市建邺区江东中路229号927号
朱鹏,517526,15119395292,1,3250@qq.com,安徽省合肥市政务区潜山路111号940号
刘勇,271148,13443662387,0,5282@sina.com,重庆市渝北区金开大道68号463号
高敏,359935,18611556435,1,9264@163.com,上海市静安区南京西路1266号695号
王辉,619299,13489569839,0,8330@sina.com,广东省深圳市南山区科技园路8号534号
李超,563181,18001441354,0,8372@hotmail.com,湖南省长沙市雨花区劳动西路102号450号
郑超,997162,13300614912,1,3523@yahoo.com,浙江省杭州市西湖区文二路188号998号
吴丽,942425,18170975680,1,3445@126.com,黑龙江省哈尔滨市道里区中央大街99号767号
梁浩,579128,15187321091,1,1820@sina.com,吉林省长春市南关区人民大街123号378号
韩雪,387139,18060916896,0,5654@aliyun.com,河南省郑州市二七区大学路80号767号
赵玲,598326,18918913171,1,202@aliyun.com,重庆市渝北区金开大道68号695号
韩文,207164,13231577863,0,3061@outlook.com,辽宁省大连市中山区人民路55号746号
高洋,953253,15144415856,0,8065@163.com,广东省深圳市南山区科技园路8号984号
萧悦,116636,18393265445,1,2874@sina.com,北京市海淀区中关村大街1号562号
唐雪,035052,13659594086,0,503@outlook.com,陕西省西安市未央区某某街道656号
朱洋,374412,15559347461,1,243@aliyun.com,湖北省武汉市洪山区珞瑜路726号677号
朱明,454953,15910364229,0,7781@126.com,天津市南开区卫津路94号327号
谢璐,819559,18942679406,1,944@qq.com,上海市静安区南京西路1266号884号
赵芳,014899,15279795435,0,6331@aliyun.com,陕西省西安市未央区某某街道600号
张秀兰,328208,13375535951,0,8073@163.com,广东省深圳市南山区科技园路8号555号
孙悦,012329,18955999237,0,4624@yahoo.com,福建省厦门市思明区中山路400号995号
冯峰,554957,18571759145,0,5854@foxmail.com,江西省南昌市青山湖区北京东路456号995号
胡婷,169274,18772612538,0,7539@sina.com,黑龙江省哈尔滨市道里区中央大街99号637号
谢芳,504514,15914211975,0,8050@foxmail.com,天津市南开区卫津路94号658号
高艳,626751,13234326527,1,149@gmail.com,黑龙江省哈尔滨市道里区中央大街99号809号
宋凯,980564,13928357990,1,4077@163.com,湖南省长沙市雨花区劳动西路102号409号
郭鹏,318748,15339465973,0,7842@sina.com,江西省南昌市青山湖区北京东路456号477号
罗玲,565713,15975198337,0,4355@gmail.com,北京市海淀区中关村大街1号885号
刘勇,833202,13876604414,1,2547@foxmail.com,天津市南开区卫津路94号354号
李静,960559,18001120024,0,8914@outlook.com,山东省青岛市市南区香港中路11号805号
唐强,695525,13215110721,1,8822@foxmail.com,辽宁省大连市中山区人民路55号439号
李超,107638,13832259243,0,982@163.com,广东省深圳市南山区科技园路8号104号
朱平,324096,18805610867,1,94@outlook.com,安徽省合肥市政务区潜山路111号170号
杨瑶,683877,18579219192,1,935@126.com,江西省南昌市青山湖区北京东路456号356号
韩勇,065325,13909825552,0,1468@qq.com,湖南省长沙市雨花区劳动西路102号95号
朱雪,790896,13915773161,1,3844@163.com,天津市南开区卫津路94号738号
朱丽,330519,15096713544,0,7943@hotmail.com,陕西省西安市雁塔区科技路88号903号
孙丽,842524,15671550676,1,1349@126.com,浙江省杭州市西湖区文二路188号975号
杨军,341922,13068162515,1,1150@outlook.com,江西省南昌市青山湖区北京东路456号295号
赵瑶,737886,18607861360,0,638@qq.com,广东省深圳市南山区科技园路8号933号
林静,028770,15608201273,1,8166@163.com,天津市南开区卫津路94号629号
王浩,593985,13500428109,0,1392@yahoo.com,北京市海淀区中关村大街1号748号
李超,759972,13919609583,0,4457@foxmail.com,陕西省西安市雁塔区科技路88号771号
徐欣,106487,13424401419,0,6567@aliyun.com,陕西省西安市雁塔区科技路88号458号
韩娟,058815,15238786542,0,2857@foxmail.com,湖南省长沙市雨花区劳动西路102号371号
王玲,644181,15645395473,1,8622@gmail.com,辽宁省大连市中山区人民路55号896号
郑博,577033,18511755565,1,6572@aliyun.com,安徽省合肥市政务区潜山路111号180号
孙欣,892200,13040042754,0,5712@yahoo.com,陕西省西安市雁塔区科技路88号179号
徐文,041871,18449143398,0,3461@aliyun.com,河南省郑州市二七区大学路80号606号
李桂英,409367,18426536537,1,7988@sina.com,湖南省长沙市雨花区劳动西路102号952号
马勇,730816,15667261949,0,2428@qq.com,浙江省杭州市西湖区文二路188号811号
王桂英,158410,18888272832,1,8753@sina.com,上海市静安区南京西路1266号319号
林芳,137701,15054305918,1,6314@qq.com,陕西省西安市未央区某某街道550号
陈欣,633161,13799079949,1,7709@126.com,安徽省合肥市政务区潜山路111号189号
郭辉,262225,18227565094,1,3476@sina.com,辽宁省大连市中山区人民路55号415号
杨辉,045118,13409191063,1,1104@aliyun.com,天津市南开区卫津路94号842号
杨艳,926177,15641124454,1,9557@hotmail.com,福建省厦门市思明区中山路400号739号
董芳,577825,18305705363,0,4473@163.com,山东省青岛市市南区香港中路11号324号
张璐,909826,15824034886,0,664@sina.com,广东省深圳市南山区科技园路8号839号
刘辉,784424,15012462177,0,7120@sina.com,重庆市渝北区金开大道68号534号
马丽,663702,15051011116,0,3710@sina.com,安徽省合肥市政务区潜山路111号904号
韩杰,221453,15074089584,0,9791@hotmail.com,湖南省长沙市雨花区劳动西路102号444号
萧敏,427030,13832006092,1,2026@qq.com,福建省厦门市思明区中山路400号992号
高明,044676,13131541903,0,5304@foxmail.com,江西省南昌市青山湖区北京东路456号406号
萧勇,810853,18005892864,1,4400@outlook.com,山东省青岛市市南区香港中路11号397号
萧玲,876131,15934943959,1,8879@163.com,上海市静安区南京西路1266号594号
孙雪,865711,18923505663,0,6564@qq.com,陕西省西安市未央区某某街道71号
于健,154024,13643224248,1,4077@qq.com,陕西省西安市雁塔区科技路88号3号
林杰,315501,13822930604,0,8904@gmail.com,山东省青岛市市南区香港中路11号903号
黄健,814819,15624182212,1,4664@hotmail.com,江苏省南京市建邺区江东中路229号387号
高涛,394707,15990918721,0,6565@qq.com,吉林省长春市南关区人民大街123号551号
高俊,966487,18022600745,0,4190@gmail.com,江西省南昌市青山湖区北京东路456号624号
郑芳,824155,18142873733,0,8661@foxmail.com,天津市南开区卫津路94号116号
朱辉,237354,15027783633,0,2482@163.com,吉林省长春市南关区人民大街123号548号
胡宇,782923,18570504286,1,4136@163.com,湖南省长沙市雨花区劳动西路102号409号
刘磊,523390,15347341355,1,3131@163.com,安徽省合肥市政务区潜山路111号800号
郑鹏,022941,18670027091,1,1886@qq.com,江西省南昌市青山湖区北京东路456号874号
吴博,742453,18864131218,0,3528@sina.com,浙江省杭州市西湖区文二路188号394号
何华,994343,15310394754,0,3487@qq.com,福建省厦门市思明区中山路400号229号
何文,073678,13185368736,1,6531@gmail.com,广东省深圳市南山区科技园路8号678号
何婷,746228,18714474623,1,595@126.com,陕西省西安市未央区某某街道525号
于丽,656719,13826933218,0,8548@sina.com,江苏省南京市建邺区江东中路229号435号
杨强,313310,18511662368,1,6862@163.com,安徽省合肥市政务区潜山路111号588号
高磊,299829,13453342561,1,8632@hotmail.com,陕西省西安市雁塔区科技路88号150号
郑静,942247,18004940890,1,7099@gmail.com,辽宁省大连市中山区人民路55号566号
朱玲,994393,15102280941,0,6360@outlook.com,安徽省合肥市政务区潜山路111号285号
王敏,003859,13800087334,1,6322@aliyun.com,陕西省西安市雁塔区科技路88号610号
郑文,546106,18861877769,0,6799@gmail.com,广东省深圳市南山区科技园路8号515号
林静,692435,15999316657,1,9771@126.com,河南省郑州市二七区大学路80号947号
于华,019252,18358382637,0,3094@gmail.com,福建省厦门市思明区中山路400号360号
吴峰,896819,18215727777,0,9297@foxmail.com,安徽省合肥市政务区潜山路111号582号
宋伟,070196,13686778314,1,3337@gmail.com,江西省南昌市青山湖区北京东路456号863号
赵丽,419807,18482221224,0,3415@hotmail.com,上海市静安区南京西路1266号426号
李明,187532,18336101869,1,8172@126.com,吉林省长春市南关区人民大街123号523号
王军,123770,15836561629,0,8011@hotmail.com,河南省郑州市二七区大学路80号334号
罗涛,987239,18498330676,0,4408@foxmail.com,天津市南开区卫津路94号100号
王磊,459789,13780588185,1,9314@163.com,北京市海淀区中关村大街1号975号
梁桂英,323267,18823669565,1,1838@outlook.com,北京市海淀区中关村大街1号735号
刘勇,725012,18829924533,1,4528@sina.com,陕西省西安市雁塔区科技路88号82号
孙婷,710844,13927224046,1,1647@outlook.com,上海市静安区南京西路1266号688号
林凯,099691,18808501265,1,5568@gmail.com,江西省南昌市青山湖区北京东路456号177号
孙强,744120,13049487730,1,8672@foxmail.com,安徽省合肥市政务区潜山路111号322号
孙峰,331551,15271683941,1,3995@163.com,吉林省长春市南关区人民大街123号160号
张洋,475546,13677344271,1,7706@outlook.com,浙江省杭州市西湖区文二路188号955号
陈超,556072,18358651271,0,7836@qq.com,重庆市渝北区金开大道68号285号
宋芳,623539,13178097159,0,3455@aliyun.com,辽宁省大连市中山区人民路55号734号
朱艳,274510,18026055183,1,5611@outlook.com,陕西省西安市未央区某某街道923号
罗桂英,039653,18450495726,1,3590@hotmail.com,江苏省南京市建邺区江东中路229号586号
王文,137347,18064526000,0,9733@qq.com,河南省郑州市二七区大学路80号199号
韩刚,725040,15960300587,0,1981@yahoo.com,四川省成都市高新区天府五街200号723号
罗鹏,072042,18789067072,1,6641@hotmail.com,湖南省长沙市雨花区劳动西路102号987号
刘雪,255827,15369892576,0,9533@sina.com,黑龙江省哈尔滨市道里区中央大街99号686号
梁艳,258527,13324231353,0,7906@yahoo.com,北京市海淀区中关村大街1号126号
冯俊,112580,15163089348,1,3606@126.com,四川省成都市高新区天府五街200号171号
高秀兰,757363,15664514748,1,4804@yahoo.com,江西省南昌市青山湖区北京东路456号217号
郭博,309862,18072202831,1,402@qq.com,天津市南开区卫津路94号933号
郭俊,179442,15891208667,0,9285@126.com,安徽省合肥市政务区潜山路111号887号
陈伟,695792,13110791851,0,19@qq.com,重庆市渝北区金开大道68号605号
郑涛,634403,13312120459,0,369@outlook.com,江苏省南京市建邺区江东中路229号813号
马霞,372745,13944586203,1,3396@gmail.com,福建省厦门市思明区中山路400号635号
朱娜,948059,15101873587,1,4364@hotmail.com,广东省深圳市南山区科技园路8号192号
董健,838080,18018730893,0,7945@aliyun.com,江苏省南京市建邺区江东中路229号88号
宋明,083474,15597886701,1,4335@hotmail.com,浙江省杭州市西湖区文二路188号757号
王璐,440523,13325441984,0,6242@outlook.com,河南省郑州市二七区大学路80号843号
高静,213010,18695152194,0,3716@hotmail.com,天津市南开区卫津路94号760号
黄军,560543,13879785867,1,2077@qq.com,浙江省杭州市西湖区文二路188号186号
李磊,696693,15672528178,1,5503@gmail.com,重庆市渝北区金开大道68号580号
韩华,998770,13430922756,0,4026@aliyun.com,江苏省南京市建邺区江东中路229号670号
孙磊,862779,15213436027,0,8583@126.com,天津市南开区卫津路94号584号
马玲,021754,13577227777,1,6040@outlook.com,黑龙江省哈尔滨市道里区中央大街99号254号
于俊,480128,13023247732,1,6978@hotmail.com,北京市海淀区中关村大街1号356号
杨凯,544638,18806961839,0,2574@hotmail.com,山东省青岛市市南区香港中路11号792号
张丽,040723,15736567799,0,9093@126.com,湖南省长沙市雨花区劳动西路102号354号
李浩,993358,13036380341,0,3538@hotmail.com,辽宁省大连市中山区人民路55号594号
宋雪,292011,18337121712,1,7860@126.com,四川省成都市高新区天府五街200号122号
何磊,497275,18185941566,1,1029@yahoo.com,陕西省西安市雁塔区科技路88号986号
唐明,982412,18849350178,0,1472@sina.com,江苏省南京市建邺区江东中路229号317号
于娜,822224,13331548924,0,6013@sina.com,吉林省长春市南关区人民大街123号580号
何悦,957778,18163595098,0,9365@aliyun.com,安徽省合肥市政务区潜山路111号580号
黄敏,424896,15850826761,0,6043@126.com,安徽省合肥市政务区潜山路111号896号
徐艳,610677,13325657060,0,9712@outlook.com,陕西省西安市雁塔区科技路88号525号
吴刚,581752,18306206882,1,1008@qq.com,陕西省西安市未央区某某街道144号
宋艳,491190,18701413944,0,9800@foxmail.com,山东省青岛市市南区香港中路11号47号
胡强,068681,13644291658,1,5397@gmail.com,河南省郑州市二七区大学路80号723号
郭婷,936145,15363437844,0,1175@outlook.com,广东省深圳市南山区科技园路8号28号
梁健,623722,18389341970,1,4925@sina.com,上海市静安区南京西路1266号84号
马博,542752,18088121128,1,4035@126.com,安徽省合肥市政务区潜山路111号88号
董静,651119,15723855077,0,5315@aliyun.com,黑龙江省哈尔滨市道里区中央大街99号822号
郑霞,816841,13663944511,1,9997@126.com,吉林省长春市南关区人民大街123号157号
吴凯,230722,15304939304,0,8064@163.com,重庆市渝北区金开大道68号718号
徐俊,689189,18630527055,1,1653@foxmail.com,北京市海淀区中关村大街1号88号
郭秀兰,230528,18913638147,0,2179@yahoo.com,北京市海淀区中关村大街1号400号
谢辉,775420,15086737059,1,6172@qq.com,吉林省长春市南关区人民大街123号231号
韩博,149690,15590585060,0,9014@hotmail.com,河南省郑州市二七区大学路80号895号
孙霞,338948,18492417840,1,4567@163.com,四川省成都市高新区天府五街200号930号
徐辉,580095,13529451500,1,1167@hotmail.com,上海市静安区南京西路1266号401号
陈桂英,748595,15883525374,1,8279@outlook.com,天津市南开区卫津路94号166号
徐鹏,586874,13114200246,0,1047@aliyun.com,四川省成都市高新区天府五街200号849号
黄悦,343339,15199730014,1,2666@yahoo.com,安徽省合肥市政务区潜山路111号232号
郑芳,696314,18266499626,0,8228@hotmail.com,江西省南昌市青山湖区北京东路456号690号
吴桂英,975859,15170472709,0,1396@126.com,山东省青岛市市南区香港中路11号761号
李婷,417148,18009785890,0,944@qq.com,重庆市渝北区金开大道68号431号
李明,354008,18385194775,1,7455@qq.com,江苏省南京市建邺区江东中路229号217号
董伟,162243,13845941696,0,1887@yahoo.com,山东省青岛市市南区香港中路11号103号
黄桂英,267563,18598720981,1,5754@aliyun.com,广东省深圳市南山区科技园路8号515号
宋明,094425,13214884937,0,2737@foxmail.com,河南省郑州市二七区大学路80号433号
马玲,570204,13416563066,1,7589@yahoo.com,北京市海淀区中关村大街1号589号
郑平,683852,18214511300,1,1253@yahoo.com,山东省青岛市市南区香港中路11号265号
谢璐,944460,13539876477,0,1301@outlook.com,黑龙江省哈尔滨市道里区中央大街99号635号
唐敏,504245,18495754634,0,5167@sina.com,山东省青岛市市南区香港中路11号372号
董娟,042171,13609968319,0,1515@sina.com,安徽省合肥市政务区潜山路111号986号
赵勇,025443,13694711693,0,5213@yahoo.com,重庆市渝北区金开大道68号224号
梁杰,239158,15706528443,1,7237@sina.com,重庆市渝北区金开大道68号391号
罗峰,009731,15204862257,1,373@gmail.com,北京市海淀区中关村大街1号7号
韩华,666735,18654848125,0,4103@gmail.com,天津市南开区卫津路94号702号
吴浩,079559,13480857375,1,5773@aliyun.com,陕西省西安市未央区某某街道916号
冯娟,212112,13269895276,0,5685@aliyun.com,江西省南昌市青山湖区北京东路456号933号
谢璐,709173,13353630946,0,5245@hotmail.com,上海市静安区南京西路1266号918号
林雪,498635,15533490421,1,9567@gmail.com,陕西省西安市未央区某某街道504号
郑超,669861,15111124622,1,9824@foxmail.com,黑龙江省哈尔滨市道里区中央大街99号854号
马俊,510961,13780842218,1,4696@hotmail.com,上海市静安区南京西路1266号597号
于伟,932675,15234012911,1,4757@qq.com,河南省郑州市二七区大学路80号554号
郑瑶,786749,18280721932,1,6499@qq.com,湖南省长沙市雨花区劳动西路102号503号
高璐,701234,18601499925,1,2048@163.com,辽宁省大连市中山区人民路55号465号
萧俊,326843,15649531691,0,2542@aliyun.com,黑龙江省哈尔滨市道里区中央大街99号612号
梁磊,334806,13581678998,0,9601@gmail.com,黑龙江省哈尔滨市道里区中央大街99号848号
吴芳,805228,15862982775,0,1052@aliyun.com,吉林省长春市南关区人民大街123号628号
刘超,178598,13202547845,0,6516@aliyun.com,黑龙江省哈尔滨市道里区中央大街99号120号
宋悦,618950,13110059793,1,4150@yahoo.com,浙江省杭州市西湖区文二路188号954号
郭超,638481,15791760369,0,7661@qq.com,天津市南开区卫津路94号923号
徐娟,491392,18414024951,0,7566@sina.com,江苏省南京市建邺区江东中路229号71号
胡博,066130,15910468838,0,4120@yahoo.com,河南省郑州市二七区大学路80号184号
吴敏,872249,18014049269,1,6557@foxmail.com,四川省成都市高新区天府五街200号606号
马文,619964,13128637333,0,556@gmail.com,江苏省南京市建邺区江东中路229号370号
罗文,936639,13847828797,0,1994@sina.com,重庆市渝北区金开大道68号626号
胡敏,993695,18002135515,0,5860@yahoo.com,黑龙江省哈尔滨市道里区中央大街99号701号
马强,544821,18873600599,1,2195@foxmail.com,辽宁省大连市中山区人民路55号87号
韩浩,892109,15364869346,1,3185@foxmail.com,陕西省西安市雁塔区科技路88号330号
孙欣,468116,18885341001,1,5216@yahoo.com,黑龙江省哈尔滨市道里区中央大街99号771号
罗博,034340,13099530032,1,60@gmail.com,山东省青岛市市南区香港中路11号257号
李磊,069802,18843372636,0,7069@hotmail.com,天津市南开区卫津路94号209号
朱峰,909141,15102122512,0,328@126.com,湖北省武汉市洪山区珞瑜路726号989号
马秀兰,121388,18562068623,0,3201@163.com,福建省厦门市思明区中山路400号241号
徐凯,744674,13094934804,1,2194@yahoo.com,陕西省西安市雁塔区科技路88号234号
马平,208972,15618220194,0,22@aliyun.com,广东省深圳市南山区科技园路8号478号
马悦,015811,15859057599,0,4561@foxmail.com,浙江省杭州市西湖区文二路188号919号
赵文,650425,13239175239,1,34@hotmail.com,重庆市渝北区金开大道68号52号
萧杰,310174,18576633539,1,9194@qq.com,湖北省武汉市洪山区珞瑜路726号90号
高婷,356767,15600941924,1,4880@sina.com,广东省深圳市南山区科技园路8号442号
高军,629272,18495724918,0,8121@outlook.com,北京市海淀区中关村大街1号566号
郑悦,885464,13022957397,0,8075@hotmail.com,上海市静安区南京西路1266号913号
宋俊,859548,13476590497,0,2587@qq.com,黑龙江省哈尔滨市道里区中央大街99号351号
周婷,296494,15615379872,0,1240@sina.com,陕西省西安市雁塔区科技路88号936号
高明,454759,13044264346,0,5638@yahoo.com,天津市南开区卫津路94号935号
董丽,917391,15725605780,0,9294@126.com,浙江省杭州市西湖区文二路188号839号
朱敏,123508,13552450030,0,414@yahoo.com,安徽省合肥市政务区潜山路111号339号
黄浩,139418,18421959849,0,6839@aliyun.com,陕西省西安市雁塔区科技路88号593号
周明,854215,15723763740,0,4574@yahoo.com,黑龙江省哈尔滨市道里区中央大街99号796号
马健,404527,15259113959,0,1876@aliyun.com,山东省青岛市市南区香港中路11号987号
徐文,730898,13375444594,0,6854@163.com,江苏省南京市建邺区江东中路229号998号
董浩,213967,18270632109,0,1267@outlook.com,湖南省长沙市雨花区劳动西路102号953号
冯强,628440,15703573436,0,4563@126.com,陕西省西安市未央区某某街道761号
冯玲,645464,15770691495,0,9809@qq.com,辽宁省大连市中山区人民路55号27号
宋平,990415,13964971051,0,4603@yahoo.com,陕西省西安市雁塔区科技路88号918号
高峰,399058,15184146128,1,1205@gmail.com,北京市海淀区中关村大街1号945号
董婷,636015,13883438878,1,831@foxmail.com,陕西省西安市未央区某某街道691号
刘华,352410,18537455857,1,8409@outlook.com,湖南省长沙市雨花区劳动西路102号782号
杨峰,596966,13043433995,1,131@hotmail.com,吉林省长春市南关区人民大街123号879号
高婷,320437,15153194172,1,932@outlook.com,山东省青岛市市南区香港中路11号40号
罗欣,405599,18568036033,1,8023@qq.com,河南省郑州市二七区大学路80号138号
唐军,553017,18985110187,1,9739@outlook.com,广东省深圳市南山区科技园路8号812号
胡鹏,291732,15035970230,1,2622@hotmail.com,重庆市渝北区金开大道68号85号
徐华,683564,18362193411,1,8479@outlook.com,江西省南昌市青山湖区北京东路456号746号
唐健,939044,15952149286,0,9773@hotmail.com,四川省成都市高新区天府五街200号68号
郑勇,660361,18096389913,1,6971@yahoo.com,天津市南开区卫津路94号29号
张刚,938449,15904781699,1,8158@qq.com,上海市静安区南京西路1266号587号
冯俊,033785,13314198239,0,489@163.com,福建省厦门市思明区中山路400号231号
董鹏,577262,13911417039,0,9415@sina.com,江苏省南京市建邺区江东中路229号829号
于文,069496,15962938876,1,4989@163.com,辽宁省大连市中山区人民路55号288号
陈婷,564709,18413168566,0,656@sina.com,北京市海淀区中关村大街1号574号
马俊,719682,18294384185,0,5422@163.com,重庆市渝北区金开大道68号963号
郑强,019976,13503077423,0,6407@sina.com,广东省深圳市南山区科技园路8号390号
胡敏,697706,18933805401,0,4908@aliyun.com,广东省深圳市南山区科技园路8号45号
高强,733096,13052496291,0,9898@foxmail.com,湖南省长沙市雨花区劳动西路102号36号
郑丽,427907,18212474600,0,5251@foxmail.com,重庆市渝北区金开大道68号681号
谢华,706851,13048072287,1,6806@outlook.com,北京市海淀区中关村大街1号755号
马瑶,653951,15623022885,1,9562@yahoo.com,湖南省长沙市雨花区劳动西路102号4号
郑宇,847193,18713043910,0,1154@qq.com,吉林省长春市南关区人民大街123号445号
高敏,045407,13108617025,0,5450@126.com,浙江省杭州市西湖区文二路188号820号
周华,544386,18868654387,0,7377@sina.com,黑龙江省哈尔滨市道里区中央大街99号696号
王博,257648,15293946753,0,209@qq.com,河南省郑州市二七区大学路80号566号
赵凯,770392,15905513898,1,8984@sina.com,辽宁省大连市中山区人民路55号248号
孙芳,702929,13659175678,0,500@126.com,天津市南开区卫津路94号513号
郑博,930628,15182301012,1,7998@sina.com,湖南省长沙市雨花区劳动西路102号3号
马博,205975,15994560774,1,5030@foxmail.com,天津市南开区卫津路94号373号
张俊,521283,18532938475,0,2752@hotmail.com,吉林省长春市南关区人民大街123号454号
吴伟,021633,18540865643,0,368@foxmail.com,浙江省杭州市西湖区文二路188号639号
周宇,385736,18721329603,0,9340@outlook.com,重庆市渝北区金开大道68号769号
李静,617293,18480029168,0,9870@outlook.com,陕西省西安市未央区某某街道757号
冯丽,924076,15863629302,0,1599@yahoo.com,天津市南开区卫津路94号58号
赵刚,116785,13386061581,1,1025@sina.com,浙江省杭州市西湖区文二路188号31号
罗军,567617,13940194235,0,7782@foxmail.com,广东省深圳市南山区科技园路8号507号
郑杰,158893,18110342572,0,602@gmail.com,湖南省长沙市雨花区劳动西路102号788号
于鹏,682802,13212976887,0,128@hotmail.com,辽宁省大连市中山区人民路55号417号
周凯,440853,18264510370,0,4477@aliyun.com,黑龙江省哈尔滨市道里区中央大街99号86号
杨平,964120,18766017238,1,9235@foxmail.com,江苏省南京市建邺区江东中路229号301号
杨涛,394935,15907479332,0,6573@aliyun.com,山东省青岛市市南区香港中路11号92号
马璐,967427,18955937446,1,9267@outlook.com,福建省厦门市思明区中山路400号157号
高芳,918338,15153080198,1,2177@foxmail.com,江西省南昌市青山湖区北京东路456号530号
何艳,710263,15229930773,1,4316@yahoo.com,陕西省西安市未央区某某街道940号
韩丽,097680,18699104416,1,8397@gmail.com,湖北省武汉市洪山区珞瑜路726号362号
于玲,277933,18978224882,1,7266@sina.com,四川省成都市高新区天府五街200号106号
张明,808126,15237188121,0,3168@gmail.com,安徽省合肥市政务区潜山路111号506号
宋勇,572600,13060579988,0,4153@126.com,山东省青岛市市南区香港中路11号310号
孙玲,798374,18366106284,0,3351@126.com,河南省郑州市二七区大学路80号194号
赵雪,496604,15161004979,1,6064@sina.com,广东省深圳市南山区科技园路8号391号
宋辉,304566,13291255732,0,4939@sina.com,吉林省长春市南关区人民大街123号971号
刘勇,057641,15098636959,1,6073@yahoo.com,辽宁省大连市中山区人民路55号587号
马婷,379377,18766708636,1,6507@aliyun.com,四川省成都市高新区天府五街200号277号
韩洋,570549,18939903490,1,6976@126.com,河南省郑州市二七区大学路80号50号
郑娜,158414,18430738556,0,8348@126.com,四川省成都市高新区天府五街200号665号
周华,946491,13867000131,0,189@yahoo.com,湖北省武汉市洪山区珞瑜路726号804号
张艳,016788,13551323827,1,6696@126.com,江苏省南京市建邺区江东中路229号243号
冯超,401228,13072683974,1,2030@sina.com,湖南省长沙市雨花区劳动西路102号335号
孙磊,084434,15956655770,0,9436@126.com,河南省郑州市二七区大学路80号932号
黄平,454151,18029290483,1,7666@gmail.com,吉林省长春市南关区人民大街123号238号
韩强,642209,13151848180,1,5970@aliyun.com,吉林省长春市南关区人民大街123号359号
周超,963973,15170337184,0,3436@sina.com,北京市海淀区中关村大街1号605号
谢超,604298,15513242279,1,8355@outlook.com,黑龙江省哈尔滨市道里区中央大街99号523号
谢璐,483261,15310138835,1,8328@hotmail.com,黑龙江省哈尔滨市道里区中央大街99号993号
于欣,018875,18046078716,1,1918@yahoo.com,陕西省西安市雁塔区科技路88号505号
周艳,128772,13021685633,0,7148@gmail.com,黑龙江省哈尔滨市道里区中央大街99号715号
罗丽,686891,15685438716,0,5358@outlook.com,江西省南昌市青山湖区北京东路456号207号
韩洋,132073,18010834240,0,2450@hotmail.com,江西省南昌市青山湖区北京东路456号497号
周玲,808342,15760178621,0,4159@outlook.com,重庆市渝北区金开大道68号667号
冯艳,742546,15209660341,0,214@foxmail.com,广东省深圳市南山区科技园路8号817号
徐涛,781993,18470048057,1,5132@hotmail.com,山东省青岛市市南区香港中路11号162号
唐静,787043,18350428748,0,4684@gmail.com,广东省深圳市南山区科技园路8号615号
何秀兰,000538,13446153643,1,5626@sina.com,浙江省杭州市西湖区文二路188号649号
梁辉,631758,15993128763,0,7318@aliyun.com,湖北省武汉市洪山区珞瑜路726号336号
郑娜,126378,13256526926,1,6721@sina.com,福建省厦门市思明区中山路400号484号
李桂英,596754,13518106853,0,9827@sina.com,重庆市渝北区金开大道68号821号
郭博,782118,15810165632,0,549@163.com,湖南省长沙市雨花区劳动西路102号782号
张洋,010764,13229623332,1,8389@163.com,北京市海淀区中关村大街1号563号
赵娟,009302,13189251782,0,3549@126.com,四川省成都市高新区天府五街200号434号
罗桂英,958685,18910407075,1,4324@gmail.com,湖南省长沙市雨花区劳动西路102号771号
李俊,110832,13125148894,0,2941@hotmail.com,江西省南昌市青山湖区北京东路456号167号
林敏,913550,18283729812,0,1265@aliyun.com,四川省成都市高新区天府五街200号308号
高伟,129993,15331550372,1,7366@outlook.com,江西省南昌市青山湖区北京东路456号213号
唐健,255983,15792288922,1,8756@sina.com,浙江省杭州市西湖区文二路188号479号
李杰,338377,15135841945,1,3798@outlook.com,广东省深圳市南山区科技园路8号329号
陈瑶,763804,13175133112,0,9915@163.com,湖南省长沙市雨花区劳动西路102号140号
谢娜,971497,15126028457,0,6912@foxmail.com,湖南省长沙市雨花区劳动西路102号630号
周娜,698085,13575653313,0,6616@aliyun.com,福建省厦门市思明区中山路400号399号
周桂英,240126,15291568705,1,1628@hotmail.com,江苏省南京市建邺区江东中路229号965号
赵浩,812738,13122486313,0,1452@163.com,广东省深圳市南山区科技园路8号350号
谢静,340500,18673092299,0,8574@hotmail.com,湖北省武汉市洪山区珞瑜路726号287号
杨欣,385431,18184807723,0,2273@yahoo.com,陕西省西安市未央区某某街道729号
冯雪,957594,13473498602,0,1944@aliyun.com,浙江省杭州市西湖区文二路188号176号
陈华,994726,18868906796,0,1027@outlook.com,陕西省西安市雁塔区科技路88号344号
韩玲,411441,18924589205,1,978@hotmail.com,河南省郑州市二七区大学路80号354号
宋浩,222720,15585325282,0,6375@126.com,上海市静安区南京西路1266号846号
吴刚,522697,13557287927,0,6477@qq.com,上海市静安区南京西路1266号824号
何娜,435588,18717338468,0,5342@hotmail.com,上海市静安区南京西路1266号72号
黄宇,932328,15754751105,1,7551@hotmail.com,吉林省长春市南关区人民大街123号485号
王娜,171914,18896108448,0,9216@yahoo.com,山东省青岛市市南区香港中路11号330号
董超,329430,18897656631,0,7648@qq.com,江西省南昌市青山湖区北京东路456号954号
唐璐,866951,15656334701,1,5492@foxmail.com,广东省深圳市南山区科技园路8号957号
刘桂英,076269,15559940632,1,9919@aliyun.com,湖南省长沙市雨花区劳动西路102号210号
杨桂英,253625,15360044266,1,3837@hotmail.com,北京市海淀区中关村大街1号50号
李丽,575445,18103704942,0,2279@163.com,吉林省长春市南关区人民大街123号731号
罗峰,262660,18519497623,0,7116@126.com,福建省厦门市思明区中山路400号184号
高华,709239,18771322979,1,9311@outlook.com,山东省青岛市市南区香港中路11号149号
郑艳,217140,18584685279,0,8304@hotmail.com,四川省成都市高新区天府五街200号51号
张博,180572,18327316557,1,874@foxmail.com,安徽省合肥市政务区潜山路111号116号
刘涛,465877,18926236688,1,1981@126.com,福建省厦门市思明区中山路400号481号
黄华,051022,15239732252,0,4743@126.com,重庆市渝北区金开大道68号794号
董欣,669483,15293900907,1,1692@hotmail.com,重庆市渝北区金开大道68号856号
于超,740522,15998850154,0,997@gmail.com,上海市静安区南京西路1266号893号
冯文,806928,15384190755,1,4370@aliyun.com,安徽省合肥市政务区潜山路111号503号
周欣,720065,13264654975,0,6870@aliyun.com,黑龙江省哈尔滨市道里区中央大街99号276号
何娟,486312,18376430362,1,6282@163.com,黑龙江省哈尔滨市道里区中央大街99号55号
马艳,353067,13373044578,0,6286@hotmail.com,陕西省西安市雁塔区科技路88号759号
赵璐,659236,13288904311,0,1528@yahoo.com,江西省南昌市青山湖区北京东路456号470号
胡磊,694582,15539700734,1,843@foxmail.com,上海市静安区南京西路1266号171号
萧丽,925493,15649820293,1,5637@foxmail.com,江苏省南京市建邺区江东中路229号159号
宋军,484627,13903377726,0,4963@126.com,河南省郑州市二七区大学路80号612号
陈凯,158158,15708371387,0,2470@hotmail.com,吉林省长春市南关区人民大街123号861号
冯宇,240475,18106766884,1,688@hotmail.com,重庆市渝北区金开大道68号817号
王刚,503271,18447277211,0,4114@outlook.com,四川省成都市高新区天府五街200号293号
高健,254438,18921777139,0,300@yahoo.com,陕西省西安市未央区某某街道319号
林健,300476,15137539275,0,7993@163.com,黑龙江省哈尔滨市道里区中央大街99号952号
赵悦,397819,13402289218,0,3264@outlook.com,上海市静安区南京西路1266号54号
吴霞,226181,15878342263,0,622@126.com,陕西省西安市未央区某某街道266号
罗悦,044826,15265268142,1,6462@126.com,江苏省南京市建邺区江东中路229号867号
周婷,295742,18513454638,0,4810@126.com,上海市静安区南京西路1266号989号
吴丽,553516,15329200023,1,9256@yahoo.com,黑龙江省哈尔滨市道里区中央大街99号165号
陈秀兰,065624,18136325770,0,1924@126.com,浙江省杭州市西湖区文二路188号129号
韩伟,540179,18776971672,0,4241@sina.com,湖北省武汉市洪山区珞瑜路726号280号
谢娟,983077,13911798299,0,2941@hotmail.com,福建省厦门市思明区中山路400号859号
朱俊,006692,18229318290,0,7770@aliyun.com,福建省厦门市思明区中山路400号413号
王敏,055184,18343059698,0,4554@foxmail.com,北京市海淀区中关村大街1号95号
梁磊,811277,15572982364,1,5576@aliyun.com,江西省南昌市青山湖区北京东路456号764号
徐悦,212731,18933263716,0,9576@gmail.com,江西省南昌市青山湖区北京东路456号474号
陈娟,885931,13046498366,0,2814@gmail.com,吉林省长春市南关区人民大街123号768号
胡博,008655,15775195550,0,3496@gmail.com,江苏省南京市建邺区江东中路229号89号
何霞,174679,15157106342,0,3566@gmail.com,浙江省杭州市西湖区文二路188号198号
谢娟,830621,15760060819,1,3533@sina.com,河南省郑州市二七区大学路80号34号
罗勇,942634,15231709488,1,786@163.com,辽宁省大连市中山区人民路55号76号
陈艳,551509,13980301627,1,1797@aliyun.com,江苏省南京市建邺区江东中路229号12号
郭雪,670331,18953642615,1,1298@foxmail.com,江西省南昌市青山湖区北京东路456号983号
赵俊,366328,18005736939,0,4165@qq.com,江西省南昌市青山湖区北京东路456号288号
董健,365474,13564584769,0,6689@163.com,黑龙江省哈尔滨市道里区中央大街99号210号
宋玲,692424,18054133548,0,6736@outlook.com,吉林省长春市南关区人民大街123号672号
萧霞,199163,15234454984,0,8856@gmail.com,江苏省南京市建邺区江东中路229号963号
高雪,713118,13843683167,0,5802@sina.com,河南省郑州市二七区大学路80号819号
吴璐,540280,18972777221,0,3152@outlook.com,湖南省长沙市雨花区劳动西路102号355号
马磊,731551,18517385051,0,1735@sina.com,浙江省杭州市西湖区文二路188号412号
谢峰,506038,15021746271,0,9775@hotmail.com,重庆市渝北区金开大道68号989号
罗敏,801092,15153558851,0,128@foxmail.com,山东省青岛市市南区香港中路11号575号
李婷,601965,15006668421,1,8821@qq.com,四川省成都市高新区天府五街200号161号
唐瑶,743339,13246101467,1,9334@outlook.com,浙江省杭州市西湖区文二路188号575号
高平,427370,15204169547,1,4514@hotmail.com,上海市静安区南京西路1266号606号
于刚,736859,13897671369,0,4177@hotmail.com,黑龙江省哈尔滨市道里区中央大街99号249号
谢桂英,013547,15839785691,1,705@hotmail.com,重庆市渝北区金开大道68号299号
林健,396929,15530525039,0,3263@aliyun.com,北京市海淀区中关村大街1号850号
萧涛,038162,13752910286,1,3879@163.com,湖南省长沙市雨花区劳动西路102号103号
何洋,793736,15008508604,0,194@foxmail.com,辽宁省大连市中山区人民路55号867号
郑峰,174267,15560784466,1,605@hotmail.com,广东省深圳市南山区科技园路8号251号
赵刚,590279,13288144639,1,3505@aliyun.com,辽宁省大连市中山区人民路55号934号
何俊,431792,13118176800,1,7364@126.com,上海市静安区南京西路1266号156号
林鹏,463809,13935810169,0,1142@yahoo.com,河南省郑州市二七区大学路80号3号
高霞,323154,18091378454,0,8946@yahoo.com,浙江省杭州市西湖区文二路188号723号
马洋,078938,15792358155,0,1959@qq.com,江西省南昌市青山湖区北京东路456号575号
黄杰,141605,18829519511,0,7809@yahoo.com,黑龙江省哈尔滨市道里区中央大街99号225号
胡霞,486789,15221594148,0,1566@outlook.com,上海市静安区南京西路1266号358号
郑丽,136715,13824190036,0,513@qq.com,上海市静安区南京西路1266号950号
董璐,964185,13015440109,1,398@qq.com,上海市静安区南京西路1266号812号
林军,577147,13524506665,0,6183@aliyun.com,陕西省西安市雁塔区科技路88号10号
黄平,992823,18700481155,1,6618@yahoo.com,吉林省长春市南关区人民大街123号756号
萧洋,399663,15953767131,0,5603@yahoo.com,北京市海淀区中关村大街1号66号
罗军,034704,18008692741,1,3891@foxmail.com,天津市南开区卫津路94号490号
高丽,287749,18402503869,0,1511@yahoo.com,上海市静安区南京西路1266号994号
唐丽,092952,13068000985,1,960@hotmail.com,陕西省西安市未央区某某街道636号
马静,039343,18496524077,0,3689@foxmail.com,重庆市渝北区金开大道68号493号
宋洋,035332,13278308237,0,9033@hotmail.com,安徽省合肥市政务区潜山路111号298号
王芳,711581,18539410187,0,6262@126.com,四川省成都市高新区天府五街200号683号
刘娜,732320,15889946128,0,8246@gmail.com,江苏省南京市建邺区江东中路229号446号
徐华,798068,13904098489,0,9780@gmail.com,上海市静安区南京西路1266号702号
罗伟,651350,13700764653,0,3587@foxmail.com,四川省成都市高新区天府五街200号469号
韩辉,758860,18021328931,0,2741@qq.com,安徽省合肥市政务区潜山路111号347号
胡峰,573432,18959801691,0,4303@163.com,江苏省南京市建邺区江东中路229号593号
陈勇,816012,15513067302,0,3680@qq.com,辽宁省大连市中山区人民路55号89号
高婷,655767,13941854934,1,883@foxmail.com,陕西省西安市未央区某某街道590号
吴鹏,505288,18647735964,1,1438@163.com,重庆市渝北区金开大道68号25号
王辉,844502,13763406086,0,7775@gmail.com,河南省郑州市二七区大学路80号156号
于勇,938566,13252107066,0,2347@126.com,四川省成都市高新区天府五街200号250号
张雪,567080,18879507408,1,7534@126.com,山东省青岛市市南区香港中路11号470号
韩璐,363223,15213199508,1,266@outlook.com,河南省郑州市二七区大学路80号711号
吴军,955252,15506061419,1,4796@126.com,福建省厦门市思明区中山路400号548号
高强,453464,15254958532,0,6578@foxmail.com,广东省深圳市南山区科技园路8号485号
朱洋,666764,15659467624,1,6603@gmail.com,福建省厦门市思明区中山路400号883号
赵军,468560,18753766281,1,9759@foxmail.com,江苏省南京市建邺区江东中路229号896号
谢勇,676270,13783101873,0,258@yahoo.com,四川省成都市高新区天府五街200号451号
宋欣,640380,18830080852,0,4075@qq.com,河南省郑州市二七区大学路80号760号
罗悦,662731,13698405598,1,3399@sina.com,浙江省杭州市西湖区文二路188号134号
黄玲,028737,13800943492,1,7637@126.com,江西省南昌市青山湖区北京东路456号527号
唐静,738743,18260625410,1,5938@foxmail.com,江西省南昌市青山湖区北京东路456号868号
刘丽,013594,15925217315,1,4686@qq.com,福建省厦门市思明区中山路400号673号
谢杰,756740,13320228928,0,5047@aliyun.com,安徽省合肥市政务区潜山路111号526号
林健,078508,13525703070,0,8424@hotmail.com,上海市静安区南京西路1266号15号
吴超,051192,13405920388,0,2519@yahoo.com,湖北省武汉市洪山区珞瑜路726号588号
萧强,748704,13172671951,1,6013@foxmail.com,广东省深圳市南山区科技园路8号433号
郭峰,213264,15910093087,0,74@163.com,黑龙江省哈尔滨市道里区中央大街99号571号
何雪,583788,18740165851,1,4009@foxmail.com,江西省南昌市青山湖区北京东路456号753号
罗桂英,484166,15643560187,1,1190@163.com,陕西省西安市未央区某某街道608号
冯霞,044654,15858885968,1,3588@hotmail.com,福建省厦门市思明区中山路400号682号
谢娟,521358,13541520257,0,921@126.com,四川省成都市高新区天府五街200号436号
董涛,648693,18919844969,1,6862@gmail.com,天津市南开区卫津路94号880号
吴艳,407357,13605324338,1,3920@163.com,天津市南开区卫津路94号873号
韩悦,922284,15515160504,1,6347@sina.com,浙江省杭州市西湖区文二路188号480号
谢鹏,203343,15598533045,1,9741@outlook.com,上海市静安区南京西路1266号64号
张伟,356345,15828661339,1,1577@sina.com,黑龙江省哈尔滨市道里区中央大街99号310号
杨欣,721150,15584443570,1,8518@yahoo.com,广东省深圳市南山区科技园路8号49号
黄辉,829309,15345111103,0,743@gmail.com,湖南省长沙市雨花区劳动西路102号15号
谢欣,308383,18130238475,1,7965@qq.com,山东省青岛市市南区香港中路11号812号
王璐,671077,18021453810,0,3429@sina.com,河南省郑州市二七区大学路80号921号
高敏,047169,13512974626,0,3481@yahoo.com,辽宁省大连市中山区人民路55号901号
杨平,593422,18390419206,0,9295@sina.com,陕西省西安市雁塔区科技路88号442号
张悦,901486,15856962591,1,7969@aliyun.com,辽宁省大连市中山区人民路55号161号
张涛,217930,15306352929,0,636@qq.com,陕西省西安市雁塔区科技路88号55号
董敏,920215,18295852992,0,9019@outlook.com,陕西省西安市雁塔区科技路88号471号
胡悦,220040,15138036869,0,987@aliyun.com,上海市静安区南京西路1266号75号
马芳,466265,13304537272,1,3398@qq.com,安徽省合肥市政务区潜山路111号636号
冯浩,000985,13281138627,1,1925@yahoo.com,山东省青岛市市南区香港中路11号316号
黄辉,225856,18894315789,0,9991@hotmail.com,吉林省长春市南关区人民大街123号11号
周浩,120613,13053520750,1,6904@aliyun.com,江苏省南京市建邺区江东中路229号873号
马鹏,201561,15270978637,0,240@yahoo.com,安徽省合肥市政务区潜山路111号712号
于静,130503,13886071818,1,8249@sina.com,陕西省西安市雁塔区科技路88号127号
唐娜,023461,15653316623,1,184@sina.com,黑龙江省哈尔滨市道里区中央大街99号636号
吴明,795102,15184040755,1,1080@hotmail.com,天津市南开区卫津路94号191号
刘娟,984262,18986139237,0,918@126.com,上海市静安区南京西路1266号979号
徐敏,258895,15897220855,1,7526@yahoo.com,天津市南开区卫津路94号879号
罗芳,345779,18947699567,1,5930@163.com,陕西省西安市未央区某某街道677号
孙霞,054401,18555929264,1,2965@outlook.com,吉林省长春市南关区人民大街123号611号
陈军,298952,15763106194,1,302@outlook.com,江西省南昌市青山湖区北京东路456号890号
郑涛,085589,13681495662,1,6492@qq.com,上海市静安区南京西路1266号390号
宋凯,486804,18958041772,0,4155@sina.com,吉林省长春市南关区人民大街123号666号
于军,490465,15866061005,0,1989@sina.com,重庆市渝北区金开大道68号303号
徐平,927836,13128821054,0,613@qq.com,天津市南开区卫津路94号212号
吴平,155176,13793191079,1,2051@hotmail.com,山东省青岛市市南区香港中路11号20号
高艳,640906,15127633019,0,2588@163.com,湖北省武汉市洪山区珞瑜路726号32号
唐娟,794022,13990912575,1,2232@outlook.com,北京市海淀区中关村大街1号358号
朱磊,957502,18586226255,0,3930@gmail.com,江西省南昌市青山湖区北京东路456号643号
高芳,461280,18918456315,1,4095@163.com,北京市海淀区中关村大街1号235号
宋丽,476009,18728053213,1,5592@outlook.com,黑龙江省哈尔滨市道里区中央大街99号216号
王伟,776196,15333491897,0,1213@qq.com,辽宁省大连市中山区人民路55号417号
王瑶,534008,13965379390,1,5590@qq.com,陕西省西安市雁塔区科技路88号114号
李鹏,249958,15532874257,1,5162@hotmail.com,福建省厦门市思明区中山路400号305号
杨宇,593713,18946959105,0,6785@hotmail.com,河南省郑州市二七区大学路80号782号
梁华,063177,13323114706,1,2243@hotmail.com,广东省深圳市南山区科技园路8号317号
胡浩,381510,13463762084,0,267@gmail.com,吉林省长春市南关区人民大街123号586号
黄悦,704722,18495853751,0,705@qq.com,湖北省武汉市洪山区珞瑜路726号789号
韩婷,337285,15582301418,1,2675@126.com,湖北省武汉市洪山区珞瑜路726号381号
郭宇,758607,18235232207,0,4621@yahoo.com,四川省成都市高新区天府五街200号451号
赵玲,332452,18799609908,0,4567@gmail.com,天津市南开区卫津路94号129号
何丽,213806,18357739683,1,5178@outlook.com,安徽省合肥市政务区潜山路111号170号
李明,350284,15760690959,1,150@sina.com,陕西省西安市雁塔区科技路88号967号
于娜,430033,15110176189,0,9630@163.com,江西省南昌市青山湖区北京东路456号101号
何辉,658422,18402038068,0,325@sina.com,江西省南昌市青山湖区北京东路456号890号
冯霞,186968,18037223863,1,8177@gmail.com,安徽省合肥市政务区潜山路111号728号
萧健,267491,15662665642,1,7173@yahoo.com,福建省厦门市思明区中山路400号479号
何宇,563673,15365373669,0,8419@126.com,陕西省西安市未央区某某街道931号
何璐,727506,13759783579,1,4320@qq.com,湖北省武汉市洪山区珞瑜路726号544号
徐浩,184646,15763312007,0,1956@163.com,四川省成都市高新区天府五街200号312号
董强,652220,13424661112,1,6084@163.com,上海市静安区南京西路1266号507号
马娜,471959,15353795567,0,7279@126.com,吉林省长春市南关区人民大街123号453号
董平,992493,15129933799,1,6163@qq.com,河南省郑州市二七区大学路80号557号
徐秀兰,107940,18103469534,0,5875@hotmail.com,福建省厦门市思明区中山路400号875号
朱辉,461079,18678146804,0,3651@sina.com,山东省青岛市市南区香港中路11号31号
高静,273357,15319173819,1,5904@gmail.com,吉林省长春市南关区人民大街123号840号
胡刚,349984,13435312491,1,8592@sina.com,江西省南昌市青山湖区北京东路456号230号
罗艳,016216,18632114909,1,4874@126.com,湖北省武汉市洪山区珞瑜路726号913号
张磊,537498,15991007003,0,7405@outlook.com,吉林省长春市南关区人民大街123号857号
王磊,578597,15246662095,0,3679@163.com,陕西省西安市未央区某某街道159号
宋敏,600726,15650960022,0,892@gmail.com,四川省成都市高新区天府五街200号181号
梁平,104101,18057351418,0,5162@163.com,福建省厦门市思明区中山路400号514号
朱婷,864207,18510153654,1,1692@sina.com,江苏省南京市建邺区江东中路229号548号
赵桂英,165797,18261952496,1,5398@aliyun.com,湖北省武汉市洪山区珞瑜路726号570号
宋静,041621,13732071965,1,6053@yahoo.com,江西省南昌市青山湖区北京东路456号356号
高雪,669933,13839650832,1,7906@126.com,重庆市渝北区金开大道68号805号
胡宇,829049,13630937195,0,6395@qq.com,黑龙江省哈尔滨市道里区中央大街99号749号
朱欣,535994,15358289360,1,7243@hotmail.com,辽宁省大连市中山区人民路55号723号
马瑶,274021,13695170744,0,8016@sina.com,陕西省西安市雁塔区科技路88号899号
刘刚,423952,18080928789,0,6668@hotmail.com,福建省厦门市思明区中山路400号781号
郭玲,721619,13758737244,0,7688@yahoo.com,吉林省长春市南关区人民大街123号610号
黄宇,954865,18275931162,1,8298@sina.com,广东省深圳市南山区科技园路8号413号
陈霞,097632,18025613696,0,5682@aliyun.com,广东省深圳市南山区科技园路8号966号
陈军,154546,13827182783,0,9507@outlook.com,山东省青岛市市南区香港中路11号623号
刘欣,107366,18969594277,0,1910@yahoo.com,江苏省南京市建邺区江东中路229号977号
冯玲,867332,13735580185,0,6528@gmail.com,山东省青岛市市南区香港中路11号316号
黄悦,172246,15032445363,1,8089@qq.com,黑龙江省哈尔滨市道里区中央大街99号377号
郑磊,303515,13387969789,1,8097@gmail.com,河南省郑州市二七区大学路80号686号
赵秀兰,560197,15539738564,1,6139@aliyun.com,广东省深圳市南山区科技园路8号288号
谢明,872592,15998236675,1,35@163.com,天津市南开区卫津路94号732号
郭健,744605,13309382165,0,3687@aliyun.com,辽宁省大连市中山区人民路55号817号
黄超,841015,13174522722,0,1718@foxmail.com,江西省南昌市青山湖区北京东路456号630号
韩磊,896040,15819866090,0,2204@aliyun.com,北京市海淀区中关村大街1号603号
冯芳,789028,18092145796,0,782@126.com,四川省成都市高新区天府五街200号115号
赵平,998515,13674929542,0,9708@outlook.com,吉林省长春市南关区人民大街123号122号
谢静,124028,13540289612,0,1172@outlook.com,湖北省武汉市洪山区珞瑜路726号825号
马秀兰,142179,18290054366,0,3490@outlook.com,北京市海淀区中关村大街1号677号
周娜,371317,13897122624,0,4744@yahoo.com,浙江省杭州市西湖区文二路188号432号
郑丽,881872,15587328392,1,351@163.com,陕西省西安市未央区某某街道429号
何俊,510314,18813326835,1,1638@hotmail.com,湖北省武汉市洪山区珞瑜路726号612号
谢洋,450306,15697888494,0,3432@163.com,四川省成都市高新区天府五街200号689号
杨强,756910,13113120254,0,7749@163.com,广东省深圳市南山区科技园路8号400号
高超,101068,18927610019,0,9128@sina.com,安徽省合肥市政务区潜山路111号397号
孙磊,366381,13985141291,0,4335@163.com,四川省成都市高新区天府五街200号432号
唐秀兰,493762,13521146942,1,3427@126.com,江苏省南京市建邺区江东中路229号362号
刘文,718948,13659442455,0,6422@gmail.com,河南省郑州市二七区大学路80号932号
梁艳,420649,15129610470,0,4011@gmail.com,辽宁省大连市中山区人民路55号732号
李艳,645599,13729580273,1,4016@qq.com,辽宁省大连市中山区人民路55号175号
朱洋,045421,18590273976,0,9165@126.com,天津市南开区卫津路94号333号
李璐,998246,13223020657,0,2250@gmail.com,重庆市渝北区金开大道68号343号
赵瑶,582142,18324286372,0,2803@yahoo.com,江苏省南京市建邺区江东中路229号582号
谢超,770027,13559141414,1,5570@yahoo.com,天津市南开区卫津路94号881号
罗华,517714,18685654909,0,190@outlook.com,河南省郑州市二七区大学路80号365号
吴婷,591666,13825548098,1,7255@gmail.com,陕西省西安市雁塔区科技路88号176号
梁瑶,502017,15385868428,1,7210@outlook.com,天津市南开区卫津路94号910号
吴杰,813323,15356691555,0,5347@163.com,江西省南昌市青山湖区北京东路456号940号
冯娟,000224,15184765113,1,1801@126.com,黑龙江省哈尔滨市道里区中央大街99号573号
王浩,667907,13038035325,1,9219@aliyun.com,浙江省杭州市西湖区文二路188号876号
梁勇,759471,15739640370,1,5346@outlook.com,陕西省西安市未央区某某街道795号
王雪,437489,13372098126,1,6509@163.com,上海市静安区南京西路1266号385号
吴博,745503,18953407570,0,6832@outlook.com,黑龙江省哈尔滨市道里区中央大街99号826号
谢敏,286471,18404472145,1,6059@hotmail.com,山东省青岛市市南区香港中路11号467号
刘芳,142233,18318558099,1,5170@foxmail.com,上海市静安区南京西路1266号710号
宋明,796868,13440095082,0,9792@yahoo.com,福建省厦门市思明区中山路400号877号
赵俊,194250,15739685393,1,7076@outlook.com,四川省成都市高新区天府五街200号185号
黄欣,062319,18237296055,0,6550@foxmail.com,河南省郑州市二七区大学路80号553号
黄磊,171149,18769969541,0,8351@126.com,上海市静安区南京西路1266号711号
罗芳,938753,15190941653,1,2337@aliyun.com,陕西省西安市雁塔区科技路88号647号
唐涛,530700,18524976488,1,6156@sina.com,江苏省南京市建邺区江东中路229号755号
周勇,642847,15374438175,1,851@aliyun.com,吉林省长春市南关区人民大街123号65号
陈俊,631135,18133079395,1,9173@foxmail.com,陕西省西安市雁塔区科技路88号709号
谢敏,118850,15192855628,0,6475@foxmail.com,陕西省西安市雁塔区科技路88号101号
于明,590996,15398773012,0,1440@yahoo.com,重庆市渝北区金开大道68号548号
宋瑶,170628,18862868413,0,9070@163.com,辽宁省大连市中山区人民路55号491号
冯文,901908,13786098770,1,6865@yahoo.com,山东省青岛市市南区香港中路11号223号
李悦,057052,18974386676,0,6802@aliyun.com,北京市海淀区中关村大街1号461号
萧宇,676951,18677605969,1,6194@aliyun.com,浙江省杭州市西湖区文二路188号969号
徐健,760260,15524931435,0,1632@qq.com,浙江省杭州市西湖区文二路188号842号
郭瑶,525482,13714030342,1,3630@outlook.com,浙江省杭州市西湖区文二路188号889号
高悦,399457,15346995004,1,5240@sina.com,浙江省杭州市西湖区文二路188号269号
徐浩,211746,18992527025,0,8537@gmail.com,陕西省西安市未央区某某街道241号
罗娟,313488,13537355737,1,8277@qq.com,江西省南昌市青山湖区北京东路456号399号
胡博,866758,13343635960,0,4698@yahoo.com,山东省青岛市市南区香港中路11号594号
王璐,286532,13075754534,0,3623@foxmail.com,陕西省西安市未央区某某街道562号
于欣,190937,13539666788,1,8298@sina.com,湖南省长沙市雨花区劳动西路102号335号
冯华,635669,15760451086,1,6920@hotmail.com,浙江省杭州市西湖区文二路188号363号
徐健,235899,18253787270,0,195@qq.com,广东省深圳市南山区科技园路8号116号
唐平,413980,13841178640,1,3550@aliyun.com,安徽省合肥市政务区潜山路111号132号
黄雪,043408,13722030527,1,852@aliyun.com,湖南省长沙市雨花区劳动西路102号655号
吴秀兰,839953,15880541150,1,2938@qq.com,重庆市渝北区金开大道68号544号
郭桂英,694451,15069897279,1,8898@163.com,河南省郑州市二七区大学路80号186号
冯勇,281217,18924660900,1,584@163.com,广东省深圳市南山区科技园路8号803号
梁明,186885,18194335105,1,2967@gmail.com,河南省郑州市二七区大学路80号233号
于鹏,864130,13159100611,1,4097@yahoo.com,陕西省西安市未央区某某街道610号
王超,585340,13801618911,0,4818@aliyun.com,山东省青岛市市南区香港中路11号192号
宋瑶,254546,13930459040,0,3703@aliyun.com,重庆市渝北区金开大道68号895号
郑俊,704439,13976179403,0,4945@sina.com,安徽省合肥市政务区潜山路111号81号
宋峰,090745,15869090449,1,7244@sina.com,福建省厦门市思明区中山路400号362号
林涛,803184,18614979639,1,9278@163.com,广东省深圳市南山区科技园路8号645号
胡艳,046680,15226471435,1,8927@qq.com,福建省厦门市思明区中山路400号587号
李杰,231718,15213798675,1,6166@gmail.com,福建省厦门市思明区中山路400号985号
郑涛,356749,13165296196,0,7732@hotmail.com,河南省郑州市二七区大学路80号889号
于博,867778,15667760973,0,6454@gmail.com,福建省厦门市思明区中山路400号719号
高超,736133,13332236758,1,541@foxmail.com,北京市海淀区中关村大街1号914号
梁超,533159,15675892439,1,8026@sina.com,浙江省杭州市西湖区文二路188号508号
林雪,855723,15314236199,1,1901@sina.com,陕西省西安市雁塔区科技路88号564号
萧霞,600481,18120176545,1,2253@qq.com,上海市静安区南京西路1266号673号
张娟,204949,13090013570,0,5127@163.com,天津市南开区卫津路94号462号
董婷,015138,18408481913,0,4621@foxmail.com,河南省郑州市二七区大学路80号84号
吴秀兰,710922,13136398679,0,4474@sina.com,重庆市渝北区金开大道68号880号
郭健,818507,15282751160,1,5681@qq.com,河南省郑州市二七区大学路80号642号
杨磊,688341,18569446558,0,9486@gmail.com,陕西省西安市未央区某某街道156号
郭敏,414059,13478443632,0,9283@foxmail.com,辽宁省大连市中山区人民路55号258号
徐军,459836,18725424800,0,8608@126.com,浙江省杭州市西湖区文二路188号846号
萧宇,664241,15381743112,0,3415@qq.com,河南省郑州市二七区大学路80号611号
马华,625986,15078527793,1,655@qq.com,天津市南开区卫津路94号390号
朱霞,376955,15849755136,0,3055@gmail.com,山东省青岛市市南区香港中路11号423号
赵明,060191,13594299616,1,1778@sina.com,陕西省西安市雁塔区科技路88号778号
张杰,019522,15176242634,0,5538@qq.com,重庆市渝北区金开大道68号593号
何刚,527561,18410782252,1,5752@qq.com,黑龙江省哈尔滨市道里区中央大街99号889号
赵敏,848202,18092729801,1,5530@sina.com,重庆市渝北区金开大道68号305号
刘静,881842,18419040232,0,6330@163.com,辽宁省大连市中山区人民路55号219号
于磊,212438,18134146275,0,5998@sina.com,山东省青岛市市南区香港中路11号207号
萧玲,250477,18349194368,1,5895@yahoo.com,黑龙江省哈尔滨市道里区中央大街99号64号
林超,382026,18905086075,0,596@qq.com,河南省郑州市二七区大学路80号587号
朱辉,809348,15987027111,1,5864@126.com,湖北省武汉市洪山区珞瑜路726号194号
黄雪,885368,18769650081,1,9774@qq.com,重庆市渝北区金开大道68号706号
黄洋,553734,15009356302,1,8222@aliyun.com,河南省郑州市二七区大学路80号850号
胡霞,931970,15660812700,1,5654@qq.com,陕西省西安市雁塔区科技路88号153号
何璐,917896,15922407700,1,9844@163.com,安徽省合肥市政务区潜山路111号571号
罗芳,800592,18119575887,0,7231@163.com,广东省深圳市南山区科技园路8号584号
宋伟,759845,15900225095,0,8497@foxmail.com,浙江省杭州市西湖区文二路188号897号
陈文,788100,18719053012,1,2099@126.com,福建省厦门市思明区中山路400号452号
郑浩,423364,13744958735,1,6895@outlook.com,天津市南开区卫津路94号64号
朱涛,761451,15618622727,1,6407@hotmail.com,浙江省杭州市西湖区文二路188号130号
萧博,801621,15232011307,0,4288@hotmail.com,吉林省长春市南关区人民大街123号694号
胡强,089485,18269690503,0,7242@yahoo.com,河南省郑州市二七区大学路80号351号
朱浩,308071,18337466201,1,7702@gmail.com,北京市海淀区中关村大街1号376号
孙秀兰,721768,13942180303,1,8655@hotmail.com,重庆市渝北区金开大道68号830号
冯磊,658557,18673603648,1,4178@hotmail.com,江西省南昌市青山湖区北京东路456号513号
黄璐,318647,13241797897,1,1545@gmail.com,重庆市渝北区金开大道68号83号
何芳,620282,15553858380,0,4055@sina.com,江西省南昌市青山湖区北京东路456号499号
吴雪,864449,13781754514,0,4809@163.com,福建省厦门市思明区中山路400号63号
徐健,187489,13176569196,0,1270@aliyun.com,上海市静安区南京西路1266号583号
唐秀兰,945117,18310629962,0,8337@hotmail.com,山东省青岛市市南区香港中路11号724号
董刚,700270,18976858945,0,3565@126.com,四川省成都市高新区天府五街200号825号
谢雪,307635,18057032401,1,2687@aliyun.com,北京市海淀区中关村大街1号281号
冯丽,601287,13128732330,1,4270@yahoo.com,黑龙江省哈尔滨市道里区中央大街99号224号
李健,608908,13467169246,1,1408@163.com,上海市静安区南京西路1266号214号
陈俊,142292,18803719852,1,1975@qq.com,江西省南昌市青山湖区北京东路456号661号
董博,207755,18692922168,0,714@qq.com,四川省成都市高新区天府五街200号892号
何霞,011574,13816679542,0,7526@outlook.com,河南省郑州市二七区大学路80号754号
董博,952609,15908324251,0,9360@yahoo.com,上海市静安区南京西路1266号356号
于文,515051,15277885372,1,4006@sina.com,重庆市渝北区金开大道68号392号
陈强,113422,18411308291,0,2170@126.com,江苏省南京市建邺区江东中路229号960号
杨涛,516505,15318560061,0,1310@outlook.com,四川省成都市高新区天府五街200号18号
于宇,332484,13172417814,1,9435@foxmail.com,江苏省南京市建邺区江东中路229号930号
郑峰,769682,18386601297,0,8788@163.com,天津市南开区卫津路94号950号
冯勇,774211,18436286404,1,647@163.com,浙江省杭州市西湖区文二路188号963号
罗欣,903874,13252217680,1,5625@163.com,上海市静安区南京西路1266号579号
萧磊,328319,18670592845,0,4169@qq.com,陕西省西安市未央区某某街道176号
吴凯,138335,15741833197,1,9425@gmail.com,湖南省长沙市雨花区劳动西路102号867号
于明,262240,15013611050,1,980@gmail.com,江苏省南京市建邺区江东中路229号789号
何刚,134667,13818843120,0,5629@foxmail.com,浙江省杭州市西湖区文二路188号809号
刘博,397052,18580860040,1,630@163.com,安徽省合肥市政务区潜山路111号214号
王芳,643912,18073588608,0,4151@gmail.com,天津市南开区卫津路94号308号
林明,481744,15112566045,1,5595@aliyun.com,上海市静安区南京西路1266号314号
罗静,416279,18897871384,1,9785@yahoo.com,广东省深圳市南山区科技园路8号523号
吴欣,886298,13335592058,0,2307@sina.com,河南省郑州市二七区大学路80号336号
周鹏,537405,13430732344,0,6255@foxmail.com,重庆市渝北区金开大道68号209号
胡文,460381,13011844701,0,1338@yahoo.com,安徽省合肥市政务区潜山路111号222号
李鹏,338551,13662814676,0,1446@qq.com,陕西省西安市雁塔区科技路88号378号
何秀兰,989034,13628698234,1,9097@gmail.com,河南省郑州市二七区大学路80号74号
林芳,412631,15065191886,1,2347@hotmail.com,山东省青岛市市南区香港中路11号787号
李峰,561214,18670143698,1,8650@126.com,福建省厦门市思明区中山路400号6号
韩伟,424999,15814964919,0,2517@sina.com,重庆市渝北区金开大道68号420号
赵丽,268619,13538939093,1,2853@sina.com,福建省厦门市思明区中山路400号290号
张俊,525802,18167280399,1,7811@hotmail.com,重庆市渝北区金开大道68号643号
孙俊,311359,18860552240,0,4246@yahoo.com,黑龙江省哈尔滨市道里区中央大街99号302号
韩涛,456247,13871609193,1,6487@outlook.com,辽宁省大连市中山区人民路55号820号
刘华,266015,18717985196,0,6819@yahoo.com,浙江省杭州市西湖区文二路188号311号
宋宇,394168,13638751623,1,7612@qq.com,吉林省长春市南关区人民大街123号461号
孙峰,079624,15271350120,0,5631@163.com,北京市海淀区中关村大街1号101号
黄宇,418759,18212239402,1,1803@qq.com,江苏省南京市建邺区江东中路229号237号
梁刚,752297,13986331779,1,8106@outlook.com,湖南省长沙市雨花区劳动西路102号774号
刘桂英,043646,18531380367,0,2627@163.com,陕西省西安市未央区某某街道654号
董瑶,237580,18902958547,1,7690@163.com,四川省成都市高新区天府五街200号482号
黄凯,659818,13881514266,0,1825@gmail.com,黑龙江省哈尔滨市道里区中央大街99号392号
黄浩,213957,15129477455,0,4641@qq.com,江苏省南京市建邺区江东中路229号979号
王涛,401264,18212794080,0,7097@aliyun.com,北京市海淀区中关村大街1号309号
刘婷,056656,15535923251,1,2899@gmail.com,浙江省杭州市西湖区文二路188号491号
马娜,890732,18700688310,0,5068@hotmail.com,辽宁省大连市中山区人民路55号781号
朱瑶,765763,13131756610,1,5275@gmail.com,黑龙江省哈尔滨市道里区中央大街99号439号
宋峰,814978,13175932976,0,152@foxmail.com,四川省成都市高新区天府五街200号216号
林峰,912277,15640625458,0,9394@gmail.com,四川省成都市高新区天府五街200号883号
徐璐,374383,18266817637,0,2581@foxmail.com,湖南省长沙市雨花区劳动西路102号506号
高雪,235360,15099258018,0,2758@aliyun.com,吉林省长春市南关区人民大街123号497号
张刚,759388,15920275099,0,1938@aliyun.com,河南省郑州市二七区大学路80号767号
高凯,403299,13283624551,0,6983@gmail.com,上海市静安区南京西路1266号549号
胡明,348400,13510383971,1,8812@aliyun.com,重庆市渝北区金开大道68号338号
黄婷,795490,13201857535,1,3307@yahoo.com,吉林省长春市南关区人民大街123号554号
李伟,167792,13788433881,1,4985@gmail.com,天津市南开区卫津路94号749号
李桂英,066867,15612637722,1,9268@163.com,重庆市渝北区金开大道68号601号
黄凯,212007,13735842901,1,1496@yahoo.com,北京市海淀区中关村大街1号810号
董悦,736399,15725334643,1,7377@gmail.com,湖南省长沙市雨花区劳动西路102号40号
董勇,074663,15069401450,0,5562@qq.com,广东省深圳市南山区科技园路8号793号
刘军,874872,18847592192,1,9814@126.com,湖北省武汉市洪山区珞瑜路726号571号
郑超,910413,13265048863,0,9870@qq.com,安徽省合肥市政务区潜山路111号135号
朱刚,632586,18935085320,1,9907@aliyun.com,辽宁省大连市中山区人民路55号246号
吴峰,982517,18204952554,0,5076@sina.com,湖南省长沙市雨花区劳动西路102号847号
马瑶,544906,13859395175,1,7841@outlook.com,福建省厦门市思明区中山路400号366号
王霞,031607,18159532208,1,1039@sina.com,湖北省武汉市洪山区珞瑜路726号728号
何博,870986,15868201006,0,4731@hotmail.com,辽宁省大连市中山区人民路55号409号
梁敏,419726,18154809635,0,6182@hotmail.com,上海市静安区南京西路1266号819号
冯悦,005487,15739181735,1,390@gmail.com,湖北省武汉市洪山区珞瑜路726号688号
陈超,937312,15653809344,0,1563@126.com,天津市南开区卫津路94号225号
张伟,257975,13965106039,1,7515@126.com,重庆市渝北区金开大道68号847号
杨明,049458,13792455102,1,7989@qq.com,安徽省合肥市政务区潜山路111号547号
郭勇,488775,15184513737,0,5618@hotmail.com,四川省成都市高新区天府五街200号423号
王刚,171332,15762122742,0,3859@hotmail.com,广东省深圳市南山区科技园路8号111号
王静,219811,13649525074,0,600@aliyun.com,安徽省合肥市政务区潜山路111号793号
韩璐,163426,15764599382,0,8811@outlook.com,湖南省长沙市雨花区劳动西路102号151号
杨洋,301395,18212322762,1,229@outlook.com,河南省郑州市二七区大学路80号32号
吴静,629735,15653094209,0,1404@outlook.com,福建省厦门市思明区中山路400号897号
王浩,950369,18349724866,1,5555@foxmail.com,福建省厦门市思明区中山路400号278号
孙文,618549,15879554502,0,6252@sina.com,湖北省武汉市洪山区珞瑜路726号226号
徐辉,290531,15183400179,0,797@126.com,安徽省合肥市政务区潜山路111号4号
宋芳,357620,15808795327,0,1390@qq.com,陕西省西安市雁塔区科技路88号673号
韩超,004358,18704002141,1,1204@qq.com,广东省深圳市南山区科技园路8号244号
李宇,517573,18412032251,1,979@hotmail.com,天津市南开区卫津路94号98号
萧华,477722,13707602376,1,2334@163.com,广东省深圳市南山区科技园路8号505号
王艳,572610,13345832372,0,6539@qq.com,广东省深圳市南山区科技园路8号993号
何洋,096506,13427178655,1,1315@foxmail.com,吉林省长春市南关区人民大街123号68号
孙浩,162948,15967023964,1,2795@gmail.com,陕西省西安市雁塔区科技路88号132号
王平,685663,13578605512,0,3823@qq.com,安徽省合肥市政务区潜山路111号822号
韩鹏,370355,18254861638,0,1212@aliyun.com,重庆市渝北区金开大道68号143号
董悦,210042,13630270771,0,1589@qq.com,浙江省杭州市西湖区文二路188号311号
萧宇,590828,18360599206,1,6808@foxmail.com,天津市南开区卫津路94号940号
郭秀兰,729378,15971908983,0,5139@qq.com,江西省南昌市青山湖区北京东路456号35号
胡涛,264629,18410732077,1,9398@hotmail.com,福建省厦门市思明区中山路400号445号
何伟,975597,15152048759,1,7889@outlook.com,吉林省长春市南关区人民大街123号130号
刘欣,575251,18852704482,0,5428@sina.com,安徽省合肥市政务区潜山路111号504号
马强,617223,18967836445,1,5458@sina.com,上海市静安区南京西路1266号499号
罗俊,313643,18477444819,1,442@hotmail.com,浙江省杭州市西湖区文二路188号456号
董强,190623,13001840331,1,6493@126.com,吉林省长春市南关区人民大街123号328号
吴强,921819,13117712325,1,4983@163.com,江苏省南京市建邺区江东中路229号603号
胡洋,397171,15342291773,1,6770@yahoo.com,安徽省合肥市政务区潜山路111号759号
孙辉,996837,13826955748,1,3611@gmail.com,江西省南昌市青山湖区北京东路456号36号
冯军,322910,18978956094,1,8153@outlook.com,安徽省合肥市政务区潜山路111号612号
林洋,164744,15013534014,0,1039@qq.com,天津市南开区卫津路94号572号
萧超,566129,15566832330,1,2134@outlook.com,福建省厦门市思明区中山路400号988号
徐伟,222474,13616144417,0,5786@hotmail.com,湖北省武汉市洪山区珞瑜路726号893号
林磊,770608,18472832811,0,2342@outlook.com,江西省南昌市青山湖区北京东路456号845号
高军,281196,15017213923,1,4926@163.com,天津市南开区卫津路94号416号
韩玲,557697,18277535775,0,738@hotmail.com,浙江省杭州市西湖区文二路188号427号
马伟,922390,15608282911,1,4188@aliyun.com,山东省青岛市市南区香港中路11号15号
胡超,064174,18995922058,0,5123@sina.com,重庆市渝北区金开大道68号353号
王超,192573,15053982288,0,5746@126.com,福建省厦门市思明区中山路400号194号
周华,893693,18081592378,0,8393@hotmail.com,福建省厦门市思明区中山路400号888号
何强,995327,18923792382,0,3132@aliyun.com,湖北省武汉市洪山区珞瑜路726号559号
谢超,730752,15818524058,0,3669@qq.com,天津市南开区卫津路94号673号
周婷,539592,13342882172,0,7966@163.com,吉林省长春市南关区人民大街123号252号
张洋,390184,18528212728,0,68@outlook.com,广东省深圳市南山区科技园路8号463号
宋超,698355,15973929976,1,5452@126.com,四川省成都市高新区天府五街200号963号
刘健,593846,15983137692,0,9458@hotmail.com,黑龙江省哈尔滨市道里区中央大街99号102号
张丽,630782,18450084968,1,2902@163.com,浙江省杭州市西湖区文二路188号167号
刘浩,739348,18600237495,1,1681@126.com,湖南省长沙市雨花区劳动西路102号431号
董洋,345340,15500557049,1,5525@126.com,江苏省南京市建邺区江东中路229号837号
冯文,545919,15359669183,0,2297@aliyun.com,陕西省西安市雁塔区科技路88号527号
马霞,303019,15745972682,0,7258@aliyun.com,北京市海淀区中关村大街1号163号
郭玲,662064,15520556588,0,3333@yahoo.com,陕西省西安市未央区某某街道963号
黄俊,707461,13672966354,1,2527@sina.com,辽宁省大连市中山区人民路55号125号
谢勇,482184,13946178835,0,6817@aliyun.com,重庆市渝北区金开大道68号215号
何欣,816774,15825494655,0,7144@aliyun.com,河南省郑州市二七区大学路80号946号
郑强,566443,18122322331,0,3213@yahoo.com,吉林省长春市南关区人民大街123号684号
杨峰,263798,18854382186,0,4540@126.com,黑龙江省哈尔滨市道里区中央大街99号777号
杨凯,816052,15802181349,0,2731@foxmail.com,陕西省西安市雁塔区科技路88号260号
张峰,052899,18029875905,1,3989@163.com,江苏省南京市建邺区江东中路229号47号
陈平,601160,18282145440,0,2568@sina.com,北京市海淀区中关村大街1号913号
周桂英,922106,15094214120,0,798@126.com,四川省成都市高新区天府五街200号40号
杨璐,729587,18483979956,1,5621@aliyun.com,辽宁省大连市中山区人民路55号367号
徐桂英,376774,13145797930,1,1253@outlook.com,山东省青岛市市南区香港中路11号129号
马明,374463,18947168943,1,3706@outlook.com,江苏省南京市建邺区江东中路229号346号
陈峰,282592,18646746549,1,1736@yahoo.com,吉林省长春市南关区人民大街123号23号
高丽,511361,13993552628,1,5438@aliyun.com,黑龙江省哈尔滨市道里区中央大街99号151号
马璐,552081,18728062027,1,3686@yahoo.com,吉林省长春市南关区人民大街123号872号
胡勇,061580,15399677379,1,9565@outlook.com,黑龙江省哈尔滨市道里区中央大街99号338号
张鹏,961375,18718000274,1,7632@sina.com,上海市静安区南京西路1266号129号
何平,411069,18130700682,0,6512@gmail.com,江苏省南京市建邺区江东中路229号360号
谢瑶,544221,15891422474,1,4973@qq.com,安徽省合肥市政务区潜山路111号406号
梁军,590872,15759421426,0,3322@163.com,江苏省南京市建邺区江东中路229号804号
赵辉,648435,15901679824,0,1331@126.com,四川省成都市高新区天府五街200号888号
郭玲,754468,15639503122,1,1726@qq.com,湖北省武汉市洪山区珞瑜路726号923号
马芳,720934,15287279322,1,5415@qq.com,河南省郑州市二七区大学路80号180号
宋健,817409,15968989534,1,526@gmail.com,陕西省西安市未央区某某街道327号
刘鹏,382501,18105868121,1,4850@yahoo.com,吉林省长春市南关区人民大街123号261号
董峰,850152,15672523153,0,4042@sina.com,湖北省武汉市洪山区珞瑜路726号571号
罗悦,899936,18204440369,1,9377@sina.com,河南省郑州市二七区大学路80号366号
胡艳,346312,18608001474,1,28@foxmail.com,重庆市渝北区金开大道68号345号
周明,561449,18969304695,0,5833@aliyun.com,天津市南开区卫津路94号286号
马刚,827441,15806188948,1,5906@gmail.com,山东省青岛市市南区香港中路11号241号
郑瑶,018151,15944258612,1,5202@yahoo.com,陕西省西安市未央区某某街道883号
谢芳,404950,18177153061,1,6238@hotmail.com,天津市南开区卫津路94号834号
于静,932064,15741476638,0,3967@gmail.com,吉林省长春市南关区人民大街123号388号
刘雪,561904,18103933697,1,359@hotmail.com,江西省南昌市青山湖区北京东路456号822号
董辉,837268,13122319064,0,8532@outlook.com,浙江省杭州市西湖区文二路188号75号
罗伟,080426,18387763957,1,5816@aliyun.com,安徽省合肥市政务区潜山路111号892号
韩俊,612668,18998204715,0,4361@hotmail.com,重庆市渝北区金开大道68号471号
马平,317211,18509227749,1,1531@qq.com,重庆市渝北区金开大道68号995号
梁敏,014442,15276416631,1,5442@sina.com,江西省南昌市青山湖区北京东路456号762号
于辉,829474,15353865219,1,7771@163.com,陕西省西安市雁塔区科技路88号618号
萧刚,605379,13980189811,0,7096@163.com,陕西省西安市雁塔区科技路88号75号
萧丽,360969,15716079720,1,3286@126.com,陕西省西安市未央区某某街道837号
郭超,213678,18884970783,0,8940@163.com,陕西省西安市未央区某某街道609号
梁俊,561061,18447006439,1,9521@aliyun.com,安徽省合肥市政务区潜山路111号134号
郭华,521707,18130926930,0,4418@gmail.com,湖北省武汉市洪山区珞瑜路726号552号
于秀兰,929514,18789606280,1,7172@aliyun.com,陕西省西安市未央区某某街道547号
罗明,124502,13145472736,0,1512@aliyun.com,湖北省武汉市洪山区珞瑜路726号612号
周雪,934954,18426703205,0,651@outlook.com,天津市南开区卫津路94号830号
唐雪,358820,18366269481,0,7357@gmail.com,安徽省合肥市政务区潜山路111号858号
郭文,324579,13952210816,1,9805@sina.com,上海市静安区南京西路1266号803号
朱鹏,340570,15170382315,0,2226@126.com,四川省成都市高新区天府五街200号182号
张悦,473576,15717612846,0,8499@yahoo.com,黑龙江省哈尔滨市道里区中央大街99号556号
于桂英,053749,15720394786,0,1590@hotmail.com,福建省厦门市思明区中山路400号661号
郭浩,874244,18089288968,0,6497@sina.com,黑龙江省哈尔滨市道里区中央大街99号14号
于娟,333926,13937993399,0,7410@qq.com,天津市南开区卫津路94号862号
黄杰,404954,13831079541,0,2224@qq.com,河南省郑州市二七区大学路80号333号
赵辉,631422,13482404361,0,6129@yahoo.com,陕西省西安市雁塔区科技路88号173号
刘芳,407527,18783106348,1,8975@hotmail.com,重庆市渝北区金开大道68号797号
徐杰,544752,18365726605,1,5389@aliyun.com,黑龙江省哈尔滨市道里区中央大街99号745号
梁峰,866477,18726401222,0,533@163.com,福建省厦门市思明区中山路400号499号
高博,928220,18163392929,1,4298@qq.com,北京市海淀区中关村大街1号490号
于霞,815910,18709922949,1,7314@hotmail.com,山东省青岛市市南区香港中路11号319号
郭静,605478,18500378131,0,6325@163.com,陕西省西安市未央区某某街道85号
韩辉,231816,13069817383,0,5669@gmail.com,安徽省合肥市政务区潜山路111号238号
韩辉,369705,18124453577,1,4249@aliyun.com,四川省成都市高新区天府五街200号623号
韩明,314040,13425638673,0,6776@qq.com,陕西省西安市雁塔区科技路88号968号
高涛,894016,13074400064,0,8827@126.com,湖南省长沙市雨花区劳动西路102号864号
郭悦,186167,13358231853,1,4102@163.com,陕西省西安市雁塔区科技路88号841号
郭宇,451362,18749471012,1,8388@sina.com,河南省郑州市二七区大学路80号319号
韩玲,491433,15597271324,1,4303@qq.com,黑龙江省哈尔滨市道里区中央大街99号718号
黄艳,483444,18116974543,0,1204@126.com,天津市南开区卫津路94号611号
萧磊,295222,15185046489,1,9935@sina.com,江苏省南京市建邺区江东中路229号47号
朱华,357348,18166017554,0,173@126.com,重庆市渝北区金开大道68号879号
陈勇,616436,13872020948,1,1326@163.com,湖南省长沙市雨花区劳动西路102号581号
黄博,043975,13294446319,1,6792@yahoo.com,天津市南开区卫津路94号276号
吴辉,665878,18982338838,0,625@126.com,黑龙江省哈尔滨市道里区中央大街99号323号
董霞,413391,13511852686,0,9323@qq.com,江苏省南京市建邺区江东中路229号805号
韩瑶,956863,15940191857,0,7020@gmail.com,福建省厦门市思明区中山路400号153号
罗杰,284031,15744158535,0,5366@qq.com,陕西省西安市未央区某某街道20号
罗磊,939662,13161190309,0,9567@foxmail.com,湖南省长沙市雨花区劳动西路102号141号
吴华,468555,15773821724,0,7142@163.com,福建省厦门市思明区中山路400号707号
林强,530290,13641060950,1,7615@163.com,上海市静安区南京西路1266号107号
王明,747062,15671403455,1,4068@163.com,湖南省长沙市雨花区劳动西路102号588号
赵瑶,463712,18877579980,1,8202@126.com,山东省青岛市市南区香港中路11号832号
李涛,630696,18652068087,0,7258@foxmail.com,上海市静安区南京西路1266号279号
周璐,327413,15373980323,0,9172@aliyun.com,黑龙江省哈尔滨市道里区中央大街99号822号
张娟,795467,18351137875,0,7651@sina.com,天津市南开区卫津路94号905号
唐秀兰,493029,15353036414,1,924@gmail.com,上海市静安区南京西路1266号676号
张秀兰,701664,13493699736,0,8110@hotmail.com,四川省成都市高新区天府五街200号570号
唐悦,640772,13659756141,1,8375@foxmail.com,陕西省西安市未央区某某街道314号
李俊,165874,13746153478,0,6913@foxmail.com,重庆市渝北区金开大道68号326号
萧俊,316919,15775289369,0,6592@163.com,湖北省武汉市洪山区珞瑜路726号333号
杨浩,150777,13062906587,1,9901@sina.com,吉林省长春市南关区人民大街123号358号
徐丽,306864,18746163945,0,9279@hotmail.com,北京市海淀区中关村大街1号928号
萧芳,243690,18644465995,0,8903@sina.com,安徽省合肥市政务区潜山路111号256号
徐超,878266,18192083914,1,331@foxmail.com,湖北省武汉市洪山区珞瑜路726号873号
高欣,423174,15612456489,1,4514@qq.com,湖南省长沙市雨花区劳动西路102号507号
萧宇,965045,15354890453,0,1560@gmail.com,辽宁省大连市中山区人民路55号807号
董丽,137614,13155981359,1,9041@gmail.com,吉林省长春市南关区人民大街123号447号
韩勇,437319,18236780434,0,8667@outlook.com,山东省青岛市市南区香港中路11号832号
宋涛,623692,15043816719,1,6722@sina.com,陕西省西安市雁塔区科技路88号408号
吴娟,284402,18459767722,0,6333@163.com,天津市南开区卫津路94号557号
郭璐,771332,13489260414,1,5069@126.com,江西省南昌市青山湖区北京东路456号842号
朱凯,287734,15854023656,1,6937@foxmail.com,上海市静安区南京西路1266号210号
冯瑶,711233,15639638401,0,6946@hotmail.com,重庆市渝北区金开大道68号844号
韩静,879625,13852502197,0,3697@sina.com,江苏省南京市建邺区江东中路229号636号
李娜,871826,18410111319,1,8476@qq.com,广东省深圳市南山区科技园路8号878号
郭丽,627015,13499798216,1,3372@gmail.com,湖南省长沙市雨花区劳动西路102号575号
梁华,319215,15915781963,1,2409@outlook.com,上海市静安区南京西路1266号160号
高刚,192212,18340470195,0,2986@163.com,河南省郑州市二七区大学路80号852号
马霞,694928,15603135374,0,6373@yahoo.com,北京市海淀区中关村大街1号851号
马浩,159084,15652397745,0,4525@sina.com,安徽省合肥市政务区潜山路111号26号
唐华,998839,18638611706,0,3295@sina.com,安徽省合肥市政务区潜山路111号881号
吴华,286529,13728560042,1,5370@126.com,辽宁省大连市中山区人民路55号721号
林浩,942455,18437565758,0,760@sina.com,四川省成都市高新区天府五街200号456号
赵鹏,290613,13320080980,1,7490@qq.com,湖北省武汉市洪山区珞瑜路726号302号
韩健,910769,13225255816,1,6723@yahoo.com,陕西省西安市雁塔区科技路88号420号
周杰,247563,15970920778,1,3578@163.com,吉林省长春市南关区人民大街123号304号
朱静,038104,18494348479,1,9614@outlook.com,黑龙江省哈尔滨市道里区中央大街99号223号
冯华,979864,15340431682,1,2408@aliyun.com,陕西省西安市雁塔区科技路88号24号
冯璐,759281,18150654207,1,4491@126.com,天津市南开区卫津路94号244号
徐杰,500757,15092764216,1,3524@126.com,四川省成都市高新区天府五街200号684号
杨健,151976,18344321539,1,4623@126.com,福建省厦门市思明区中山路400号76号
宋刚,013659,15281705102,0,3793@gmail.com,湖南省长沙市雨花区劳动西路102号528号
胡瑶,245669,18076793580,1,8614@163.com,浙江省杭州市西湖区文二路188号752号
宋欣,625253,18527108555,1,3820@outlook.com,上海市静安区南京西路1266号503号
谢洋,190456,15202731619,0,4124@163.com,江西省南昌市青山湖区北京东路456号433号
董霞,678497,18768822238,1,8326@sina.com,重庆市渝北区金开大道68号441号
董婷,861594,15146726358,0,3085@gmail.com,辽宁省大连市中山区人民路55号228号
孙婷,922425,18723159559,0,6299@163.com,陕西省西安市未央区某某街道980号
马静,827459,15693313747,1,8236@outlook.com,福建省厦门市思明区中山路400号228号
胡健,537870,13936912789,1,4938@sina.com,重庆市渝北区金开大道68号637号
梁静,628317,13885889242,1,1431@hotmail.com,安徽省合肥市政务区潜山路111号387号
罗霞,608970,13711446033,1,7848@yahoo.com,湖南省长沙市雨花区劳动西路102号261号
何刚,744543,15509534778,0,3@qq.com,辽宁省大连市中山区人民路55号253号
王杰,354264,18304546112,1,8924@163.com,辽宁省大连市中山区人民路55号863号
郭军,954558,18056406617,0,5562@outlook.com,山东省青岛市市南区香港中路11号813号
罗欣,329051,15722619781,1,7781@gmail.com,天津市南开区卫津路94号814号
赵丽,984341,13774561184,1,9181@126.com,吉林省长春市南关区人民大街123号622号
何婷,154347,18063875666,0,6072@outlook.com,湖南省长沙市雨花区劳动西路102号837号
林平,626160,15226329303,0,238@yahoo.com,湖北省武汉市洪山区珞瑜路726号462号
高平,911741,15309960461,0,9139@qq.com,陕西省西安市未央区某某街道246号
刘勇,616780,18460345341,1,7577@sina.com,上海市静安区南京西路1266号373号
董健,283704,18459662313,0,5754@hotmail.com,福建省厦门市思明区中山路400号104号
唐博,271884,13449506269,1,908@qq.com,上海市静安区南京西路1266号793号
张婷,946977,18124205566,1,5089@yahoo.com,安徽省合肥市政务区潜山路111号722号
萧霞,953952,13451126860,1,2481@aliyun.com,江西省南昌市青山湖区北京东路456号943号
马强,905946,15001366047,0,3854@foxmail.com,黑龙江省哈尔滨市道里区中央大街99号721号
张璐,249716,18864639022,1,5797@foxmail.com,江西省南昌市青山湖区北京东路456号629号
韩勇,185306,13824561796,1,3719@foxmail.com,山东省青岛市市南区香港中路11号143号
朱浩,160850,18726789211,0,1848@aliyun.com,陕西省西安市雁塔区科技路88号993号
孙洋,351845,18888835536,1,1704@aliyun.com,陕西省西安市雁塔区科技路88号755号
冯芳,105044,18124184818,1,5134@hotmail.com,江西省南昌市青山湖区北京东路456号659号
冯辉,602286,15540552640,1,9659@hotmail.com,山东省青岛市市南区香港中路11号957号
杨军,746200,18323645515,1,1115@hotmail.com,吉林省长春市南关区人民大街123号423号
董军,534285,18464722607,1,956@gmail.com,山东省青岛市市南区香港中路11号861号
郑辉,578691,15933725869,0,8968@hotmail.com,吉林省长春市南关区人民大街123号69号
董秀兰,779223,18786546320,0,4925@163.com,江西省南昌市青山湖区北京东路456号855号
韩娜,234452,13824213296,1,9448@163.com,黑龙江省哈尔滨市道里区中央大街99号800号
赵华,176943,18505154974,1,6906@126.com,四川省成都市高新区天府五街200号442号
冯辉,380105,15097303279,1,5102@foxmail.com,安徽省合肥市政务区潜山路111号771号
罗丽,605147,13905746293,0,4644@sina.com,四川省成都市高新区天府五街200号93号
于刚,672929,18862474870,1,4333@163.com,湖南省长沙市雨花区劳动西路102号601号
王霞,980288,18809672796,0,7865@sina.com,安徽省合肥市政务区潜山路111号591号
谢洋,707258,18649607005,0,7494@gmail.com,重庆市渝北区金开大道68号776号
王磊,516229,13001889910,1,3413@yahoo.com,江苏省南京市建邺区江东中路229号178号
周婷,641033,15631574410,1,3177@126.com,天津市南开区卫津路94号179号
杨婷,617487,13095011091,1,3869@hotmail.com,上海市静安区南京西路1266号673号
朱伟,065023,18229294719,0,489@foxmail.com,吉林省长春市南关区人民大街123号921号
萧超,800639,13737425110,1,4764@outlook.com,陕西省西安市未央区某某街道87号
唐雪,290835,13816757160,0,6974@sina.com,陕西省西安市未央区某某街道433号
吴浩,040183,15721243859,1,1703@gmail.com,辽宁省大连市中山区人民路55号299号
郑勇,414645,18293397479,0,3471@yahoo.com,江西省南昌市青山湖区北京东路456号955号
郑俊,929037,18500643706,0,4281@foxmail.com,河南省郑州市二七区大学路80号594号
陈伟,543736,13893725358,1,6598@163.com,山东省青岛市市南区香港中路11号918号
宋静,758822,18114207330,1,6697@sina.com,湖南省长沙市雨花区劳动西路102号95号
张华,871981,15155601455,1,6786@yahoo.com,辽宁省大连市中山区人民路55号10号
高明,850600,18553835440,1,4473@qq.com,北京市海淀区中关村大街1号859号
赵秀兰,972598,18747314585,1,2900@163.com,四川省成都市高新区天府五街200号641号
冯敏,620057,18981227699,1,7917@aliyun.com,重庆市渝北区金开大道68号298号
黄鹏,889786,18019858354,0,7930@qq.com,浙江省杭州市西湖区文二路188号687号
刘磊,895214,18292360743,0,7857@outlook.com,重庆市渝北区金开大道68号125号
赵静,270373,15614223845,1,7813@aliyun.com,山东省青岛市市南区香港中路11号578号
宋峰,268384,15291374760,1,9878@yahoo.com,江西省南昌市青山湖区北京东路456号651号
杨娜,560554,13760527476,1,1667@aliyun.com,重庆市渝北区金开大道68号763号
何婷,839346,13025731777,0,7800@outlook.com,北京市海淀区中关村大街1号931号
刘鹏,834292,15580855919,0,4347@hotmail.com,福建省厦门市思明区中山路400号68号
黄健,714539,15946952015,1,4555@163.com,江西省南昌市青山湖区北京东路456号600号
宋芳,941321,15877213238,1,8561@hotmail.com,湖北省武汉市洪山区珞瑜路726号78号
高辉,136123,18876669305,0,847@qq.com,安徽省合肥市政务区潜山路111号451号
谢婷,193703,13062532436,1,2812@163.com,上海市静安区南京西路1266号838号
黄杰,903190,15253826484,0,1134@gmail.com,广东省深圳市南山区科技园路8号506号
高桂英,883575,18879683128,0,5608@outlook.com,吉林省长春市南关区人民大街123号709号
王芳,113164,15858053055,1,3695@foxmail.com,广东省深圳市南山区科技园路8号167号
马磊,801936,15569525157,1,9440@qq.com,重庆市渝北区金开大道68号946号
李凯,018259,15798609358,0,7639@outlook.com,陕西省西安市未央区某某街道596号
李凯,675649,15123684348,0,3139@foxmail.com,湖北省武汉市洪山区珞瑜路726号908号
朱凯,074783,15394290596,0,1149@foxmail.com,河南省郑州市二七区大学路80号969号
唐凯,654728,15639914288,0,8358@sina.com,福建省厦门市思明区中山路400号72号
黄桂英,928943,15276666707,1,4695@gmail.com,上海市静安区南京西路1266号312号
梁涛,545276,15350334826,0,863@qq.com,陕西省西安市雁塔区科技路88号585号
唐平,918068,13626699248,0,1144@aliyun.com,江西省南昌市青山湖区北京东路456号673号
冯敏,340822,15182118144,1,50@hotmail.com,天津市南开区卫津路94号207号
董磊,766963,13581476935,1,4486@outlook.com,山东省青岛市市南区香港中路11号728号
罗磊,498240,18507319154,1,9696@163.com,重庆市渝北区金开大道68号400号
胡鹏,552069,13930182158,0,4622@hotmail.com,北京市海淀区中关村大街1号676号
张健,880958,13704460756,0,2944@hotmail.com,江苏省南京市建邺区江东中路229号114号
韩杰,198245,13496859571,1,3448@outlook.com,陕西省西安市未央区某某街道640号
王秀兰,705470,15111456292,1,6851@outlook.com,四川省成都市高新区天府五街200号528号
吴玲,878808,15985260880,0,5230@yahoo.com,广东省深圳市南山区科技园路8号393号
赵丽,750888,18380154460,1,4275@hotmail.com,上海市静安区南京西路1266号118号
高玲,898286,15275239377,0,6158@outlook.com,陕西省西安市未央区某某街道980号
罗俊,343743,13942137535,0,8625@sina.com,上海市静安区南京西路1266号848号
刘博,646701,15601639082,0,6375@126.com,黑龙江省哈尔滨市道里区中央大街99号317号
何峰,305195,18637731430,0,1167@163.com,江苏省南京市建邺区江东中路229号244号
冯洋,291797,13754475406,1,5799@foxmail.com,天津市南开区卫津路94号765号
马洋,370426,13079668895,1,7323@qq.com,湖南省长沙市雨花区劳动西路102号623号
罗辉,210326,13517846063,0,7806@gmail.com,陕西省西安市雁塔区科技路88号528号
赵刚,514677,13008451708,0,8798@qq.com,四川省成都市高新区天府五街200号936号
陈秀兰,326313,18904543894,0,1958@163.com,天津市南开区卫津路94号324号
高桂英,942481,13354495024,0,4263@outlook.com,河南省郑州市二七区大学路80号15号
冯浩,819365,18850898549,1,7469@hotmail.com,上海市静安区南京西路1266号980号
李峰,637913,18969693051,1,7921@foxmail.com,河南省郑州市二七区大学路80号175号
李涛,912893,15083218657,0,1406@sina.com,江西省南昌市青山湖区北京东路456号265号
吴博,496167,15192573001,1,7782@aliyun.com,山东省青岛市市南区香港中路11号524号
孙霞,330560,18782446491,1,632@foxmail.com,重庆市渝北区金开大道68号274号
刘辉,135028,13602988552,1,8149@hotmail.com,山东省青岛市市南区香港中路11号925号
何霞,065613,13818099154,0,8105@outlook.com,陕西省西安市未央区某某街道648号
罗辉,566113,18328189680,1,112@foxmail.com,江西省南昌市青山湖区北京东路456号400号
高鹏,054481,15986312669,0,2427@qq.com,四川省成都市高新区天府五街200号829号
孙浩,013501,18749182381,0,4480@outlook.com,浙江省杭州市西湖区文二路188号674号
赵超,182526,13742498462,0,1239@hotmail.com,上海市静安区南京西路1266号865号
周瑶,284279,15545297245,1,7358@sina.com,福建省厦门市思明区中山路400号806号
赵磊,078233,15731133070,1,6526@outlook.com,安徽省合肥市政务区潜山路111号328号
何悦,726632,15975253289,1,5192@yahoo.com,黑龙江省哈尔滨市道里区中央大街99号510号
胡勇,047491,18679718691,0,2547@yahoo.com,浙江省杭州市西湖区文二路188号639号
黄瑶,460533,13803489859,0,9539@sina.com,湖北省武汉市洪山区珞瑜路726号686号
梁秀兰,040099,13775745954,0,1881@hotmail.com,江苏省南京市建邺区江东中路229号447号
吴健,325942,18086304994,1,9552@sina.com,陕西省西安市未央区某某街道180号
高刚,997466,18049525507,0,4336@126.com,湖南省长沙市雨花区劳动西路102号425号
郑娟,161620,13430270582,0,7287@gmail.com,山东省青岛市市南区香港中路11号317号
罗峰,488533,15846884324,1,3507@126.com,陕西省西安市雁塔区科技路88号341号
高明,812444,15615810416,0,5791@outlook.com,广东省深圳市南山区科技园路8号8号
孙健,724982,15651377285,1,9041@hotmail.com,天津市南开区卫津路94号17号
杨玲,201647,15816166178,1,384@163.com,上海市静安区南京西路1266号55号
马丽,092131,15739198294,0,8421@outlook.com,江西省南昌市青山湖区北京东路456号124号
罗洋,200141,18766493459,0,6301@sina.com,北京市海淀区中关村大街1号426号
胡健,421879,15736341248,0,8519@163.com,陕西省西安市雁塔区科技路88号101号
韩健,814244,18742355684,1,174@yahoo.com,湖南省长沙市雨花区劳动西路102号626号
陈军,385757,18425971855,0,2844@163.com,浙江省杭州市西湖区文二路188号715号
刘勇,217894,18078901856,1,7964@126.com,河南省郑州市二七区大学路80号792号
罗明,745044,15027513019,1,7093@outlook.com,辽宁省大连市中山区人民路55号191号
吴文,700744,15835040440,0,9635@sina.com,黑龙江省哈尔滨市道里区中央大街99号266号
董璐,732199,18587431963,1,733@outlook.com,陕西省西安市未央区某某街道770号
赵杰,441589,18594470044,1,8640@hotmail.com,福建省厦门市思明区中山路400号494号
萧凯,521625,15885725574,1,9886@aliyun.com,山东省青岛市市南区香港中路11号822号
冯平,057094,18890378531,0,7181@sina.com,吉林省长春市南关区人民大街123号995号
于健,590920,13502045569,1,7890@sina.com,湖北省武汉市洪山区珞瑜路726号49号
罗浩,974629,13718389560,1,5948@126.com,陕西省西安市雁塔区科技路88号886号
郭鹏,499852,15688258854,1,3903@yahoo.com,天津市南开区卫津路94号833号
胡悦,662805,15858818451,0,1088@qq.com,陕西省西安市未央区某某街道955号
胡健,711835,13156096173,1,7618@gmail.com,天津市南开区卫津路94号28号
萧璐,589513,15669617731,0,1033@outlook.com,四川省成都市高新区天府五街200号212号
宋娟,890475,13250169254,1,536@yahoo.com,山东省青岛市市南区香港中路11号795号
何桂英,634517,15626587515,1,6131@aliyun.com,福建省厦门市思明区中山路400号480号
郑辉,615331,18523915132,0,6878@163.com,福建省厦门市思明区中山路400号984号
梁磊,392132,13947047395,1,276@outlook.com,福建省厦门市思明区中山路400号491号
韩静,248977,15254238194,0,5573@foxmail.com,江西省南昌市青山湖区北京东路456号818号
李博,142404,15182309921,1,3062@yahoo.com,浙江省杭州市西湖区文二路188号923号
高杰,428026,15775020671,0,8198@hotmail.com,江苏省南京市建邺区江东中路229号444号
孙华,608019,13652083422,1,2612@hotmail.com,北京市海淀区中关村大街1号430号
马玲,606774,15159545672,1,378@sina.com,江西省南昌市青山湖区北京东路456号712号
谢悦,808162,13390408213,1,77@qq.com,湖北省武汉市洪山区珞瑜路726号141号
罗超,918697,18213070152,0,1915@yahoo.com,浙江省杭州市西湖区文二路188号366号
宋平,279031,18006250098,0,7157@aliyun.com,湖南省长沙市雨花区劳动西路102号874号
梁浩,226133,13914691149,1,1387@126.com,重庆市渝北区金开大道68号70号
唐雪,941726,18481024555,1,3453@outlook.com,福建省厦门市思明区中山路400号97号
于敏,306451,13956757864,0,4975@foxmail.com,浙江省杭州市西湖区文二路188号752号
罗丽,402241,15317872626,1,3397@foxmail.com,江西省南昌市青山湖区北京东路456号190号
孙强,838632,13638498138,0,5547@outlook.com,福建省厦门市思明区中山路400号691号
梁俊,540027,15636461609,0,1906@163.com,湖北省武汉市洪山区珞瑜路726号78号
王桂英,166475,13819020543,0,2503@yahoo.com,江西省南昌市青山湖区北京东路456号72号
冯鹏,457274,15284956071,0,4586@foxmail.com,辽宁省大连市中山区人民路55号183号
朱磊,761615,13683984739,1,7483@163.com,山东省青岛市市南区香港中路11号364号
董健,910724,18357203454,0,7369@hotmail.com,重庆市渝北区金开大道68号720号
吴雪,895621,13724630939,0,1762@163.com,重庆市渝北区金开大道68号92号
周秀兰,119087,15104899051,1,7886@hotmail.com,山东省青岛市市南区香港中路11号834号
赵超,313614,18337136228,1,6275@hotmail.com,江苏省南京市建邺区江东中路229号88号
黄雪,150568,13677988930,0,4864@outlook.com,湖南省长沙市雨花区劳动西路102号60号
谢娜,346473,13458855616,1,4722@foxmail.com,吉林省长春市南关区人民大街123号801号
赵华,667543,15961730026,1,8599@outlook.com,河南省郑州市二七区大学路80号602号
吴静,060661,13557980624,1,7550@gmail.com,北京市海淀区中关村大街1号864号
王娜,953907,13300557032,0,1943@sina.com,上海市静安区南京西路1266号902号
谢磊,427715,18928306563,1,5592@foxmail.com,福建省厦门市思明区中山路400号62号
陈洋,864417,18313833934,1,2741@hotmail.com,四川省成都市高新区天府五街200号73号
周军,079066,18943132798,1,4879@163.com,北京市海淀区中关村大街1号382号
杨娟,764074,15203577294,1,5425@126.com,吉林省长春市南关区人民大街123号675号
林峰,015062,15366745929,1,6653@126.com,四川省成都市高新区天府五街200号417号
董华,210782,15969976490,0,1674@yahoo.com,山东省青岛市市南区香港中路11号471号
林璐,116610,13928440553,0,433@hotmail.com,安徽省合肥市政务区潜山路111号5号
徐芳,356802,18434742153,0,2285@163.com,陕西省西安市未央区某某街道216号
朱强,215440,18569457349,1,3211@yahoo.com,上海市静安区南京西路1266号591号
郭涛,898567,13456621947,0,7920@qq.com,湖北省武汉市洪山区珞瑜路726号425号
赵桂英,878174,18957574079,0,1738@126.com,陕西省西安市雁塔区科技路88号244号
赵军,105532,13602776577,0,5306@qq.com,江西省南昌市青山湖区北京东路456号74号
徐俊,331671,13875986347,1,523@aliyun.com,陕西省西安市未央区某某街道564号
高明,260204,18325330219,0,7611@outlook.com,北京市海淀区中关村大街1号948号
孙宇,231536,15501131144,1,4400@aliyun.com,安徽省合肥市政务区潜山路111号896号
胡伟,153696,18115596375,0,6139@aliyun.com,湖北省武汉市洪山区珞瑜路726号850号
何娜,739266,15668333984,1,3481@163.com,浙江省杭州市西湖区文二路188号563号
于勇,645945,13618891374,0,3627@yahoo.com,湖南省长沙市雨花区劳动西路102号642号
刘强,662350,13920406760,1,2021@aliyun.com,上海市静安区南京西路1266号747号
徐辉,773715,13492041247,1,5945@gmail.com,江苏省南京市建邺区江东中路229号470号
陈敏,168292,15261226311,1,7699@163.com,安徽省合肥市政务区潜山路111号712号
杨霞,665766,13461468285,1,4844@outlook.com,湖南省长沙市雨花区劳动西路102号350号
唐磊,630334,13973514103,1,6974@163.com,湖南省长沙市雨花区劳动西路102号776号
吴芳,886936,13556446189,0,1918@gmail.com,重庆市渝北区金开大道68号385号
郭平,045251,18443885411,0,8463@sina.com,四川省成都市高新区天府五街200号664号
郭丽,762107,13899357624,1,3774@yahoo.com,吉林省长春市南关区人民大街123号545号
郭涛,946113,13257987411,1,4352@foxmail.com,陕西省西安市未央区某某街道557号
董娟,769120,15350091352,0,2836@outlook.com,江苏省南京市建邺区江东中路229号35号
何瑶,761638,15572563184,1,6267@gmail.com,浙江省杭州市西湖区文二路188号86号
梁娜,362237,18810972348,0,171@sina.com,广东省深圳市南山区科技园路8号792号
唐文,261675,13357921462,1,2234@126.com,江苏省南京市建邺区江东中路229号455号
冯悦,272526,18865669072,0,4825@gmail.com,湖南省长沙市雨花区劳动西路102号443号
萧超,103435,13757536686,1,7983@126.com,湖北省武汉市洪山区珞瑜路726号603号
王博,220472,13879999000,0,3737@163.com,河南省郑州市二七区大学路80号950号
萧娟,283887,18880145092,0,5791@163.com,山东省青岛市市南区香港中路11号448号
马军,358602,18499195851,1,8542@qq.com,湖北省武汉市洪山区珞瑜路726号867号
林超,744631,18347203062,1,9678@sina.com,安徽省合肥市政务区潜山路111号486号
杨丽,373609,18092924242,0,1693@outlook.com,黑龙江省哈尔滨市道里区中央大街99号326号
朱鹏,204921,15944964013,1,2378@hotmail.com,江苏省南京市建邺区江东中路229号146号
周超,527361,13721518057,1,7532@outlook.com,北京市海淀区中关村大街1号594号
周勇,662311,18938833953,0,8619@outlook.com,江苏省南京市建邺区江东中路229号602号
唐文,890056,18274144552,0,5609@hotmail.com,吉林省长春市南关区人民大街123号231号
张强,326004,13861685202,0,3365@hotmail.com,浙江省杭州市西湖区文二路188号176号
唐文,225015,18501210392,1,9922@sina.com,上海市静安区南京西路1266号396号
徐瑶,210788,18653356096,0,4983@yahoo.com,北京市海淀区中关村大街1号645号
朱娟,166448,18209270946,1,1539@hotmail.com,吉林省长春市南关区人民大街123号733号
马宇,342059,18797048047,1,1428@126.com,重庆市渝北区金开大道68号33号
冯悦,392328,15778936692,0,207@hotmail.com,湖北省武汉市洪山区珞瑜路726号798号
郑文,793652,18608985594,1,5559@qq.com,江西省南昌市青山湖区北京东路456号103号
朱强,239275,13249056828,0,5874@qq.com,湖北省武汉市洪山区珞瑜路726号613号
周军,345867,13881000266,1,1963@hotmail.com,湖北省武汉市洪山区珞瑜路726号638号
萧雪,921857,15066059300,0,7799@outlook.com,辽宁省大连市中山区人民路55号684号
唐婷,077613,18129490735,1,8947@gmail.com,天津市南开区卫津路94号933号
韩艳,242014,15864811357,0,726@outlook.com,陕西省西安市雁塔区科技路88号654号
马洋,245830,13841039311,1,6848@outlook.com,江西省南昌市青山湖区北京东路456号339号
唐明,992727,13057827315,1,3141@126.com,河南省郑州市二七区大学路80号633号
杨娜,086244,15098850952,1,2858@sina.com,江西省南昌市青山湖区北京东路456号818号
陈雪,787725,18672805113,1,5556@aliyun.com,山东省青岛市市南区香港中路11号427号
何刚,947540,18437884759,1,2938@qq.com,吉林省长春市南关区人民大街123号97号
董悦,862786,13856433975,0,6780@hotmail.com,湖北省武汉市洪山区珞瑜路726号65号
周娟,220163,18057589526,0,8610@163.com,吉林省长春市南关区人民大街123号211号
李磊,381899,18038089084,0,8556@yahoo.com,辽宁省大连市中山区人民路55号339号
林超,754899,18110838352,0,8855@126.com,广东省深圳市南山区科技园路8号537号
罗涛,430521,13835521468,0,2778@sina.com,江西省南昌市青山湖区北京东路456号149号
赵军,727992,13325991217,0,4909@sina.com,安徽省合肥市政务区潜山路111号281号
刘鹏,594946,15847578741,0,2568@yahoo.com,辽宁省大连市中山区人民路55号715号
周磊,344654,15873657568,0,3564@163.com,安徽省合肥市政务区潜山路111号374号
朱悦,628619,13591059921,0,3132@sina.com,山东省青岛市市南区香港中路11号987号
林秀兰,767432,13423913290,1,518@outlook.com,陕西省西安市雁塔区科技路88号653号
高静,700698,13609077132,1,8931@163.com,陕西省西安市未央区某某街道510号
罗艳,631515,13024172555,1,6934@aliyun.com,广东省深圳市南山区科技园路8号165号
杨俊,649749,15398796943,0,7255@126.com,天津市南开区卫津路94号955号
何军,770179,13979757479,1,9417@outlook.com,上海市静安区南京西路1266号104号
张欣,997513,18332402839,1,4770@aliyun.com,山东省青岛市市南区香港中路11号695号
何欣,672733,13419425583,1,4670@outlook.com,山东省青岛市市南区香港中路11号877号
罗婷,542118,15805804802,0,3545@aliyun.com,湖南省长沙市雨花区劳动西路102号860号
刘俊,795219,15309889179,0,3282@gmail.com,北京市海淀区中关村大街1号353号
胡鹏,727158,15662198015,1,6290@gmail.com,陕西省西安市未央区某某街道320号
萧磊,281385,15391186651,0,9979@foxmail.com,福建省厦门市思明区中山路400号773号
李霞,637996,18568901320,1,2827@yahoo.com,福建省厦门市思明区中山路400号172号
徐鹏,300909,13283638325,1,3469@yahoo.com,北京市海淀区中关村大街1号448号
唐悦,616586,18498906014,0,3534@hotmail.com,江苏省南京市建邺区江东中路229号69号
林芳,889157,18984044704,1,7776@sina.com,广东省深圳市南山区科技园路8号333号
马敏,095385,18744117365,0,8961@aliyun.com,山东省青岛市市南区香港中路11号845号
谢艳,762537,13445710528,1,44@aliyun.com,浙江省杭州市西湖区文二路188号864号
王平,820885,15356359371,1,1180@gmail.com,天津市南开区卫津路94号410号
王洋,556235,13203878442,1,3942@sina.com,湖北省武汉市洪山区珞瑜路726号810号
林峰,147798,15961300363,0,401@hotmail.com,江西省南昌市青山湖区北京东路456号779号
董鹏,167021,15892199062,0,7894@163.com,湖南省长沙市雨花区劳动西路102号52号
李健,319641,18436073799,0,9749@qq.com,陕西省西安市未央区某某街道992号
谢桂英,257068,13576340821,1,6099@qq.com,浙江省杭州市西湖区文二路188号475号
朱敏,986659,13703859875,1,1278@aliyun.com,上海市静安区南京西路1266号623号
林璐,123204,13542001408,0,9979@yahoo.com,黑龙江省哈尔滨市道里区中央大街99号140号
黄俊,130039,15270649797,0,2590@foxmail.com,山东省青岛市市南区香港中路11号637号
周宇,588881,13848119809,1,1048@126.com,吉林省长春市南关区人民大街123号134号
周刚,764810,18203195141,1,2783@hotmail.com,湖南省长沙市雨花区劳动西路102号93号
谢欣,352397,15624754056,0,1156@126.com,辽宁省大连市中山区人民路55号975号
于磊,592179,15975874618,1,7255@aliyun.com,湖南省长沙市雨花区劳动西路102号404号
陈文,089499,13309324147,0,5962@qq.com,安徽省合肥市政务区潜山路111号93号
周峰,206910,15201291312,1,5919@foxmail.com,辽宁省大连市中山区人民路55号718号
于军,424399,13815851697,1,4984@qq.com,重庆市渝北区金开大道68号148号
孙平,597093,15146038207,1,3854@163.com,湖南省长沙市雨花区劳动西路102号820号
吴璐,454347,18488091851,1,6983@163.com,安徽省合肥市政务区潜山路111号370号
孙军,908180,15113230170,0,6258@yahoo.com,浙江省杭州市西湖区文二路188号798号
于娟,302122,13006725702,0,9995@aliyun.com,广东省深圳市南山区科技园路8号20号
陈静,325758,18032003172,0,2703@outlook.com,湖南省长沙市雨花区劳动西路102号625号
刘磊,464957,18940846760,0,7482@sina.com,山东省青岛市市南区香港中路11号954号
梁军,746397,18690930647,1,3202@foxmail.com,福建省厦门市思明区中山路400号843号
孙文,480488,18580376651,0,5217@qq.com,山东省青岛市市南区香港中路11号757号
萧娟,444787,18135228086,0,2108@qq.com,河南省郑州市二七区大学路80号398号
罗瑶,274063,15848992892,1,2376@qq.com,上海市静安区南京西路1266号984号
杨军,785886,15103322898,1,821@sina.com,安徽省合肥市政务区潜山路111号165号
谢超,560753,18199236291,0,6895@qq.com,江西省南昌市青山湖区北京东路456号119号
谢健,736267,13571258862,1,8756@yahoo.com,陕西省西安市雁塔区科技路88号647号
徐磊,330654,15328876631,1,1977@126.com,山东省青岛市市南区香港中路11号594号
李娟,525229,18497198712,1,4187@126.com,北京市海淀区中关村大街1号855号
张文,203292,18105668973,1,3569@aliyun.com,河南省郑州市二七区大学路80号479号
萧婷,575680,18258609396,0,4690@126.com,北京市海淀区中关村大街1号7号
徐浩,823664,18147014983,1,3923@qq.com,安徽省合肥市政务区潜山路111号932号
梁欣,861802,15721169640,1,5032@outlook.com,广东省深圳市南山区科技园路8号100号
冯霞,466466,18783308497,1,7462@outlook.com,江西省南昌市青山湖区北京东路456号208号
冯霞,435028,18645344865,0,8020@gmail.com,广东省深圳市南山区科技园路8号937号
吴凯,992749,18448891141,0,5377@sina.com,天津市南开区卫津路94号832号
宋峰,566614,13149389258,1,4987@hotmail.com,上海市静安区南京西路1266号624号
吴欣,909486,15757175048,0,3000@foxmail.com,浙江省杭州市西湖区文二路188号966号
董杰,721395,13573357042,1,6933@126.com,福建省厦门市思明区中山路400号52号
徐涛,527623,15218061228,1,5299@163.com,四川省成都市高新区天府五街200号622号
高欣,681363,18297838384,1,107@outlook.com,安徽省合肥市政务区潜山路111号316号
张伟,507280,13449615816,1,906@outlook.com,江西省南昌市青山湖区北京东路456号248号
董俊,958655,13853767098,0,8569@gmail.com,陕西省西安市未央区某某街道302号
王勇,101498,15572045997,0,9118@foxmail.com,吉林省长春市南关区人民大街123号705号
陈凯,161529,13628105143,1,3596@foxmail.com,上海市静安区南京西路1266号225号
黄凯,881680,13682684362,1,3385@hotmail.com,黑龙江省哈尔滨市道里区中央大街99号336号
黄丽,911293,13736837357,1,8355@aliyun.com,江西省南昌市青山湖区北京东路456号820号
王辉,898030,18333587106,0,2290@foxmail.com,山东省青岛市市南区香港中路11号441号
杨浩,303377,13602520217,0,1570@hotmail.com,陕西省西安市雁塔区科技路88号886号
周文,387102,13586175651,0,4340@126.com,福建省厦门市思明区中山路400号347号
高辉,725979,15106205442,1,9797@aliyun.com,辽宁省大连市中山区人民路55号463号
宋玲,363705,15275261030,0,2587@aliyun.com,福建省厦门市思明区中山路400号412号
唐超,825905,13353889731,1,1649@163.com,福建省厦门市思明区中山路400号715号
李华,959143,15507815176,0,1815@126.com,河南省郑州市二七区大学路80号606号
何艳,096155,18444551820,0,1941@gmail.com,湖北省武汉市洪山区珞瑜路726号942号
周勇,577216,13974586834,0,4560@outlook.com,山东省青岛市市南区香港中路11号378号
孙玲,291251,13955154158,1,5919@qq.com,江苏省南京市建邺区江东中路229号845号
何霞,440963,18617735614,0,5649@hotmail.com,浙江省杭州市西湖区文二路188号113号
徐瑶,392224,15613248701,1,3927@qq.com,浙江省杭州市西湖区文二路188号201号
唐辉,675388,15108911982,0,7993@hotmail.com,上海市静安区南京西路1266号536号
高军,997139,18110726971,1,5993@hotmail.com,天津市南开区卫津路94号571号
韩艳,918411,18960247488,1,4502@gmail.com,陕西省西安市雁塔区科技路88号62号
朱敏,293843,15165900481,0,2396@aliyun.com,安徽省合肥市政务区潜山路111号776号
郑浩,604634,13435549954,0,1693@163.com,陕西省西安市雁塔区科技路88号718号
董静,732069,15218523629,0,1357@gmail.com,辽宁省大连市中山区人民路55号144号
梁瑶,665351,18569912033,0,8608@outlook.com,吉林省长春市南关区人民大街123号363号
孙华,593649,13729097351,0,8918@126.com,陕西省西安市未央区某某街道250号
张文,059196,15784749709,0,3143@foxmail.com,江苏省南京市建邺区江东中路229号589号
孙华,812464,13003711150,0,3850@qq.com,山东省青岛市市南区香港中路11号675号
罗雪,072068,18221774595,1,4992@hotmail.com,福建省厦门市思明区中山路400号908号
冯璐,079988,15724929518,0,6533@aliyun.com,吉林省长春市南关区人民大街123号285号
朱军,361372,13331997981,0,922@aliyun.com,江西省南昌市青山湖区北京东路456号943号
郭洋,644393,18139882117,1,4721@163.com,江西省南昌市青山湖区北京东路456号459号
王娜,543939,13022063003,1,6577@aliyun.com,陕西省西安市未央区某某街道563号
孙洋,195611,13341810981,0,4434@126.com,江苏省南京市建邺区江东中路229号263号
萧雪,178448,15262582335,0,9355@gmail.com,安徽省合肥市政务区潜山路111号177号
于峰,513359,18028868447,1,3607@163.com,四川省成都市高新区天府五街200号142号
梁桂英,683342,13194122712,1,9965@yahoo.com,北京市海淀区中关村大街1号771号
刘俊,987223,13561618671,0,5127@163.com,北京市海淀区中关村大街1号822号
于婷,491112,18396397951,0,6107@163.com,天津市南开区卫津路94号804号
谢宇,164640,15543227267,0,9546@outlook.com,四川省成都市高新区天府五街200号799号
郭婷,261220,18284273467,1,4888@163.com,吉林省长春市南关区人民大街123号384号
李伟,938196,13280750009,0,3496@foxmail.com,黑龙江省哈尔滨市道里区中央大街99号150号
马悦,504947,18438014554,0,4423@163.com,河南省郑州市二七区大学路80号567号
陈鹏,151733,13275202940,0,8140@outlook.com,江苏省南京市建邺区江东中路229号591号
郭璐,196245,13297684784,0,1128@outlook.com,江西省南昌市青山湖区北京东路456号789号
宋凯,120866,15654267642,1,673@aliyun.com,江苏省南京市建邺区江东中路229号513号
吴洋,103968,18232559220,1,3527@hotmail.com,陕西省西安市未央区某某街道732号
罗艳,810624,15355976182,0,3263@qq.com,浙江省杭州市西湖区文二路188号817号
孙桂英,009768,15662964450,0,5527@gmail.com,浙江省杭州市西湖区文二路188号394号
高芳,657726,15075245011,1,5196@aliyun.com,重庆市渝北区金开大道68号181号
董峰,583490,13829468685,0,2244@outlook.com,陕西省西安市雁塔区科技路88号566号
萧秀兰,563871,18774270168,0,1710@aliyun.com,湖南省长沙市雨花区劳动西路102号792号
李华,020921,15133495411,0,2017@gmail.com,上海市静安区南京西路1266号991号
朱涛,098817,15752481826,1,9934@qq.com,湖北省武汉市洪山区珞瑜路726号979号
胡丽,643180,13088738881,1,6822@sina.com,河南省郑州市二七区大学路80号626号
唐杰,467420,15571946291,1,7157@qq.com,山东省青岛市市南区香港中路11号278号
孙辉,811103,13228953712,1,7879@yahoo.com,辽宁省大连市中山区人民路55号329号
赵芳,867172,18234442599,1,6894@126.com,山东省青岛市市南区香港中路11号169号
梁娟,918395,18461377043,1,6090@foxmail.com,广东省深圳市南山区科技园路8号477号
刘桂英,118468,15974917605,1,3181@gmail.com,河南省郑州市二七区大学路80号558号
谢刚,691530,18657857973,1,9173@126.com,上海市静安区南京西路1266号78号
谢婷,311533,15078421319,0,5330@126.com,上海市静安区南京西路1266号597号
梁凯,147314,15839915025,0,6081@gmail.com,广东省深圳市南山区科技园路8号514号
赵华,130529,15869484201,1,6199@gmail.com,湖北省武汉市洪山区珞瑜路726号620号
唐俊,287851,13989139495,1,3503@aliyun.com,重庆市渝北区金开大道68号936号
宋博,305721,13824289695,0,5127@hotmail.com,重庆市渝北区金开大道68号166号
赵悦,620159,13897368931,0,6261@gmail.com,河南省郑州市二七区大学路80号955号
宋杰,418325,15357466862,0,7460@outlook.com,陕西省西安市未央区某某街道525号
冯平,903117,13902437464,1,8855@outlook.com,江西省南昌市青山湖区北京东路456号889号
林璐,037031,18221438156,0,8428@gmail.com,江西省南昌市青山湖区北京东路456号359号
梁杰,085084,15057437714,1,5974@126.com,上海市静安区南京西路1266号709号
何文,607956,18496932692,1,7789@gmail.com,上海市静安区南京西路1266号442号
吴瑶,593344,13958433881,1,6298@sina.com,黑龙江省哈尔滨市道里区中央大街99号444号
朱洋,404830,18930506589,0,6011@126.com,陕西省西安市未央区某某街道304号
徐宇,697936,15366082401,0,9761@aliyun.com,重庆市渝北区金开大道68号390号
刘刚,469886,18312718018,1,69@gmail.com,北京市海淀区中关村大街1号988号
吴健,112309,18914618648,1,330@outlook.com,河南省郑州市二七区大学路80号19号
杨峰,573243,18891946858,1,5043@outlook.com,湖南省长沙市雨花区劳动西路102号194号
刘娜,618773,18356360121,0,3729@yahoo.com,北京市海淀区中关村大街1号294号
孙丽,548119,15335653133,0,104@gmail.com,广东省深圳市南山区科技园路8号979号
何博,547812,13811214763,1,9141@yahoo.com,重庆市渝北区金开大道68号776号
萧超,308442,13933847448,0,9590@hotmail.com,重庆市渝北区金开大道68号751号
杨伟,364691,18557358163,1,1774@outlook.com,湖北省武汉市洪山区珞瑜路726号742号
董勇,374692,18397297621,1,2223@outlook.com,安徽省合肥市政务区潜山路111号57号
冯强,123114,15740339341,1,323@hotmail.com,辽宁省大连市中山区人民路55号175号
郑欣,781887,18232574386,0,9819@foxmail.com,辽宁省大连市中山区人民路55号677号
吴娟,483915,15248495321,0,8003@163.com,北京市海淀区中关村大街1号584号
胡平,539619,18685949283,1,5266@hotmail.com,福建省厦门市思明区中山路400号889号
周文,056112,18975874023,0,1631@gmail.com,江苏省南京市建邺区江东中路229号555号
唐悦,899809,13896038306,1,2336@yahoo.com,湖北省武汉市洪山区珞瑜路726号26号
吴华,781839,13604552315,0,5389@hotmail.com,湖南省长沙市雨花区劳动西路102号979号
林宇,823846,13055075677,1,617@outlook.com,四川省成都市高新区天府五街200号999号
郭峰,220485,13490430705,0,4987@yahoo.com,湖北省武汉市洪山区珞瑜路726号36号
罗瑶,412179,18490566399,0,9136@qq.com,广东省深圳市南山区科技园路8号69号
刘芳,507565,13040912080,1,7198@126.com,黑龙江省哈尔滨市道里区中央大街99号201号
郑杰,577229,15698636866,0,1744@sina.com,河南省郑州市二七区大学路80号490号
郭欣,746444,13111113304,0,9671@gmail.com,江苏省南京市建邺区江东中路229号480号
徐秀兰,840847,15797832526,0,2427@qq.com,江西省南昌市青山湖区北京东路456号997号
徐艳,561836,18565759647,1,6816@gmail.com,天津市南开区卫津路94号396号
冯雪,272414,18799201960,1,4870@qq.com,江西省南昌市青山湖区北京东路456号556号
谢霞,048337,13547108605,0,6219@yahoo.com,湖北省武汉市洪山区珞瑜路726号165号
李刚,321824,13275481858,1,6183@sina.com,黑龙江省哈尔滨市道里区中央大街99号575号
董俊,464238,15271884324,0,6198@yahoo.com,吉林省长春市南关区人民大街123号854号
胡芳,231043,18485833853,0,8305@126.com,陕西省西安市未央区某某街道570号
谢磊,333174,15054451973,1,9632@sina.com,重庆市渝北区金开大道68号49号
李洋,268268,13022379091,0,3954@hotmail.com,江西省南昌市青山湖区北京东路456号765号
郭军,915765,13292615119,0,2909@qq.com,安徽省合肥市政务区潜山路111号459号
萧丽,444191,18098461555,1,9904@aliyun.com,湖北省武汉市洪山区珞瑜路726号557号
李娟,297291,13561472493,0,4174@gmail.com,浙江省杭州市西湖区文二路188号660号
梁玲,510427,15110835061,0,2177@yahoo.com,湖南省长沙市雨花区劳动西路102号573号
于婷,089856,13794735986,1,5889@outlook.com,浙江省杭州市西湖区文二路188号694号
王瑶,015949,13839770078,0,8430@gmail.com,浙江省杭州市西湖区文二路188号87号
冯凯,903547,18284602051,1,8960@hotmail.com,上海市静安区南京西路1266号696号
胡军,024999,18756949091,1,8633@163.com,陕西省西安市未央区某某街道583号
黄娟,831317,13567320537,1,2092@126.com,上海市静安区南京西路1266号244号
董杰,265910,18849428702,0,6911@gmail.com,上海市静安区南京西路1266号662号
徐婷,773218,18856694540,0,4051@163.com,湖南省长沙市雨花区劳动西路102号351号
何超,329217,18934059375,0,9849@126.com,浙江省杭州市西湖区文二路188号9号
徐华,834266,15383009592,0,9832@sina.com,黑龙江省哈尔滨市道里区中央大街99号894号
马凯,197390,18417007498,0,970@foxmail.com,浙江省杭州市西湖区文二路188号697号
萧健,534652,15934064314,1,5068@hotmail.com,安徽省合肥市政务区潜山路111号398号
杨健,636444,15090120223,0,8081@foxmail.com,浙江省杭州市西湖区文二路188号935号
吴凯,351325,15546910356,0,6036@126.com,浙江省杭州市西湖区文二路188号899号
何雪,264427,13534961340,1,658@yahoo.com,河南省郑州市二七区大学路80号647号
冯璐,915320,13713838265,0,8279@outlook.com,辽宁省大连市中山区人民路55号655号
张玲,415130,13307044989,1,2626@aliyun.com,湖北省武汉市洪山区珞瑜路726号591号
吴桂英,242610,13212565077,1,9923@outlook.com,安徽省合肥市政务区潜山路111号846号
于磊,649026,18677604851,1,3521@outlook.com,浙江省杭州市西湖区文二路188号458号
高敏,031210,18188057081,1,4813@163.com,江苏省南京市建邺区江东中路229号144号
朱芳,018448,13350275575,1,5923@gmail.com,重庆市渝北区金开大道68号800号
张鹏,069563,13135914687,1,6049@126.com,黑龙江省哈尔滨市道里区中央大街99号395号
张丽,481343,15100511743,0,5026@hotmail.com,辽宁省大连市中山区人民路55号866号
董鹏,333982,18705392756,1,9726@163.com,陕西省西安市未央区某某街道1号
张玲,136887,18209667751,1,1020@foxmail.com,山东省青岛市市南区香港中路11号908号
谢雪,124675,18880222205,0,7232@hotmail.com,广东省深圳市南山区科技园路8号955号
徐娜,917951,15053103754,0,4650@aliyun.com,湖南省长沙市雨花区劳动西路102号743号
萧娟,725450,18088826166,1,1581@126.com,四川省成都市高新区天府五街200号485号
李璐,326961,18878448378,1,4417@sina.com,天津市南开区卫津路94号23号
朱明,336324,15013690208,1,7488@yahoo.com,福建省厦门市思明区中山路400号193号
黄丽,106540,15124220821,0,2867@hotmail.com,河南省郑州市二七区大学路80号185号
何秀兰,817563,18077192253,0,5179@qq.com,北京市海淀区中关村大街1号587号
唐健,780469,15702816956,1,4206@sina.com,河南省郑州市二七区大学路80号665号
周宇,678984,13871452720,1,9245@gmail.com,福建省厦门市思明区中山路400号355号
林洋,114486,15076727867,0,9814@qq.com,上海市静安区南京西路1266号952号
赵瑶,031985,18209988515,1,4506@yahoo.com,北京市海淀区中关村大街1号953号
梁秀兰,313113,18305248747,0,7578@qq.com,黑龙江省哈尔滨市道里区中央大街99号254号
何刚,457259,13756712494,1,2577@hotmail.com,北京市海淀区中关村大街1号783号
张峰,370602,18735540469,1,3923@163.com,黑龙江省哈尔滨市道里区中央大街99号362号
谢明,034982,18597239179,1,5378@foxmail.com,福建省厦门市思明区中山路400号152号
周瑶,640634,13907402806,0,9210@126.com,湖北省武汉市洪山区珞瑜路726号792号
李浩,810174,15623480218,1,2120@sina.com,福建省厦门市思明区中山路400号21号
胡平,624433,15128660893,1,1600@sina.com,江西省南昌市青山湖区北京东路456号451号
孙刚,080648,18375273095,1,4289@qq.com,湖北省武汉市洪山区珞瑜路726号472号
董军,298442,15157321266,0,7749@gmail.com,广东省深圳市南山区科技园路8号684号
何洋,562823,18527990483,1,8275@yahoo.com,陕西省西安市雁塔区科技路88号643号
孙博,282406,15831090197,1,2763@hotmail.com,福建省厦门市思明区中山路400号898号
马艳,035623,13042697898,1,2461@aliyun.com,四川省成都市高新区天府五街200号91号
罗璐,291829,13309057412,1,2398@qq.com,湖南省长沙市雨花区劳动西路102号332号
高鹏,714597,13135702965,1,9861@126.com,重庆市渝北区金开大道68号618号
杨玲,726932,15728737212,0,4524@outlook.com,江苏省南京市建邺区江东中路229号830号
谢华,399496,15134016422,1,7396@hotmail.com,辽宁省大连市中山区人民路55号469号
韩欣,720816,18410318503,0,3138@aliyun.com,上海市静安区南京西路1266号254号
周静,510801,18403191551,1,7931@qq.com,天津市南开区卫津路94号943号
黄敏,185739,15928505385,1,4907@foxmail.com,陕西省西安市雁塔区科技路88号339号
黄芳,937849,15541723225,1,6100@163.com,四川省成都市高新区天府五街200号461号
徐强,474016,18489775024,0,7103@foxmail.com,江苏省南京市建邺区江东中路229号695号
陈娟,193215,15536230564,0,6728@qq.com,吉林省长春市南关区人民大街123号498号
林璐,815197,13852155673,0,3834@foxmail.com,江苏省南京市建邺区江东中路229号946号
宋静,395647,13266412594,1,6805@yahoo.com,浙江省杭州市西湖区文二路188号69号
梁凯,855395,13646157192,1,4733@gmail.com,湖北省武汉市洪山区珞瑜路726号135号
萧涛,642786,13942111106,0,3773@yahoo.com,浙江省杭州市西湖区文二路188号299号
黄欣,890874,15111265765,0,832@outlook.com,天津市南开区卫津路94号448号
王娟,439466,13894708681,1,2994@hotmail.com,北京市海淀区中关村大街1号902号
董伟,926463,18840916437,1,2445@126.com,江西省南昌市青山湖区北京东路456号574号
郑娜,692111,13983183565,0,8903@hotmail.com,黑龙江省哈尔滨市道里区中央大街99号534号
郭伟,044774,15192407550,1,6882@yahoo.com,吉林省长春市南关区人民大街123号17号
郭敏,295113,15370560995,0,1640@126.com,湖北省武汉市洪山区珞瑜路726号331号
徐娜,948516,15226853802,1,1820@sina.com,吉林省长春市南关区人民大街123号178号
张博,428153,13862727238,0,3729@yahoo.com,安徽省合肥市政务区潜山路111号726号
韩洋,103827,13244785746,0,7599@aliyun.com,安徽省合肥市政务区潜山路111号119号
郭军,272121,13538897787,1,3943@outlook.com,浙江省杭州市西湖区文二路188号650号
赵俊,312799,13202936109,0,8035@aliyun.com,河南省郑州市二七区大学路80号533号
何鹏,480026,13830951319,0,6265@aliyun.com,天津市南开区卫津路94号754号
徐杰,525407,15618947069,0,8151@outlook.com,四川省成都市高新区天府五街200号567号
于伟,953239,15593378090,1,7076@outlook.com,湖北省武汉市洪山区珞瑜路726号936号
黄俊,094237,18235569903,0,1502@foxmail.com,江西省南昌市青山湖区北京东路456号711号
宋娜,813618,18892388412,0,3743@qq.com,湖北省武汉市洪山区珞瑜路726号321号
于超,027244,18799510140,0,5641@163.com,天津市南开区卫津路94号675号
胡华,592726,15323853111,0,5072@gmail.com,山东省青岛市市南区香港中路11号487号
萧静,741977,15757008513,1,7782@yahoo.com,江西省南昌市青山湖区北京东路456号869号
胡峰,382569,13622299892,1,8504@126.com,浙江省杭州市西湖区文二路188号731号
吴文,068503,18502397174,0,3879@126.com,辽宁省大连市中山区人民路55号878号
赵秀兰,928876,13580923797,0,8258@163.com,江西省南昌市青山湖区北京东路456号100号
韩璐,432163,15133902810,0,9772@outlook.com,黑龙江省哈尔滨市道里区中央大街99号978号
梁涛,007120,15774601340,0,3746@163.com,福建省厦门市思明区中山路400号486号
萧博,552854,13184425623,1,8502@qq.com,天津市南开区卫津路94号150号
周桂英,462309,15564495297,1,6944@qq.com,上海市静安区南京西路1266号173号
高刚,586446,18658381368,1,2131@sina.com,上海市静安区南京西路1266号377号
董雪,064517,18054819162,0,3842@foxmail.com,吉林省长春市南关区人民大街123号395号
刘丽,450161,15598872997,0,4118@sina.com,北京市海淀区中关村大街1号389号
谢芳,085466,18067258633,0,8844@163.com,安徽省合肥市政务区潜山路111号812号
萧博,382581,18442788021,1,4218@sina.com,吉林省长春市南关区人民大街123号247号
萧玲,776372,15120250640,1,40@foxmail.com,浙江省杭州市西湖区文二路188号174号
孙勇,607197,13268674109,1,635@126.com,江西省南昌市青山湖区北京东路456号417号
刘健,625723,15029140840,0,9962@sina.com,江苏省南京市建邺区江东中路229号878号
黄静,523370,13474373792,0,6723@163.com,上海市静安区南京西路1266号824号
李凯,330873,13167428850,0,4867@foxmail.com,山东省青岛市市南区香港中路11号553号
宋凯,958832,15575783476,0,7832@gmail.com,湖北省武汉市洪山区珞瑜路726号446号
冯健,658248,18914619515,1,5183@gmail.com,江西省南昌市青山湖区北京东路456号781号
于华,459580,18898029690,1,1764@gmail.com,江西省南昌市青山湖区北京东路456号696号
林桂英,932131,18285703571,1,8464@qq.com,安徽省合肥市政务区潜山路111号594号
孙凯,683398,18763558393,0,8391@aliyun.com,天津市南开区卫津路94号282号
马璐,304607,13074449388,1,2964@hotmail.com,吉林省长春市南关区人民大街123号99号
唐鹏,261284,13947382735,0,73@foxmail.com,陕西省西安市雁塔区科技路88号877号
梁玲,063123,15871726847,0,5773@foxmail.com,四川省成都市高新区天府五街200号925号
冯鹏,855918,15120960415,1,6405@qq.com,四川省成都市高新区天府五街200号757号
萧瑶,533999,13738968629,1,9512@126.com,湖北省武汉市洪山区珞瑜路726号50号
赵娟,792075,18367548220,0,3762@163.com,广东省深圳市南山区科技园路8号765号
胡平,806979,15834117041,1,2747@outlook.com,安徽省合肥市政务区潜山路111号557号
刘秀兰,181968,18205969970,0,3199@sina.com,陕西省西安市雁塔区科技路88号29号
周欣,447690,15111523782,0,5205@hotmail.com,广东省深圳市南山区科技园路8号638号
梁峰,868922,18621943610,1,4079@yahoo.com,辽宁省大连市中山区人民路55号893号
何博,623907,13235312345,0,672@foxmail.com,陕西省西安市未央区某某街道260号
张欣,092958,15665661744,0,4196@126.com,天津市南开区卫津路94号577号
孙霞,958360,15926708860,0,3770@126.com,河南省郑州市二七区大学路80号346号
唐玲,091230,13623089699,1,5398@hotmail.com,江西省南昌市青山湖区北京东路456号298号
何艳,645597,18609115850,1,3403@foxmail.com,浙江省杭州市西湖区文二路188号489号
陈瑶,252725,15734373412,0,1191@foxmail.com,重庆市渝北区金开大道68号354号
萧洋,926247,15576162327,0,4406@yahoo.com,山东省青岛市市南区香港中路11号220号
郭军,329014,15089885533,0,5390@126.com,天津市南开区卫津路94号877号
王浩,243514,15870991311,1,3458@163.com,湖南省长沙市雨花区劳动西路102号673号
杨桂英,537360,18827543942,0,8499@qq.com,陕西省西安市雁塔区科技路88号414号
孙艳,296287,15813617280,1,3318@foxmail.com,安徽省合肥市政务区潜山路111号382号
马芳,621852,15237414344,1,8651@gmail.com,陕西省西安市未央区某某街道792号
杨杰,530396,15973888953,0,7590@foxmail.com,重庆市渝北区金开大道68号520号
马健,901223,13733969246,1,6842@foxmail.com,辽宁省大连市中山区人民路55号960号
于璐,399378,18907821871,1,2213@hotmail.com,天津市南开区卫津路94号851号
谢洋,303853,13716949146,0,4261@foxmail.com,江西省南昌市青山湖区北京东路456号840号
林静,888619,15118743762,0,6183@sina.com,广东省深圳市南山区科技园路8号280号
胡浩,154986,18415107005,0,2155@sina.com,山东省青岛市市南区香港中路11号707号
林超,066290,13675427127,0,7265@outlook.com,江苏省南京市建邺区江东中路229号427号
梁敏,749206,15085234249,0,6757@163.com,吉林省长春市南关区人民大街123号171号
黄明,243661,18302449577,1,7955@sina.com,陕西省西安市雁塔区科技路88号546号
于静,895317,15170041696,0,2766@gmail.com,北京市海淀区中关村大街1号960号
于平,671709,13988760473,0,9085@outlook.com,天津市南开区卫津路94号105号
郭博,792572,18129637023,0,5022@yahoo.com,吉林省长春市南关区人民大街123号656号
谢敏,138957,13870455284,0,7625@hotmail.com,北京市海淀区中关村大街1号295号
于欣,464113,13178854198,0,3710@126.com,辽宁省大连市中山区人民路55号281号
韩超,482898,15863279340,1,2977@foxmail.com,上海市静安区南京西路1266号628号
冯娟,347655,13226508328,1,5381@126.com,浙江省杭州市西湖区文二路188号184号
谢超,781980,15370720860,0,1675@yahoo.com,福建省厦门市思明区中山路400号725号
唐玲,996966,13951253115,0,8578@aliyun.com,广东省深圳市南山区科技园路8号725号
马凯,892998,18007189824,1,9967@gmail.com,浙江省杭州市西湖区文二路188号232号
郭伟,580363,13450274477,1,9902@163.com,辽宁省大连市中山区人民路55号234号
高博,256758,15704681385,0,1@aliyun.com,江苏省南京市建邺区江东中路229号510号
吴浩,082239,15707133799,0,249@outlook.com,湖南省长沙市雨花区劳动西路102号902号
刘超,031376,18776875689,1,2256@qq.com,江苏省南京市建邺区江东中路229号866号
李俊,561619,13126077702,1,2915@qq.com,福建省厦门市思明区中山路400号629号
周娟,386909,15975086244,0,2329@sina.com,江苏省南京市建邺区江东中路229号371号
徐欣,788283,13237977512,1,2321@outlook.com,安徽省合肥市政务区潜山路111号332号
孙洋,061697,13929163136,1,4172@outlook.com,浙江省杭州市西湖区文二路188号906号
唐俊,688332,13749890810,1,2595@outlook.com,山东省青岛市市南区香港中路11号782号
林静,258881,15002486003,0,1771@sina.com,广东省深圳市南山区科技园路8号383号
吴健,279819,18158619256,1,3956@hotmail.com,江西省南昌市青山湖区北京东路456号519号
谢静,229585,15155471896,0,7943@126.com,陕西省西安市雁塔区科技路88号426号
韩勇,137162,13913754194,1,4852@sina.com,辽宁省大连市中山区人民路55号633号
杨刚,596608,13816772968,1,3290@sina.com,陕西省西安市未央区某某街道396号
李鹏,752175,15348496886,1,5135@sina.com,陕西省西安市雁塔区科技路88号302号
吴洋,915188,18309542611,0,6135@qq.com,天津市南开区卫津路94号213号
何磊,625594,13259834472,0,6405@yahoo.com,辽宁省大连市中山区人民路55号560号
马雪,681864,18990182461,1,2149@gmail.com,黑龙江省哈尔滨市道里区中央大街99号208号
宋悦,912871,18900094413,1,351@126.com,浙江省杭州市西湖区文二路188号834号
李桂英,134155,18433557627,0,2547@yahoo.com,湖北省武汉市洪山区珞瑜路726号504号
赵霞,205348,18859955256,0,6403@163.com,陕西省西安市未央区某某街道49号
林丽,858650,18881550527,1,2333@126.com,上海市静安区南京西路1266号786号
高悦,460183,15291990303,1,9256@yahoo.com,吉林省长春市南关区人民大街123号922号
韩强,750517,13661727859,1,327@163.com,安徽省合肥市政务区潜山路111号610号
董辉,998620,18694053111,0,6951@sina.com,陕西省西安市雁塔区科技路88号174号
韩博,478314,18096968182,0,4144@163.com,陕西省西安市未央区某某街道280号
陈芳,261819,18276171064,0,1620@hotmail.com,吉林省长春市南关区人民大街123号898号
杨健,833221,15300495384,0,3459@hotmail.com,广东省深圳市南山区科技园路8号609号
王杰,041093,15312586286,0,4250@qq.com,上海市静安区南京西路1266号709号
杨明,295459,15133048649,1,723@aliyun.com,黑龙江省哈尔滨市道里区中央大街99号727号
宋玲,232835,13187840236,1,6198@126.com,重庆市渝北区金开大道68号52号
郑玲,198158,13506530970,0,1938@outlook.com,吉林省长春市南关区人民大街123号230号
赵娟,070657,15168172565,0,581@sina.com,陕西省西安市雁塔区科技路88号859号
王文,315975,18041382527,1,9454@126.com,天津市南开区卫津路94号185号
周婷,909004,18583424016,1,8761@gmail.com,天津市南开区卫津路94号507号
董璐,572890,15158637533,0,7112@outlook.com,河南省郑州市二七区大学路80号44号
谢强,657912,18853925067,1,3592@126.com,重庆市渝北区金开大道68号456号
于敏,215730,15189645824,1,4960@126.com,吉林省长春市南关区人民大街123号75号
黄秀兰,493564,18102157253,1,5657@aliyun.com,湖南省长沙市雨花区劳动西路102号935号
陈俊,944441,18682337449,1,7475@foxmail.com,河南省郑州市二七区大学路80号691号
胡艳,735363,13549132912,0,437@outlook.com,陕西省西安市未央区某某街道639号
赵健,749118,15172194074,1,4498@yahoo.com,湖南省长沙市雨花区劳动西路102号526号
宋悦,005497,15564366518,1,9229@gmail.com,福建省厦门市思明区中山路400号23号
林娜,249782,15067625731,1,4707@163.com,浙江省杭州市西湖区文二路188号928号
胡悦,546229,15067086937,1,9065@foxmail.com,浙江省杭州市西湖区文二路188号100号
孙强,969154,15744527881,0,6056@foxmail.com,湖北省武汉市洪山区珞瑜路726号567号
王鹏,874438,15574181900,0,1246@yahoo.com,江西省南昌市青山湖区北京东路456号995号
于鹏,512996,13153901581,1,4853@foxmail.com,辽宁省大连市中山区人民路55号631号
吴文,015046,18230084626,0,8696@sina.com,上海市静安区南京西路1266号448号
陈凯,458997,18961123416,0,5011@outlook.com,四川省成都市高新区天府五街200号474号
于军,226298,15068264679,1,264@yahoo.com,吉林省长春市南关区人民大街123号145号
李桂英,631574,13305132628,1,9290@gmail.com,山东省青岛市市南区香港中路11号63号
冯雪,983516,15784477720,1,1075@qq.com,山东省青岛市市南区香港中路11号927号
于玲,644656,15079032963,0,7954@hotmail.com,浙江省杭州市西湖区文二路188号163号
吴娜,709662,18371433811,1,3419@foxmail.com,辽宁省大连市中山区人民路55号303号
杨娟,079341,15257341005,0,325@hotmail.com,河南省郑州市二七区大学路80号440号
冯军,183095,15564572586,0,360@aliyun.com,重庆市渝北区金开大道68号844号
杨凯,754385,18380821753,1,5576@163.com,四川省成都市高新区天府五街200号301号
杨涛,987169,15341717440,0,6093@outlook.com,重庆市渝北区金开大道68号59号
陈敏,159692,13679963923,0,5826@gmail.com,山东省青岛市市南区香港中路11号280号
张璐,603385,15620360086,0,3205@hotmail.com,陕西省西安市雁塔区科技路88号261号
萧涛,650747,13909945003,1,2568@sina.com,河南省郑州市二七区大学路80号599号
王杰,427066,15913543103,0,7294@qq.com,湖北省武汉市洪山区珞瑜路726号306号
马博,475494,18891318893,1,1892@126.com,河南省郑州市二七区大学路80号645号
于勇,832207,18902963199,0,4745@hotmail.com,上海市静安区南京西路1266号550号
王明,079097,13798897686,1,7180@gmail.com,黑龙江省哈尔滨市道里区中央大街99号229号
宋娟,566107,13145113420,1,9512@gmail.com,辽宁省大连市中山区人民路55号663号
陈明,264504,18893349279,1,6694@foxmail.com,黑龙江省哈尔滨市道里区中央大街99号871号
冯雪,214656,13366402639,1,9384@qq.com,上海市静安区南京西路1266号326号
吴敏,373378,15821065640,0,7588@163.com,天津市南开区卫津路94号853号
宋凯,647501,13873224435,0,5315@126.com,安徽省合肥市政务区潜山路111号437号
陈超,060114,13175078476,1,2209@outlook.com,黑龙江省哈尔滨市道里区中央大街99号208号
董欣,284368,18848087455,1,9817@sina.com,河南省郑州市二七区大学路80号351号
林磊,881303,13518265014,1,3867@gmail.com,北京市海淀区中关村大街1号337号
冯瑶,364205,15203787715,0,2002@outlook.com,江苏省南京市建邺区江东中路229号899号
宋强,382416,18879251514,0,750@foxmail.com,江苏省南京市建邺区江东中路229号915号
谢芳,813008,13859397025,0,719@gmail.com,黑龙江省哈尔滨市道里区中央大街99号384号
张俊,219080,13988220424,0,596@yahoo.com,天津市南开区卫津路94号6号
韩敏,673730,15926337940,1,6733@163.com,浙江省杭州市西湖区文二路188号925号
陈华,798694,18825126827,1,66@yahoo.com,北京市海淀区中关村大街1号974号
谢强,536324,15697832723,1,4066@yahoo.com,湖北省武汉市洪山区珞瑜路726号798号
张华,577110,15894574050,1,6195@sina.com,山东省青岛市市南区香港中路11号229号
梁丽,921081,13533133411,0,1050@gmail.com,广东省深圳市南山区科技园路8号262号
萧军,151256,18939450460,1,6344@outlook.com,上海市静安区南京西路1266号598号
王健,196145,18920650791,1,8857@hotmail.com,北京市海淀区中关村大街1号663号
梁军,558706,13121238501,0,4807@gmail.com,福建省厦门市思明区中山路400号67号
唐瑶,831230,18281126386,0,4601@yahoo.com,山东省青岛市市南区香港中路11号271号
郭雪,922121,18452346428,1,9052@qq.com,黑龙江省哈尔滨市道里区中央大街99号929号
郭俊,675587,15932436676,1,1509@yahoo.com,陕西省西安市未央区某某街道87号
罗强,941092,15005796771,1,6947@163.com,天津市南开区卫津路94号546号
梁峰,915000,18906891338,0,7995@163.com,湖北省武汉市洪山区珞瑜路726号488号
何婷,522026,13446354253,0,290@163.com,天津市南开区卫津路94号574号
于辉,335831,18796882172,1,7995@163.com,江苏省南京市建邺区江东中路229号171号
杨华,551495,15141802284,0,3245@163.com,江西省南昌市青山湖区北京东路456号733号
吴芳,618848,13401912643,1,768@sina.com,辽宁省大连市中山区人民路55号3号
罗强,157011,15734001864,1,2502@aliyun.com,四川省成都市高新区天府五街200号740号
张静,362923,15729443889,1,7902@126.com,重庆市渝北区金开大道68号538号
谢健,247729,18006085338,0,4815@126.com,重庆市渝北区金开大道68号753号
谢博,304766,15082026018,0,9451@aliyun.com,广东省深圳市南山区科技园路8号910号
黄雪,473839,13204652647,1,5630@163.com,黑龙江省哈尔滨市道里区中央大街99号542号
梁璐,867743,13436568266,0,839@gmail.com,湖北省武汉市洪山区珞瑜路726号915号
冯涛,963567,18576481249,1,4970@aliyun.com,广东省深圳市南山区科技园路8号730号
于娜,412418,13867021797,1,6867@aliyun.com,天津市南开区卫津路94号802号
高辉,736977,13813946480,0,6698@hotmail.com,江苏省南京市建邺区江东中路229号684号
谢伟,294374,13341191869,0,5124@yahoo.com,安徽省合肥市政务区潜山路111号849号
王超,746221,15314823181,0,4457@outlook.com,北京市海淀区中关村大街1号872号
黄健,147003,13892633232,1,5431@aliyun.com,山东省青岛市市南区香港中路11号976号
黄娜,949220,18658675561,0,7756@gmail.com,江西省南昌市青山湖区北京东路456号495号
马峰,338638,15020472519,1,9178@163.com,福建省厦门市思明区中山路400号922号
李峰,159157,18495522039,1,1571@163.com,陕西省西安市未央区某某街道44号
张强,270646,18048146419,0,8526@qq.com,四川省成都市高新区天府五街200号319号
高静,919743,13976255978,0,7555@qq.com,安徽省合肥市政务区潜山路111号860号
徐超,334633,18526483026,1,6663@aliyun.com,江西省南昌市青山湖区北京东路456号720号
何辉,107022,18385570787,0,249@foxmail.com,江西省南昌市青山湖区北京东路456号778号
何峰,023542,13668349732,0,8361@foxmail.com,福建省厦门市思明区中山路400号3号
黄悦,251285,18685620199,0,8707@gmail.com,福建省厦门市思明区中山路400号916号
于凯,339351,15059058950,0,3447@outlook.com,四川省成都市高新区天府五街200号253号
林强,543748,15313726398,1,1423@outlook.com,江西省南昌市青山湖区北京东路456号374号
陈俊,292171,15827822753,1,8791@163.com,福建省厦门市思明区中山路400号467号
何静,103115,13845043713,0,8752@126.com,河南省郑州市二七区大学路80号439号
刘军,964913,15062131303,1,5633@aliyun.com,天津市南开区卫津路94号505号
孙娜,754951,13296999180,1,1990@gmail.com,湖南省长沙市雨花区劳动西路102号456号
赵磊,158738,13079025933,1,1172@163.com,安徽省合肥市政务区潜山路111号968号
梁磊,612517,15621810078,1,9368@aliyun.com,江西省南昌市青山湖区北京东路456号627号
黄伟,317076,15960819675,1,1727@gmail.com,陕西省西安市未央区某某街道710号
李健,631213,15246334282,1,3974@163.com,江苏省南京市建邺区江东中路229号984号
赵强,266888,13649649957,1,8461@outlook.com,陕西省西安市雁塔区科技路88号851号
罗浩,209688,13098650962,1,5695@163.com,陕西省西安市雁塔区科技路88号402号
于艳,402759,15174020847,0,3784@aliyun.com,湖南省长沙市雨花区劳动西路102号886号
马敏,960722,15887655427,0,874@yahoo.com,北京市海淀区中关村大街1号843号
林辉,672330,18008086857,0,4340@sina.com,天津市南开区卫津路94号368号
周勇,414595,13084920782,1,1956@foxmail.com,吉林省长春市南关区人民大街123号108号
于涛,525833,15967562175,0,7818@outlook.com,重庆市渝北区金开大道68号363号
何伟,575007,13083898285,0,3461@gmail.com,北京市海淀区中关村大街1号257号
吴博,117037,18961472389,0,4748@aliyun.com,四川省成都市高新区天府五街200号607号
张娜,916089,15906568218,0,9857@outlook.com,安徽省合肥市政务区潜山路111号816号
林健,722298,13480233153,1,7608@aliyun.com,安徽省合肥市政务区潜山路111号858号
郑娜,504423,15810440870,0,6882@yahoo.com,广东省深圳市南山区科技园路8号691号
黄明,796918,15017607642,1,9617@outlook.com,湖南省长沙市雨花区劳动西路102号222号
郭辉,336629,13403099629,0,2753@126.com,广东省深圳市南山区科技园路8号97号
谢强,978214,13332928147,1,9517@aliyun.com,湖北省武汉市洪山区珞瑜路726号657号
王凯,444652,13618964964,1,9608@qq.com,辽宁省大连市中山区人民路55号450号
王洋,751671,18276100506,0,869@qq.com,山东省青岛市市南区香港中路11号256号
林欣,737457,15583691431,0,9932@foxmail.com,吉林省长春市南关区人民大街123号313号
赵刚,357673,18830729995,1,9883@hotmail.com,天津市南开区卫津路94号127号
王峰,673729,18850922044,0,6923@126.com,河南省郑州市二七区大学路80号365号
李芳,997638,13122754426,1,4330@163.com,山东省青岛市市南区香港中路11号102号
高军,682769,18918410035,1,749@yahoo.com,广东省深圳市南山区科技园路8号461号
罗健,757378,15391706527,0,4979@qq.com,上海市静安区南京西路1266号912号
于浩,894602,15016584154,1,878@hotmail.com,广东省深圳市南山区科技园路8号16号
高伟,028058,18239403890,0,2328@sina.com,上海市静安区南京西路1266号283号
郑璐,533561,18047316451,0,4596@aliyun.com,吉林省长春市南关区人民大街123号42号
胡娟,802168,18034860048,0,7410@yahoo.com,陕西省西安市雁塔区科技路88号950号
韩明,555232,15823596030,1,8517@outlook.com,福建省厦门市思明区中山路400号817号
赵敏,436420,13710507131,1,5419@aliyun.com,天津市南开区卫津路94号284号
韩文,129983,13017837834,0,9734@outlook.com,浙江省杭州市西湖区文二路188号963号
杨凯,988642,13340678286,1,9382@aliyun.com,江苏省南京市建邺区江东中路229号788号
马刚,626127,15729800810,0,5064@sina.com,陕西省西安市未央区某某街道18号
韩浩,239814,18628400835,1,4812@126.com,浙江省杭州市西湖区文二路188号301号
宋静,994554,13305086352,0,720@gmail.com,陕西省西安市雁塔区科技路88号278号
周浩,833623,15083288932,0,7162@yahoo.com,四川省成都市高新区天府五街200号769号
胡欣,962753,18849465292,1,2259@gmail.com,江西省南昌市青山湖区北京东路456号788号
谢刚,027924,15043706884,1,6249@sina.com,黑龙江省哈尔滨市道里区中央大街99号465号
周勇,909944,15797509069,1,140@sina.com,浙江省杭州市西湖区文二路188号992号
萧刚,103218,15375783118,0,3909@gmail.com,重庆市渝北区金开大道68号970号
于秀兰,244404,15217349212,1,873@yahoo.com,辽宁省大连市中山区人民路55号574号
郭磊,847845,15107364883,1,1314@163.com,重庆市渝北区金开大道68号683号
董健,804494,15886529663,1,5787@foxmail.com,广东省深圳市南山区科技园路8号195号
李浩,955072,18932149836,0,4810@126.com,河南省郑州市二七区大学路80号89号
李玲,188519,18241246609,0,1384@sina.com,吉林省长春市南关区人民大街123号811号
马涛,025780,18798554497,1,2418@163.com,上海市静安区南京西路1266号905号
冯芳,770377,18723803438,0,6609@163.com,浙江省杭州市西湖区文二路188号601号
王凯,372361,18737310295,0,3996@hotmail.com,重庆市渝北区金开大道68号764号
王伟,499027,18991198378,0,4903@163.com,四川省成都市高新区天府五街200号199号
王敏,265560,18344869497,0,9015@hotmail.com,河南省郑州市二七区大学路80号158号
梁文,710210,13829091159,0,6576@163.com,陕西省西安市未央区某某街道119号
刘婷,996855,15914717304,1,3009@sina.com,重庆市渝北区金开大道68号851号
高磊,872212,18459832098,0,123@126.com,天津市南开区卫津路94号324号
徐秀兰,363581,18898287378,1,1600@163.com,河南省郑州市二七区大学路80号702号
谢娟,993616,15186463694,1,2732@foxmail.com,江苏省南京市建邺区江东中路229号468号
谢平,468327,18052352014,1,2609@outlook.com,上海市静安区南京西路1266号720号
郭杰,253480,18460047667,0,5240@foxmail.com,江西省南昌市青山湖区北京东路456号421号
马洋,712383,18576349560,1,7233@hotmail.com,四川省成都市高新区天府五街200号628号
高健,623062,15305711424,1,2444@aliyun.com,重庆市渝北区金开大道68号561号
张敏,335434,15703460174,0,6619@yahoo.com,北京市海淀区中关村大街1号21号
王文,287632,18305339292,1,2740@outlook.com,四川省成都市高新区天府五街200号135号
李凯,879138,15528114563,0,3364@hotmail.com,黑龙江省哈尔滨市道里区中央大街99号925号
谢秀兰,808701,13472902172,1,5521@foxmail.com,河南省郑州市二七区大学路80号63号
冯华,860791,13057334049,0,6098@aliyun.com,辽宁省大连市中山区人民路55号361号
杨文,907411,18125368762,0,6422@126.com,安徽省合肥市政务区潜山路111号699号
吴丽,032303,18789463211,0,4575@126.com,湖南省长沙市雨花区劳动西路102号762号
谢璐,347835,18472791566,1,9648@126.com,天津市南开区卫津路94号562号
冯文,592016,15318557573,0,7130@163.com,重庆市渝北区金开大道68号61号
李明,088353,18898884460,1,2604@163.com,山东省青岛市市南区香港中路11号805号
于玲,441326,13234187722,0,9517@outlook.com,江西省南昌市青山湖区北京东路456号637号
冯超,853905,13868007650,1,8170@aliyun.com,湖南省长沙市雨花区劳动西路102号305号
郑秀兰,295567,13398456473,0,954@aliyun.com,天津市南开区卫津路94号38号
徐涛,050772,18833414590,0,7195@hotmail.com,江苏省南京市建邺区江东中路229号34号
李芳,221435,13147747516,0,3019@yahoo.com,吉林省长春市南关区人民大街123号600号
于芳,963924,18992107316,1,9340@outlook.com,河南省郑州市二七区大学路80号788号
高凯,693420,18131489826,0,3262@hotmail.com,安徽省合肥市政务区潜山路111号495号
刘欣,256401,13963081284,0,3744@yahoo.com,湖南省长沙市雨花区劳动西路102号769号
李浩,122375,18996286921,1,9680@yahoo.com,陕西省西安市雁塔区科技路88号860号
刘凯,772578,15975463623,1,6513@qq.com,重庆市渝北区金开大道68号986号
韩静,270060,13361098140,0,4316@163.com,北京市海淀区中关村大街1号320号
胡健,375565,13923784116,1,917@gmail.com,安徽省合肥市政务区潜山路111号618号
刘健,281774,18662997924,1,968@gmail.com,辽宁省大连市中山区人民路55号714号
宋俊,706102,13849667895,0,3652@yahoo.com,重庆市渝北区金开大道68号94号
高涛,161224,13093994014,1,7599@foxmail.com,重庆市渝北区金开大道68号453号
谢宇,804203,18702769641,1,3950@163.com,浙江省杭州市西湖区文二路188号390号
吴超,054255,13769816280,0,1215@foxmail.com,河南省郑州市二七区大学路80号403号
罗强,348373,18987785396,0,6626@qq.com,上海市静安区南京西路1266号17号
董玲,452728,15538944558,0,20@126.com,湖南省长沙市雨花区劳动西路102号76号
黄婷,656771,15299278768,1,8274@foxmail.com,重庆市渝北区金开大道68号455号
张悦,241612,15947588709,1,5510@aliyun.com,山东省青岛市市南区香港中路11号100号
高刚,252135,15998795781,1,7549@qq.com,浙江省杭州市西湖区文二路188号350号
萧军,887196,15968082864,1,7871@163.com,北京市海淀区中关村大街1号380号
于俊,180605,15684134402,0,4230@126.com,天津市南开区卫津路94号299号
宋霞,336320,18949977894,0,1316@gmail.com,黑龙江省哈尔滨市道里区中央大街99号781号
郑艳,386274,15977010696,0,8269@126.com,北京市海淀区中关村大街1号755号
王杰,113222,15237349096,0,2698@aliyun.com,北京市海淀区中关村大街1号582号
周峰,238492,18249432313,0,6372@126.com,黑龙江省哈尔滨市道里区中央大街99号223号
胡磊,824854,13405533283,1,3979@sina.com,陕西省西安市未央区某某街道203号
林璐,756833,13144005695,0,8177@outlook.com,广东省深圳市南山区科技园路8号136号
陈璐,212326,18546371623,0,1979@sina.com,上海市静安区南京西路1266号70号
郭强,352279,18924836580,1,2266@163.com,上海市静安区南京西路1266号211号
吴辉,716909,13870362444,1,8788@gmail.com,江苏省南京市建邺区江东中路229号140号
郑桂英,792404,15098768728,0,530@aliyun.com,广东省深圳市南山区科技园路8号124号
李霞,780626,15808599591,1,4575@foxmail.com,山东省青岛市市南区香港中路11号175号
唐洋,468385,13405794992,0,2158@yahoo.com,陕西省西安市雁塔区科技路88号382号
郭杰,694149,18376348792,1,121@outlook.com,江苏省南京市建邺区江东中路229号841号
黄强,184400,18089822106,1,6118@hotmail.com,湖北省武汉市洪山区珞瑜路726号786号
赵瑶,545457,13802486716,1,4408@126.com,河南省郑州市二七区大学路80号690号
徐宇,120842,15262750824,0,1918@aliyun.com,北京市海淀区中关村大街1号824号
王磊,915781,13666372945,0,3982@hotmail.com,湖北省武汉市洪山区珞瑜路726号217号
冯瑶,592197,18048223999,0,9923@gmail.com,上海市静安区南京西路1266号552号
谢洋,068164,15607344445,1,8752@163.com,辽宁省大连市中山区人民路55号117号
胡敏,492989,15521773176,0,9300@foxmail.com,湖北省武汉市洪山区珞瑜路726号868号
刘婷,596172,15600279273,0,9916@outlook.com,山东省青岛市市南区香港中路11号222号
徐涛,944783,13321316609,1,8475@126.com,广东省深圳市南山区科技园路8号611号
董娟,885648,13175843872,1,711@foxmail.com,天津市南开区卫津路94号892号
赵璐,124905,18437097632,0,8440@163.com,福建省厦门市思明区中山路400号426号
董敏,734896,15974088283,1,9963@126.com,重庆市渝北区金开大道68号170号
谢艳,273253,13318609225,0,757@163.com,陕西省西安市雁塔区科技路88号5号
高伟,074475,13751648917,1,8240@yahoo.com,辽宁省大连市中山区人民路55号906号
李俊,211389,13642386405,0,2127@yahoo.com,安徽省合肥市政务区潜山路111号916号
陈洋,432216,18464935286,1,602@126.com,江苏省南京市建邺区江东中路229号75号
周欣,145839,15136251187,0,4139@hotmail.com,黑龙江省哈尔滨市道里区中央大街99号698号
徐辉,443298,15922808282,1,2707@foxmail.com,广东省深圳市南山区科技园路8号713号
孙明,125451,18999226998,0,4160@qq.com,河南省郑州市二七区大学路80号845号
梁勇,272497,13385774925,0,8605@outlook.com,广东省深圳市南山区科技园路8号198号
冯婷,317684,18082791524,1,5614@qq.com,江苏省南京市建邺区江东中路229号801号
萧凯,865155,18075162801,1,7808@foxmail.com,辽宁省大连市中山区人民路55号103号
刘瑶,277262,13171833065,1,726@aliyun.com,陕西省西安市未央区某某街道349号
徐磊,579984,18066284473,0,4547@yahoo.com,江西省南昌市青山湖区北京东路456号583号
韩宇,405040,18099233332,0,3735@163.com,湖南省长沙市雨花区劳动西路102号164号
罗婷,095437,15124903680,0,8064@sina.com,山东省青岛市市南区香港中路11号737号
张明,871686,15546739229,1,7169@outlook.com,陕西省西安市未央区某某街道466号
谢涛,153636,18509137004,1,2002@163.com,江西省南昌市青山湖区北京东路456号270号
孙辉,202307,18443036268,0,4296@outlook.com,黑龙江省哈尔滨市道里区中央大街99号892号
梁峰,781937,15348216333,0,4264@126.com,山东省青岛市市南区香港中路11号654号
李峰,834689,13286175200,0,6374@qq.com,江苏省南京市建邺区江东中路229号988号
胡明,921879,13961887696,1,2576@hotmail.com,陕西省西安市雁塔区科技路88号227号
张瑶,211589,15819686093,1,9808@gmail.com,北京市海淀区中关村大街1号246号
赵超,908420,13639396844,1,4748@yahoo.com,黑龙江省哈尔滨市道里区中央大街99号723号
郑博,626229,18249914966,1,5109@hotmail.com,山东省青岛市市南区香港中路11号385号
杨秀兰,782848,15110209549,1,8208@sina.com,吉林省长春市南关区人民大街123号784号
陈磊,867062,13823735242,1,3324@hotmail.com,湖北省武汉市洪山区珞瑜路726号529号
何洋,440259,15064161016,0,6428@gmail.com,河南省郑州市二七区大学路80号709号
李健,757961,15823775364,1,330@gmail.com,北京市海淀区中关村大街1号450号
唐璐,629574,18617015282,0,2134@126.com,广东省深圳市南山区科技园路8号672号
李宇,548627,18106358326,1,3145@foxmail.com,黑龙江省哈尔滨市道里区中央大街99号81号
何磊,339011,13011626338,0,4111@sina.com,陕西省西安市雁塔区科技路88号152号
董瑶,857843,15343186158,0,8733@hotmail.com,黑龙江省哈尔滨市道里区中央大街99号144号
王峰,762452,18801572450,1,760@yahoo.com,安徽省合肥市政务区潜山路111号549号
孙平,453700,13517178938,1,2935@gmail.com,河南省郑州市二七区大学路80号82号
董文,415539,18095414130,0,5834@yahoo.com,陕西省西安市未央区某某街道297号
董杰,724283,13420670408,0,4979@aliyun.com,陕西省西安市雁塔区科技路88号717号
黄秀兰,867700,13002686446,1,8642@qq.com,湖北省武汉市洪山区珞瑜路726号335号
冯娟,906674,18188771318,1,3113@qq.com,湖南省长沙市雨花区劳动西路102号978号
王勇,300943,18058124590,0,1420@foxmail.com,广东省深圳市南山区科技园路8号208号
萧悦,939869,18446667979,1,1606@hotmail.com,重庆市渝北区金开大道68号229号
罗宇,579147,18709567401,1,3605@sina.com,浙江省杭州市西湖区文二路188号289号
林敏,369781,13683982190,0,1225@hotmail.com,湖北省武汉市洪山区珞瑜路726号454号
宋霞,725795,13575402557,0,4520@foxmail.com,陕西省西安市未央区某某街道672号
林悦,368780,15158564736,0,161@126.com,河南省郑州市二七区大学路80号374号
王华,785840,13830444483,0,3996@foxmail.com,陕西省西安市未央区某某街道414号
张敏,697514,13513819983,1,8087@foxmail.com,四川省成都市高新区天府五街200号89号
郑涛,630008,15367618728,1,8510@outlook.com,重庆市渝北区金开大道68号858号
董洋,009107,18366292785,1,6452@foxmail.com,北京市海淀区中关村大街1号998号
林霞,979177,18739529903,1,5451@sina.com,湖北省武汉市洪山区珞瑜路726号274号
何俊,341090,18783694008,0,6656@gmail.com,江西省南昌市青山湖区北京东路456号605号
董强,737375,18742805929,1,7304@gmail.com,陕西省西安市未央区某某街道69号
杨华,609559,13338558228,0,3783@aliyun.com,天津市南开区卫津路94号168号
黄欣,624451,15960073438,0,4870@outlook.com,黑龙江省哈尔滨市道里区中央大街99号87号
刘洋,553399,13913280184,1,1228@126.com,天津市南开区卫津路94号544号
吴峰,691032,15597197252,0,2846@126.com,福建省厦门市思明区中山路400号20号
杨军,370871,18694241496,1,9931@qq.com,黑龙江省哈尔滨市道里区中央大街99号744号
马浩,408973,15248292861,1,346@aliyun.com,陕西省西安市雁塔区科技路88号326号
唐俊,775609,15295717168,1,9744@163.com,北京市海淀区中关村大街1号837号
韩俊,116831,13002882801,0,9989@foxmail.com,广东省深圳市南山区科技园路8号506号
周艳,045204,13747953436,0,8219@foxmail.com,北京市海淀区中关村大街1号291号
韩强,859121,13440473487,1,5451@qq.com,湖南省长沙市雨花区劳动西路102号789号
朱超,510469,15701583105,1,5236@qq.com,陕西省西安市未央区某某街道679号
林华,883028,15925795447,0,5033@qq.com,浙江省杭州市西湖区文二路188号325号
刘洋,686956,13824507895,1,3952@outlook.com,北京市海淀区中关村大街1号831号
于玲,722671,13483621084,1,3306@gmail.com,陕西省西安市未央区某某街道345号
张涛,522550,15800164998,0,5806@foxmail.com,河南省郑州市二七区大学路80号191号
刘磊,455620,15888774887,0,3701@126.com,安徽省合肥市政务区潜山路111号790号
朱娟,575969,18719461028,1,5379@gmail.com,陕西省西安市未央区某某街道310号
郑洋,859510,15222104727,0,6034@126.com,湖南省长沙市雨花区劳动西路102号211号
林敏,350452,18592563771,0,2508@foxmail.com,陕西省西安市雁塔区科技路88号993号
林平,813783,13191598683,1,7116@sina.com,吉林省长春市南关区人民大街123号798号
何军,478808,18706214928,1,3132@yahoo.com,黑龙江省哈尔滨市道里区中央大街99号816号
韩芳,559777,18928662607,1,8238@foxmail.com,上海市静安区南京西路1266号921号
冯丽,733034,15557258794,0,640@aliyun.com,安徽省合肥市政务区潜山路111号808号
吴浩,112280,15536749689,0,9878@qq.com,安徽省合肥市政务区潜山路111号890号
唐艳,566524,15393450212,1,9736@gmail.com,湖北省武汉市洪山区珞瑜路726号465号
朱强,236235,15789165375,1,7914@foxmail.com,陕西省西安市未央区某某街道91号
郭杰,106453,18732308313,0,1684@163.com,北京市海淀区中关村大街1号41号
郭婷,169884,13776425340,0,2250@outlook.com,山东省青岛市市南区香港中路11号331号
唐鹏,281826,18570375974,0,744@hotmail.com,安徽省合肥市政务区潜山路111号866号
周刚,585487,18713216189,0,964@foxmail.com,重庆市渝北区金开大道68号782号
刘洋,376247,18086606742,1,6366@gmail.com,湖南省长沙市雨花区劳动西路102号286号
郑雪,232592,13403689325,0,2675@sina.com,上海市静安区南京西路1266号163号
马娟,749510,18089763395,0,7798@qq.com,吉林省长春市南关区人民大街123号690号
何敏,532896,18046877154,1,7149@sina.com,黑龙江省哈尔滨市道里区中央大街99号58号
赵涛,845994,15650451408,0,5534@163.com,黑龙江省哈尔滨市道里区中央大街99号160号
王桂英,742243,15636204304,1,9617@qq.com,山东省青岛市市南区香港中路11号498号
朱文,492788,18656544113,1,8050@163.com,河南省郑州市二七区大学路80号757号
孙霞,691136,13317322076,1,2288@126.com,江苏省南京市建邺区江东中路229号383号
高宇,838417,15094174556,0,260@qq.com,吉林省长春市南关区人民大街123号510号
李明,271115,18467592584,1,7422@sina.com,黑龙江省哈尔滨市道里区中央大街99号875号
胡凯,646274,13104949858,0,3817@126.com,陕西省西安市未央区某某街道994号
孙玲,673312,15719609638,1,6831@qq.com,四川省成都市高新区天府五街200号691号
刘芳,885162,13882114189,1,2205@foxmail.com,江西省南昌市青山湖区北京东路456号284号
宋静,112823,13805641759,0,1850@163.com,山东省青岛市市南区香港中路11号359号
郑婷,918713,15214788550,1,1270@163.com,山东省青岛市市南区香港中路11号490号
高娟,574164,13052100722,0,5078@outlook.com,浙江省杭州市西湖区文二路188号373号
王宇,515198,13941594774,1,3645@yahoo.com,江苏省南京市建邺区江东中路229号608号
高娜,485714,13224020364,1,7253@126.com,浙江省杭州市西湖区文二路188号25号
冯华,547219,18892690405,1,5777@gmail.com,黑龙江省哈尔滨市道里区中央大街99号88号
林桂英,721458,15018064877,0,6701@outlook.com,陕西省西安市雁塔区科技路88号371号
于浩,017786,18371540770,0,8775@qq.com,黑龙江省哈尔滨市道里区中央大街99号800号
周娜,910512,18712625706,1,2216@qq.com,吉林省长春市南关区人民大街123号785号
朱艳,399839,15874015867,0,7605@sina.com,湖北省武汉市洪山区珞瑜路726号19号
何刚,215622,13918630760,0,5518@yahoo.com,江西省南昌市青山湖区北京东路456号636号
郑桂英,981015,18694737372,0,8488@126.com,湖南省长沙市雨花区劳动西路102号815号
张芳,815320,13418980231,0,1727@gmail.com,湖北省武汉市洪山区珞瑜路726号569号
韩艳,558593,15002420293,1,2127@foxmail.com,浙江省杭州市西湖区文二路188号165号
杨瑶,072564,13194777429,0,400@hotmail.com,北京市海淀区中关村大街1号658号
林杰,144180,18816480869,0,9011@outlook.com,安徽省合肥市政务区潜山路111号830号
梁鹏,413228,13201421813,1,4662@163.com,江西省南昌市青山湖区北京东路456号990号
冯洋,328534,15348615183,1,5714@gmail.com,天津市南开区卫津路94号340号
周霞,856746,15127250865,1,4335@qq.com,安徽省合肥市政务区潜山路111号841号
吴明,019908,15624857010,0,3926@qq.com,浙江省杭州市西湖区文二路188号662号
郭刚,555640,13525982654,1,1486@foxmail.com,山东省青岛市市南区香港中路11号420号
吴辉,873268,15171777597,0,9574@hotmail.com,山东省青岛市市南区香港中路11号400号
赵强,939391,15115537862,1,9769@gmail.com,浙江省杭州市西湖区文二路188号946号
王辉,848099,15594533331,1,8571@foxmail.com,黑龙江省哈尔滨市道里区中央大街99号414号
高伟,604246,18847423392,0,1019@yahoo.com,山东省青岛市市南区香港中路11号599号
朱玲,980943,15648155622,0,5391@outlook.com,黑龙江省哈尔滨市道里区中央大街99号506号
何健,714349,15857111504,1,3383@hotmail.com,江苏省南京市建邺区江东中路229号926号
陈平,725827,15938290168,1,9546@outlook.com,吉林省长春市南关区人民大街123号977号
萧鹏,572603,13278858504,1,3916@sina.com,浙江省杭州市西湖区文二路188号491号
冯勇,010551,13130414855,0,9370@hotmail.com,湖南省长沙市雨花区劳动西路102号563号
赵平,196328,13496343350,0,645@foxmail.com,吉林省长春市南关区人民大街123号366号
郭婷,397700,18322605555,0,1243@yahoo.com,上海市静安区南京西路1266号259号
李俊,235554,15014472734,0,3191@gmail.com,河南省郑州市二七区大学路80号964号
郑健,019581,13729554770,1,2515@gmail.com,江苏省南京市建邺区江东中路229号378号
陈健,304793,18284009081,1,8126@aliyun.com,江苏省南京市建邺区江东中路229号897号
何强,119138,13990912328,0,3127@126.com,上海市静安区南京西路1266号395号
林娟,432017,18530328992,0,6847@aliyun.com,河南省郑州市二七区大学路80号322号
何艳,758965,15286052149,1,8164@126.com,北京市海淀区中关村大街1号733号
胡俊,092602,18872067812,0,3096@qq.com,黑龙江省哈尔滨市道里区中央大街99号735号
韩悦,086663,13956016678,1,6239@foxmail.com,山东省青岛市市南区香港中路11号551号
何华,677836,13189534286,1,6372@outlook.com,山东省青岛市市南区香港中路11号402号
于欣,324887,13952817705,1,5367@qq.com,江西省南昌市青山湖区北京东路456号482号
周涛,835407,13655064695,0,168@foxmail.com,陕西省西安市未央区某某街道967号
吴磊,710655,13954233825,0,6069@aliyun.com,四川省成都市高新区天府五街200号361号
赵悦,750549,18254768225,1,2039@qq.com,江苏省南京市建邺区江东中路229号221号
郭秀兰,044479,15621114776,1,4763@sina.com,重庆市渝北区金开大道68号565号
孙芳,280383,18542249393,1,7251@sina.com,浙江省杭州市西湖区文二路188号110号
郭健,558219,13614219196,0,3784@foxmail.com,福建省厦门市思明区中山路400号775号
郭悦,023326,15572427027,0,5975@outlook.com,天津市南开区卫津路94号26号
于婷,838611,13300802654,1,8003@aliyun.com,湖南省长沙市雨花区劳动西路102号658号
徐超,782413,18294573027,0,6834@163.com,江苏省南京市建邺区江东中路229号405号
萧军,992271,18906630624,1,6637@outlook.com,辽宁省大连市中山区人民路55号18号
赵桂英,483788,18880824316,1,8332@yahoo.com,江西省南昌市青山湖区北京东路456号238号
宋玲,542276,13492492378,1,7275@163.com,黑龙江省哈尔滨市道里区中央大街99号452号
张峰,264694,15987759042,0,7664@126.com,浙江省杭州市西湖区文二路188号342号
吴芳,707301,13078522984,0,1239@gmail.com,重庆市渝北区金开大道68号19号
于悦,102696,15500708092,0,8478@qq.com,北京市海淀区中关村大街1号771号
于鹏,606572,18696002232,1,1190@qq.com,吉林省长春市南关区人民大街123号504号
梁悦,935784,13764762436,1,7170@aliyun.com,广东省深圳市南山区科技园路8号185号
马霞,297107,18057626376,1,1895@outlook.com,湖北省武汉市洪山区珞瑜路726号180号
徐霞,846244,18138546550,0,9346@163.com,四川省成都市高新区天府五街200号551号
梁峰,971223,13010202745,0,2545@foxmail.com,陕西省西安市未央区某某街道947号
宋文,666844,15635882954,0,4050@gmail.com,陕西省西安市雁塔区科技路88号344号
郭雪,758809,18836237443,0,6223@foxmail.com,福建省厦门市思明区中山路400号29号
梁霞,659719,18594162816,1,6546@gmail.com,河南省郑州市二七区大学路80号198号
宋博,823517,15565775425,0,6779@yahoo.com,江苏省南京市建邺区江东中路229号588号
李鹏,776784,13762585718,1,680@yahoo.com,山东省青岛市市南区香港中路11号993号
梁勇,172260,15282714095,0,18@outlook.com,浙江省杭州市西湖区文二路188号99号
张宇,897398,13322374194,1,2886@126.com,广东省深圳市南山区科技园路8号18号
于军,663468,13826468248,1,8893@foxmail.com,上海市静安区南京西路1266号992号
李艳,024613,15127026146,1,4983@yahoo.com,四川省成都市高新区天府五街200号720号
唐文,780767,18279176847,1,2903@126.com,湖北省武汉市洪山区珞瑜路726号537号
何瑶,167904,18014400413,1,7636@qq.com,辽宁省大连市中山区人民路55号5号
王瑶,787299,15136732197,1,4260@gmail.com,吉林省长春市南关区人民大街123号950号
张欣,787601,13808882325,0,4033@outlook.com,吉林省长春市南关区人民大街123号726号
周峰,317672,18289949775,1,3020@126.com,天津市南开区卫津路94号613号
胡辉,153797,15330880258,0,5713@foxmail.com,北京市海淀区中关村大街1号279号
周艳,794778,13165894900,1,6207@hotmail.com,四川省成都市高新区天府五街200号505号
朱华,415169,15180861610,1,3639@outlook.com,江西省南昌市青山湖区北京东路456号489号
郭杰,653791,15993916161,0,6902@hotmail.com,河南省郑州市二七区大学路80号349号
张宇,683811,13778900960,0,9249@foxmail.com,黑龙江省哈尔滨市道里区中央大街99号464号
赵鹏,571390,15778088949,0,9154@163.com,陕西省西安市雁塔区科技路88号505号
吴艳,711693,15266413582,1,528@gmail.com,山东省青岛市市南区香港中路11号609号
王玲,441177,13390463001,1,5077@aliyun.com,上海市静安区南京西路1266号634号
韩健,756926,18233192928,0,4593@aliyun.com,辽宁省大连市中山区人民路55号27号
胡丽,848922,13231725915,1,170@hotmail.com,河南省郑州市二七区大学路80号938号
周桂英,581081,13494306174,1,2020@sina.com,湖北省武汉市洪山区珞瑜路726号160号
董秀兰,076660,18763046609,0,4901@hotmail.com,江苏省南京市建邺区江东中路229号513号
董俊,646731,18032872242,1,8079@hotmail.com,陕西省西安市未央区某某街道25号
韩杰,674288,18186400155,1,8474@163.com,福建省厦门市思明区中山路400号180号
高健,507717,15061534212,1,8276@hotmail.com,陕西省西安市未央区某某街道144号
何艳,096645,15799081072,1,4928@qq.com,黑龙江省哈尔滨市道里区中央大街99号819号
周鹏,366584,13069454232,1,7557@outlook.com,重庆市渝北区金开大道68号507号
宋强,230790,15539038432,0,1571@gmail.com,吉林省长春市南关区人民大街123号536号
王军,302480,18410992416,1,1417@gmail.com,北京市海淀区中关村大街1号283号
王洋,364396,18728690232,1,2112@gmail.com,陕西省西安市未央区某某街道756号
冯超,759002,13551441415,1,8448@163.com,安徽省合肥市政务区潜山路111号186号
郑文,216700,18483955252,1,3809@hotmail.com,黑龙江省哈尔滨市道里区中央大街99号165号
于欣,051471,15146395492,0,9959@126.com,黑龙江省哈尔滨市道里区中央大街99号966号
周秀兰,119048,18110541761,1,1713@sina.com,河南省郑州市二七区大学路80号651号
张军,629556,18871774028,0,7295@163.com,重庆市渝北区金开大道68号338号
梁雪,214106,18055527391,0,8322@qq.com,黑龙江省哈尔滨市道里区中央大街99号827号
林芳,182980,13766211722,0,93@126.com,广东省深圳市南山区科技园路8号884号
何华,309702,18854628963,0,2548@126.com,陕西省西安市未央区某某街道865号
马洋,786463,18888221363,1,588@sina.com,江苏省南京市建邺区江东中路229号338号
黄博,444456,18524855598,0,9201@yahoo.com,重庆市渝北区金开大道68号314号
郭桂英,649438,15949234369,0,8219@aliyun.com,天津市南开区卫津路94号936号
赵俊,198036,13543048860,0,8527@sina.com,天津市南开区卫津路94号581号
陈勇,314907,13654624238,0,7745@aliyun.com,陕西省西安市未央区某某街道502号
何艳,579702,13738219229,1,9151@outlook.com,陕西省西安市未央区某某街道120号
何刚,880845,13034009953,0,5151@gmail.com,山东省青岛市市南区香港中路11号399号
刘悦,387443,15270971655,0,8033@126.com,吉林省长春市南关区人民大街123号163号
胡明,526386,18212741228,1,9896@hotmail.com,福建省厦门市思明区中山路400号476号
罗瑶,207227,13185677002,0,1090@foxmail.com,天津市南开区卫津路94号817号
孙芳,442175,13959927000,1,461@foxmail.com,辽宁省大连市中山区人民路55号237号
陈华,190505,13549038493,1,9059@163.com,吉林省长春市南关区人民大街123号415号
郭静,266820,18244580888,0,5490@yahoo.com,安徽省合肥市政务区潜山路111号845号
马伟,570649,15038252178,1,3845@gmail.com,辽宁省大连市中山区人民路55号260号
张宇,898042,18758610072,0,9769@hotmail.com,安徽省合肥市政务区潜山路111号226号
张峰,666837,15672910659,0,1161@126.com,重庆市渝北区金开大道68号695号
何璐,366196,18624591470,0,6675@qq.com,重庆市渝北区金开大道68号193号
谢辉,844223,13733167234,1,3456@foxmail.com,山东省青岛市市南区香港中路11号604号
李芳,677335,15659946736,0,7907@hotmail.com,重庆市渝北区金开大道68号320号
刘玲,532637,18385375340,0,1879@sina.com,山东省青岛市市南区香港中路11号688号
高磊,273965,13556115936,1,7623@gmail.com,安徽省合肥市政务区潜山路111号776号
杨军,946023,13599733887,0,595@yahoo.com,北京市海淀区中关村大街1号191号
马秀兰,006169,13499965147,0,3983@sina.com,上海市静安区南京西路1266号105号
周丽,218818,15941744182,0,8240@sina.com,上海市静安区南京西路1266号535号
韩芳,428561,18986377063,0,1428@hotmail.com,广东省深圳市南山区科技园路8号559号
朱宇,590399,15719864010,0,8811@163.com,四川省成都市高新区天府五街200号773号
郑娟,353704,15375856440,1,9919@hotmail.com,吉林省长春市南关区人民大街123号319号
郑鹏,421204,13146910136,0,8408@yahoo.com,陕西省西安市雁塔区科技路88号360号
李磊,190398,18150444734,1,4253@foxmail.com,北京市海淀区中关村大街1号859号
张鹏,922916,13554002852,0,9766@hotmail.com,浙江省杭州市西湖区文二路188号526号
林玲,296365,15751591807,0,2687@foxmail.com,四川省成都市高新区天府五街200号531号
于凯,304961,13841466101,1,5065@hotmail.com,四川省成都市高新区天府五街200号995号
高勇,519934,13991097623,1,9471@foxmail.com,重庆市渝北区金开大道68号641号
周鹏,559369,18738543199,1,7793@126.com,重庆市渝北区金开大道68号517号
赵明,087499,13932977310,0,8268@hotmail.com,重庆市渝北区金开大道68号605号
于婷,888392,15911040411,1,3796@qq.com,湖北省武汉市洪山区珞瑜路726号604号
罗鹏,173707,18446688303,0,7627@foxmail.com,湖北省武汉市洪山区珞瑜路726号365号
萧敏,133367,18631126357,0,2655@aliyun.com,陕西省西安市未央区某某街道725号
于玲,372087,13412175556,0,6976@sina.com,天津市南开区卫津路94号625号
高悦,039051,13093187201,1,2527@sina.com,北京市海淀区中关村大街1号157号
吴刚,280381,15599029561,0,7488@foxmail.com,安徽省合肥市政务区潜山路111号318号
冯超,706797,18453605046,0,5814@gmail.com,辽宁省大连市中山区人民路55号57号
萧婷,368117,18054661165,0,653@126.com,福建省厦门市思明区中山路400号44号
杨浩,010114,15253650206,0,1227@hotmail.com,上海市静安区南京西路1266号981号
高鹏,867537,18868536660,1,8947@sina.com,福建省厦门市思明区中山路400号152号
吴俊,115431,15508096091,0,1891@sina.com,吉林省长春市南关区人民大街123号45号
谢凯,756336,18457493992,0,388@163.com,重庆市渝北区金开大道68号922号
马辉,132171,15744971286,1,792@outlook.com,河南省郑州市二七区大学路80号794号
董雪,475030,18755081712,0,8508@hotmail.com,天津市南开区卫津路94号575号
董俊,577724,13431802072,1,7420@foxmail.com,浙江省杭州市西湖区文二路188号779号
何敏,005236,15796215029,1,9618@gmail.com,安徽省合肥市政务区潜山路111号9号
郑博,610910,13257508272,1,9826@126.com,陕西省西安市雁塔区科技路88号52号
林霞,142006,18584367777,1,7039@sina.com,陕西省西安市未央区某某街道189号
张静,925280,18295998140,0,7909@gmail.com,上海市静安区南京西路1266号471号
于秀兰,368842,13641701480,0,5720@foxmail.com,天津市南开区卫津路94号3号
张宇,372830,15210417235,1,3491@outlook.com,浙江省杭州市西湖区文二路188号988号
杨悦,848542,18118391012,1,2548@hotmail.com,河南省郑州市二七区大学路80号301号
徐婷,803786,18349746366,1,8027@aliyun.com,北京市海淀区中关村大街1号264号
郭超,163056,18396859698,1,4677@aliyun.com,四川省成都市高新区天府五街200号768号
孙桂英,089674,15262172612,1,8363@gmail.com,山东省青岛市市南区香港中路11号65号
马洋,601162,15885268667,0,7301@gmail.com,吉林省长春市南关区人民大街123号362号
杨静,227567,13345373607,0,5837@qq.com,上海市静安区南京西路1266号947号
黄桂英,719796,13653402547,0,2096@qq.com,陕西省西安市雁塔区科技路88号653号
谢秀兰,755091,13192155041,0,8491@aliyun.com,上海市静安区南京西路1266号355号
何霞,514289,18063486774,0,1939@163.com,陕西省西安市未央区某某街道737号
郭文,878635,13141208076,1,1114@yahoo.com,四川省成都市高新区天府五街200号778号
林文,976940,13936069598,0,4166@yahoo.com,湖南省长沙市雨花区劳动西路102号828号
徐健,665223,13814154633,0,4189@163.com,陕西省西安市未央区某某街道797号
王丽,683466,15870105020,0,5764@outlook.com,天津市南开区卫津路94号43号
宋辉,248513,18743576884,0,4644@foxmail.com,天津市南开区卫津路94号218号
赵健,320340,18386995518,0,6574@126.com,重庆市渝北区金开大道68号545号
高欣,204011,15621785555,0,2081@aliyun.com,北京市海淀区中关村大街1号394号
马秀兰,441977,13659396379,0,8156@aliyun.com,天津市南开区卫津路94号714号
徐雪,312889,18658934364,1,3155@aliyun.com,重庆市渝北区金开大道68号921号
何杰,946564,18462540566,1,9524@outlook.com,河南省郑州市二七区大学路80号191号
胡秀兰,714599,18106698256,0,7554@sina.com,江西省南昌市青山湖区北京东路456号217号
杨鹏,999833,15532628269,0,102@gmail.com,辽宁省大连市中山区人民路55号521号
宋霞,647591,15266940573,0,6933@163.com,四川省成都市高新区天府五街200号680号
孙洋,133836,15238835005,1,633@hotmail.com,福建省厦门市思明区中山路400号603号
徐明,810522,18985325028,0,3510@126.com,福建省厦门市思明区中山路400号908号
郑明,504550,18904337733,1,4175@gmail.com,福建省厦门市思明区中山路400号568号
李艳,432076,18134661513,0,9154@hotmail.com,广东省深圳市南山区科技园路8号465号
罗浩,980910,18666059427,1,1798@hotmail.com,辽宁省大连市中山区人民路55号720号
林雪,220429,15327495894,1,1891@126.com,上海市静安区南京西路1266号216号
张华,150791,15075470156,0,8510@aliyun.com,湖北省武汉市洪山区珞瑜路726号355号
梁华,474325,15855940251,1,9933@aliyun.com,黑龙江省哈尔滨市道里区中央大街99号280号
黄明,768760,18242800051,0,8199@gmail.com,江苏省南京市建邺区江东中路229号553号
罗静,807364,13455299381,1,6846@foxmail.com,北京市海淀区中关村大街1号72号
于宇,392885,15746000106,0,1411@yahoo.com,上海市静安区南京西路1266号120号
郭浩,751360,15069215369,1,5862@hotmail.com,浙江省杭州市西湖区文二路188号470号
何娜,748475,18578476031,0,4155@sina.com,广东省深圳市南山区科技园路8号801号
周芳,720176,15580549765,1,1662@aliyun.com,辽宁省大连市中山区人民路55号284号
赵桂英,574283,18421622089,0,5706@hotmail.com,安徽省合肥市政务区潜山路111号450号
何辉,680669,15515263015,0,4107@qq.com,辽宁省大连市中山区人民路55号993号
董娟,180588,18677690768,1,2822@gmail.com,安徽省合肥市政务区潜山路111号586号
胡静,371200,15385065547,1,8334@yahoo.com,广东省深圳市南山区科技园路8号243号
吴洋,205420,18951615042,0,6042@163.com,浙江省杭州市西湖区文二路188号176号
黄丽,713970,18461856551,1,9726@outlook.com,广东省深圳市南山区科技园路8号225号
马浩,370389,15766899005,0,687@aliyun.com,山东省青岛市市南区香港中路11号655号
胡宇,213783,15778841640,0,8848@qq.com,辽宁省大连市中山区人民路55号619号
王艳,454730,15353227430,1,1712@yahoo.com,吉林省长春市南关区人民大街123号409号
陈刚,678072,13821561272,0,5409@hotmail.com,重庆市渝北区金开大道68号485号
林刚,699831,13834711955,1,6124@aliyun.com,江西省南昌市青山湖区北京东路456号716号
孙桂英,782040,15633525906,1,2509@163.com,陕西省西安市未央区某某街道844号
萧芳,165273,15885428511,0,6578@gmail.com,江苏省南京市建邺区江东中路229号258号
刘瑶,282434,15902180171,0,1773@126.com,江西省南昌市青山湖区北京东路456号389号
郑桂英,804864,13399169925,0,215@qq.com,陕西省西安市雁塔区科技路88号102号
周婷,603741,18573126932,1,1834@sina.com,河南省郑州市二七区大学路80号736号
徐艳,838608,15796185582,0,338@163.com,陕西省西安市雁塔区科技路88号852号
黄娟,488637,18578197072,0,1921@aliyun.com,江苏省南京市建邺区江东中路229号808号
高雪,627044,15702366405,1,9164@gmail.com,四川省成都市高新区天府五街200号466号
陈欣,444230,13047413612,0,2310@163.com,湖南省长沙市雨花区劳动西路102号753号
冯瑶,795608,13152883547,0,5632@qq.com,北京市海淀区中关村大街1号240号
王欣,815250,15836948042,1,6@foxmail.com,吉林省长春市南关区人民大街123号120号
李俊,522331,13187101372,0,2193@sina.com,河南省郑州市二七区大学路80号279号
谢俊,588398,13872655839,0,9040@hotmail.com,陕西省西安市未央区某某街道294号
马欣,476756,13956950041,1,5163@outlook.com,浙江省杭州市西湖区文二路188号325号
罗玲,919912,18079932533,0,2528@foxmail.com,湖南省长沙市雨花区劳动西路102号296号
王峰,865270,13967831275,0,2626@aliyun.com,天津市南开区卫津路94号760号
于勇,060920,13363213620,0,2532@sina.com,辽宁省大连市中山区人民路55号9号
罗文,457931,13681720227,0,7988@sina.com,江西省南昌市青山湖区北京东路456号21号
韩超,087493,18529582083,1,7119@foxmail.com,广东省深圳市南山区科技园路8号871号
萧悦,960541,13732666777,0,4471@hotmail.com,江西省南昌市青山湖区北京东路456号134号
林峰,035656,13087677305,1,1844@aliyun.com,江西省南昌市青山湖区北京东路456号946号
吴静,851830,18097682362,0,9904@aliyun.com,北京市海淀区中关村大街1号974号
林静,481236,15049496836,1,1221@sina.com,广东省深圳市南山区科技园路8号70号
韩婷,768937,13387707434,0,6371@foxmail.com,陕西省西安市雁塔区科技路88号118号
李文,066125,18244533782,1,485@126.com,广东省深圳市南山区科技园路8号407号
何杰,768610,18559102967,0,1354@foxmail.com,浙江省杭州市西湖区文二路188号181号
郭涛,838337,18740167593,0,9458@126.com,上海市静安区南京西路1266号689号
何霞,640090,15756280072,0,2570@gmail.com,湖北省武汉市洪山区珞瑜路726号956号
朱瑶,108602,15003321799,0,8223@163.com,天津市南开区卫津路94号588号
郭伟,486785,13251834153,1,9842@aliyun.com,河南省郑州市二七区大学路80号625号
宋强,814336,13197476536,0,5962@outlook.com,湖南省长沙市雨花区劳动西路102号618号
萧芳,124725,18608799919,1,4943@yahoo.com,江苏省南京市建邺区江东中路229号334号
谢丽,416981,13548955277,0,4311@sina.com,吉林省长春市南关区人民大街123号845号
孙辉,493138,15204598982,0,1253@yahoo.com,浙江省杭州市西湖区文二路188号841号
周娟,842797,13713650495,1,919@outlook.com,重庆市渝北区金开大道68号68号
杨悦,584253,18133077550,0,9385@outlook.com,上海市静安区南京西路1266号665号
赵平,993384,13490017930,1,6953@163.com,湖北省武汉市洪山区珞瑜路726号888号
高文,868779,18260646675,0,9240@aliyun.com,湖南省长沙市雨花区劳动西路102号172号
林俊,985869,13797856626,0,2393@163.com,辽宁省大连市中山区人民路55号426号
董健,460748,13786538999,1,6528@foxmail.com,吉林省长春市南关区人民大街123号966号
高玲,558612,18043767376,1,7709@aliyun.com,吉林省长春市南关区人民大街123号138号
徐凯,729823,13634819949,0,3539@qq.com,江苏省南京市建邺区江东中路229号46号
唐杰,073331,18493799350,1,2187@163.com,湖北省武汉市洪山区珞瑜路726号688号
董娟,486989,18744396997,0,3737@qq.com,四川省成都市高新区天府五街200号104号
郭静,319749,13092180605,1,5035@qq.com,黑龙江省哈尔滨市道里区中央大街99号176号
赵鹏,092049,18587961986,1,8407@gmail.com,吉林省长春市南关区人民大街123号527号
张婷,716478,13019627678,1,9953@foxmail.com,陕西省西安市雁塔区科技路88号349号
冯雪,738264,13839980462,1,2490@sina.com,吉林省长春市南关区人民大街123号590号
萧瑶,819135,18235344783,0,8650@sina.com,河南省郑州市二七区大学路80号577号
林娟,723732,18863117530,1,9933@aliyun.com,吉林省长春市南关区人民大街123号208号
李洋,490174,15611889692,0,908@126.com,广东省深圳市南山区科技园路8号272号
胡欣,467178,13133480265,0,5131@163.com,重庆市渝北区金开大道68号431号
朱霞,514006,15541952441,1,1443@hotmail.com,吉林省长春市南关区人民大街123号520号
董伟,614333,15379859451,1,9852@126.com,北京市海淀区中关村大街1号36号
萧玲,344822,18088019168,1,2558@aliyun.com,安徽省合肥市政务区潜山路111号205号
罗桂英,013120,15187800670,0,5723@qq.com,黑龙江省哈尔滨市道里区中央大街99号758号
何桂英,896637,15975986405,0,7780@yahoo.com,辽宁省大连市中山区人民路55号324号
萧明,955975,13252923928,0,9813@outlook.com,四川省成都市高新区天府五街200号648号
吴娟,683772,13112811731,1,522@qq.com,黑龙江省哈尔滨市道里区中央大街99号549号
张涛,437007,15880520383,1,7323@yahoo.com,陕西省西安市未央区某某街道26号
周勇,880117,18801990840,1,976@aliyun.com,江西省南昌市青山湖区北京东路456号45号
梁洋,375714,15397598873,0,7774@gmail.com,重庆市渝北区金开大道68号589号
梁敏,076861,13176859542,1,1988@outlook.com,陕西省西安市未央区某某街道458号
陈雪,822625,15743250429,1,8027@gmail.com,辽宁省大连市中山区人民路55号315号
吴悦,835110,13412897447,1,9522@yahoo.com,陕西省西安市雁塔区科技路88号136号
郑婷,604248,15559066866,1,312@163.com,辽宁省大连市中山区人民路55号789号
韩勇,911005,18480176067,0,54@foxmail.com,江西省南昌市青山湖区北京东路456号295号
高明,039311,15051255552,0,9022@gmail.com,广东省深圳市南山区科技园路8号783号
马文,473547,13333388227,0,273@126.com,辽宁省大连市中山区人民路55号463号
朱桂英,369756,15916462444,0,2030@126.com,辽宁省大连市中山区人民路55号614号
罗洋,401275,13082660761,0,3588@aliyun.com,陕西省西安市未央区某某街道951号
林刚,773335,15094750239,1,4906@aliyun.com,湖北省武汉市洪山区珞瑜路726号502号
韩婷,501447,13148537567,0,5598@yahoo.com,福建省厦门市思明区中山路400号854号
董娜,768752,18370180064,0,1468@126.com,四川省成都市高新区天府五街200号777号
赵伟,103378,13923768415,0,3222@sina.com,上海市静安区南京西路1266号513号
黄勇,870809,13582703315,0,1601@foxmail.com,浙江省杭州市西湖区文二路188号841号
高勇,410005,18734585174,0,6266@163.com,浙江省杭州市西湖区文二路188号945号
周雪,525874,15868143709,1,7864@gmail.com,重庆市渝北区金开大道68号228号
黄杰,746939,18651138548,0,212@gmail.com,河南省郑州市二七区大学路80号903号
杨华,225843,13456141432,0,9878@sina.com,浙江省杭州市西湖区文二路188号979号
朱桂英,469980,13691029224,1,4052@aliyun.com,江苏省南京市建邺区江东中路229号98号
刘静,433284,15104285597,1,8624@foxmail.com,浙江省杭州市西湖区文二路188号912号
孙雪,147279,18420475817,0,9663@sina.com,安徽省合肥市政务区潜山路111号314号
杨秀兰,665206,15299771327,0,1917@sina.com,上海市静安区南京西路1266号65号
萧凯,424608,15828074147,1,8910@sina.com,江西省南昌市青山湖区北京东路456号175号
张勇,316310,18779247137,0,689@aliyun.com,辽宁省大连市中山区人民路55号286号
张娟,101353,15631076168,1,6699@hotmail.com,安徽省合肥市政务区潜山路111号322号
赵芳,715716,18774421424,0,9523@outlook.com,浙江省杭州市西湖区文二路188号173号
胡璐,374036,13256251080,0,9200@qq.com,山东省青岛市市南区香港中路11号267号
李秀兰,449233,18795819212,1,5168@gmail.com,湖南省长沙市雨花区劳动西路102号131号
胡磊,870152,18918580792,0,7337@foxmail.com,陕西省西安市未央区某某街道811号
梁超,470343,13555870459,1,4631@foxmail.com,天津市南开区卫津路94号973号
冯峰,990988,15186225143,0,5013@hotmail.com,天津市南开区卫津路94号478号
王艳,675489,13158013879,0,6696@aliyun.com,河南省郑州市二七区大学路80号699号
韩宇,594323,15882907747,1,7105@sina.com,广东省深圳市南山区科技园路8号209号
吴伟,095440,13447924367,0,3619@sina.com,河南省郑州市二七区大学路80号999号
何华,569040,13507678859,0,8547@sina.com,陕西省西安市雁塔区科技路88号909号
陈伟,170975,13034979717,1,3328@outlook.com,陕西省西安市雁塔区科技路88号536号
韩刚,520887,13555159020,0,975@163.com,山东省青岛市市南区香港中路11号103号
胡浩,226314,18489867886,0,2266@outlook.com,陕西省西安市未央区某某街道661号
吴辉,093452,18798107774,0,4856@foxmail.com,湖北省武汉市洪山区珞瑜路726号475号
谢丽,361049,15855619672,0,6151@gmail.com,陕西省西安市雁塔区科技路88号714号
萧玲,751851,15134378116,0,8659@126.com,天津市南开区卫津路94号58号
萧健,762969,13120272346,0,7806@foxmail.com,北京市海淀区中关村大街1号770号
于敏,074595,13971850263,0,3374@sina.com,陕西省西安市未央区某某街道601号
陈宇,362943,15848938892,1,1630@qq.com,江西省南昌市青山湖区北京东路456号649号
陈艳,298964,13164325306,1,2955@yahoo.com,北京市海淀区中关村大街1号618号
吴军,600275,13801765490,1,477@hotmail.com,福建省厦门市思明区中山路400号92号
周娟,071459,15614846055,1,1215@foxmail.com,福建省厦门市思明区中山路400号986号
罗辉,904492,15778060551,0,8545@sina.com,安徽省合肥市政务区潜山路111号411号
高峰,722947,18186334582,1,2509@aliyun.com,重庆市渝北区金开大道68号922号
林桂英,718362,13719566211,1,6984@aliyun.com,上海市静安区南京西路1266号854号
王明,529939,13592248894,0,8821@sina.com,江苏省南京市建邺区江东中路229号50号
郭秀兰,718926,13093458397,1,2259@163.com,北京市海淀区中关村大街1号860号
张刚,200283,18386852989,0,2541@hotmail.com,安徽省合肥市政务区潜山路111号251号
孙军,617109,18776310466,0,5504@163.com,湖北省武汉市洪山区珞瑜路726号721号
赵凯,597288,13393601577,1,1465@163.com,陕西省西安市未央区某某街道768号
罗文,370163,15353752134,1,7540@qq.com,福建省厦门市思明区中山路400号498号
韩辉,795151,18116936194,0,4622@outlook.com,福建省厦门市思明区中山路400号690号
唐丽,907145,13989998355,0,8079@outlook.com,四川省成都市高新区天府五街200号344号
马涛,983062,13249041181,1,6365@sina.com,浙江省杭州市西湖区文二路188号677号
胡艳,018674,18981446753,0,6736@outlook.com,广东省深圳市南山区科技园路8号969号
谢婷,453897,13980662011,0,6165@outlook.com,吉林省长春市南关区人民大街123号250号
黄涛,456856,18703127839,0,2560@outlook.com,江西省南昌市青山湖区北京东路456号343号
郭艳,333123,18587927313,0,1668@qq.com,江西省南昌市青山湖区北京东路456号149号
于峰,957682,13730005019,1,4581@outlook.com,重庆市渝北区金开大道68号470号
郑宇,209574,15393460567,0,5383@aliyun.com,陕西省西安市雁塔区科技路88号356号
胡洋,911317,13733921676,0,7852@aliyun.com,北京市海淀区中关村大街1号570号
董鹏,292694,13333963033,0,8797@qq.com,北京市海淀区中关村大街1号797号
林宇,798874,18784875448,0,4594@outlook.com,湖北省武汉市洪山区珞瑜路726号329号
宋悦,013150,18730423832,1,5091@foxmail.com,广东省深圳市南山区科技园路8号121号
罗宇,012865,18406248794,1,6705@163.com,广东省深圳市南山区科技园路8号287号
董辉,117165,13650620188,0,208@hotmail.com,河南省郑州市二七区大学路80号352号
杨健,038229,13870554933,0,7096@126.com,湖北省武汉市洪山区珞瑜路726号598号
黄峰,506689,13084976902,1,9724@qq.com,四川省成都市高新区天府五街200号178号
张雪,076711,15809110898,0,3167@gmail.com,黑龙江省哈尔滨市道里区中央大街99号442号
董伟,277549,13921060850,1,368@aliyun.com,浙江省杭州市西湖区文二路188号317号
李宇,538111,13163207893,1,3823@sina.com,湖北省武汉市洪山区珞瑜路726号857号
高峰,021148,15315110088,0,8334@hotmail.com,广东省深圳市南山区科技园路8号429号
林静,594191,18433753478,1,2273@163.com,江西省南昌市青山湖区北京东路456号577号
唐平,369203,15734522571,1,4800@aliyun.com,北京市海淀区中关村大街1号635号
朱艳,953202,18379871273,1,2663@qq.com,广东省深圳市南山区科技园路8号486号
林娟,713850,13402742814,1,401@foxmail.com,湖北省武汉市洪山区珞瑜路726号644号
宋凯,856354,18267173145,1,8453@gmail.com,上海市静安区南京西路1266号680号
胡鹏,159721,13491902846,1,2881@foxmail.com,四川省成都市高新区天府五街200号108号
郭浩,201383,13144825769,0,1064@sina.com,河南省郑州市二七区大学路80号909号
陈鹏,926854,15797884301,1,3930@qq.com,北京市海淀区中关村大街1号314号
李雪,598234,15728864414,0,7785@gmail.com,江西省南昌市青山湖区北京东路456号606号
郑文,985651,13388366484,0,6504@hotmail.com,陕西省西安市雁塔区科技路88号555号
马辉,544202,15505561736,1,5048@foxmail.com,天津市南开区卫津路94号973号
李桂英,930894,15330684142,1,1821@qq.com,辽宁省大连市中山区人民路55号1号
于博,011172,18998711989,1,1923@gmail.com,江西省南昌市青山湖区北京东路456号616号
林芳,036488,15920021305,1,9966@gmail.com,浙江省杭州市西湖区文二路188号756号
何博,681119,18985128518,1,9047@sina.com,江西省南昌市青山湖区北京东路456号856号
宋浩,540322,15712855912,1,7216@126.com,浙江省杭州市西湖区文二路188号252号
王超,955988,18155050419,1,1196@126.com,河南省郑州市二七区大学路80号588号
陈杰,568989,18043448366,1,4832@aliyun.com,安徽省合肥市政务区潜山路111号775号
罗瑶,704073,18999886856,0,4809@163.com,山东省青岛市市南区香港中路11号186号
刘明,615131,15379291758,0,7754@163.com,广东省深圳市南山区科技园路8号976号
谢丽,147460,18554570362,0,6521@gmail.com,吉林省长春市南关区人民大街123号399号
林静,345660,18527664298,0,9669@yahoo.com,安徽省合肥市政务区潜山路111号608号
林刚,093373,18703936956,1,3216@sina.com,陕西省西安市雁塔区科技路88号674号
萧玲,867959,18375068730,1,4169@sina.com,辽宁省大连市中山区人民路55号589号
孙秀兰,807242,18760191395,0,4519@gmail.com,安徽省合肥市政务区潜山路111号689号
张桂英,411827,13737394962,0,8047@qq.com,山东省青岛市市南区香港中路11号808号
董雪,088260,13118482985,0,8804@gmail.com,安徽省合肥市政务区潜山路111号483号
董静,817249,18307025518,0,7442@126.com,辽宁省大连市中山区人民路55号40号
周宇,962388,18854702026,1,3714@aliyun.com,湖北省武汉市洪山区珞瑜路726号58号
萧桂英,675816,18856494032,0,9385@aliyun.com,陕西省西安市雁塔区科技路88号963号
朱秀兰,318501,15249819054,0,7649@foxmail.com,重庆市渝北区金开大道68号669号
周玲,336719,18566354843,1,1698@sina.com,重庆市渝北区金开大道68号183号
马刚,804193,18493630640,1,8625@outlook.com,陕西省西安市未央区某某街道274号
梁丽,219529,13704536706,1,1408@126.com,湖北省武汉市洪山区珞瑜路726号510号
郭浩,826040,13054607367,1,3421@foxmail.com,上海市静安区南京西路1266号131号
李华,356868,13846969800,1,7747@126.com,陕西省西安市未央区某某街道213号
张伟,299294,15730572548,1,8112@gmail.com,上海市静安区南京西路1266号326号
梁伟,779872,15239208378,1,3613@qq.com,江苏省南京市建邺区江东中路229号529号
唐超,799491,13811819303,0,8740@126.com,天津市南开区卫津路94号930号
陈桂英,946293,18949762276,0,1737@foxmail.com,湖南省长沙市雨花区劳动西路102号644号
唐静,734619,18945988435,1,7450@yahoo.com,吉林省长春市南关区人民大街123号906号
徐辉,930117,18819667525,0,5279@yahoo.com,江西省南昌市青山湖区北京东路456号72号
郭艳,307150,15601687698,0,4161@126.com,江西省南昌市青山湖区北京东路456号990号
郑文,705416,13936395081,1,3387@126.com,吉林省长春市南关区人民大街123号475号
罗桂英,160424,15554942077,1,9218@aliyun.com,天津市南开区卫津路94号311号
杨娟,123565,13919879348,1,9847@hotmail.com,浙江省杭州市西湖区文二路188号490号
何刚,631371,18180756244,0,9338@aliyun.com,四川省成都市高新区天府五街200号695号
谢芳,615928,13140857977,1,9983@foxmail.com,浙江省杭州市西湖区文二路188号968号
郑秀兰,374801,13979442862,1,9422@foxmail.com,辽宁省大连市中山区人民路55号742号
赵涛,124447,15311311543,0,3228@gmail.com,四川省成都市高新区天府五街200号450号
高洋,545051,13917192813,0,9575@foxmail.com,辽宁省大连市中山区人民路55号249号
周秀兰,909972,18243547117,1,380@126.com,陕西省西安市未央区某某街道782号
罗宇,480370,18638181075,0,4064@qq.com,四川省成都市高新区天府五街200号400号
谢静,450374,18961637751,1,142@qq.com,陕西省西安市雁塔区科技路88号310号
徐平,324414,18658775844,0,7519@yahoo.com,天津市南开区卫津路94号536号
刘勇,463973,18600643625,0,5268@outlook.com,江西省南昌市青山湖区北京东路456号438号
萧平,831031,15841378827,1,7264@163.com,四川省成都市高新区天府五街200号350号
周艳,020962,18881408012,1,4759@hotmail.com,河南省郑州市二七区大学路80号374号
谢平,978842,15078469089,1,9648@yahoo.com,陕西省西安市未央区某某街道360号
冯杰,669807,18206635826,0,1529@foxmail.com,吉林省长春市南关区人民大街123号617号
吴鹏,441396,13449888657,0,2474@outlook.com,江苏省南京市建邺区江东中路229号796号
徐健,946648,13796657694,1,7133@hotmail.com,天津市南开区卫津路94号901号
赵勇,376421,15974012230,0,2554@qq.com,福建省厦门市思明区中山路400号602号
萧桂英,863632,15991943156,1,2381@hotmail.com,重庆市渝北区金开大道68号421号
周凯,106653,18808424632,0,9105@126.com,陕西省西安市雁塔区科技路88号713号
冯磊,812649,15222636525,0,98@hotmail.com,陕西省西安市雁塔区科技路88号15号
于桂英,348402,13365917955,0,7896@sina.com,辽宁省大连市中山区人民路55号533号
董华,195974,18781395513,1,9543@yahoo.com,辽宁省大连市中山区人民路55号225号
冯刚,045410,15732214212,1,3694@hotmail.com,北京市海淀区中关村大街1号375号
罗磊,743230,13250747593,0,3613@gmail.com,广东省深圳市南山区科技园路8号523号
宋敏,296213,13473878561,0,1563@aliyun.com,天津市南开区卫津路94号567号
黄悦,065740,15996196672,1,928@126.com,辽宁省大连市中山区人民路55号914号
罗杰,218538,13613878452,1,6921@foxmail.com,北京市海淀区中关村大街1号759号
罗峰,378850,13066371364,1,7843@163.com,安徽省合肥市政务区潜山路111号515号
萧峰,886772,15373961291,0,5412@hotmail.com,湖南省长沙市雨花区劳动西路102号59号
冯刚,869091,13741274575,1,9181@gmail.com,辽宁省大连市中山区人民路55号868号
董浩,207530,13495134155,0,3153@126.com,上海市静安区南京西路1266号970号
胡刚,992265,18450457608,1,7725@outlook.com,江西省南昌市青山湖区北京东路456号331号
梁静,819819,13837752913,0,4701@163.com,四川省成都市高新区天府五街200号477号
刘文,793390,18074209343,1,9269@aliyun.com,吉林省长春市南关区人民大街123号174号
胡雪,760609,15349516878,0,7498@sina.com,辽宁省大连市中山区人民路55号72号
黄悦,509517,18211059063,0,9534@gmail.com,陕西省西安市雁塔区科技路88号498号
吴辉,454810,15933189363,1,5059@qq.com,吉林省长春市南关区人民大街123号160号
唐华,254070,13553025900,0,8691@outlook.com,天津市南开区卫津路94号114号
谢悦,665330,15714383625,0,482@qq.com,江苏省南京市建邺区江东中路229号742号
董宇,585977,15007858241,0,141@yahoo.com,江苏省南京市建邺区江东中路229号312号
郑平,169231,18056635170,0,6259@qq.com,浙江省杭州市西湖区文二路188号510号
李洋,767309,13695072669,0,5495@163.com,浙江省杭州市西湖区文二路188号111号
董刚,324062,13148064831,0,2097@163.com,江苏省南京市建邺区江东中路229号117号
张桂英,403069,13535222007,0,7118@foxmail.com,黑龙江省哈尔滨市道里区中央大街99号470号
宋芳,127115,13272636132,1,3935@126.com,安徽省合肥市政务区潜山路111号265号
赵勇,538384,13105895517,0,7110@163.com,湖南省长沙市雨花区劳动西路102号954号
杨刚,917212,13048445079,0,2844@163.com,天津市南开区卫津路94号617号
于宇,984193,18994534806,1,1982@163.com,江西省南昌市青山湖区北京东路456号367号
萧霞,617074,18675651649,0,1132@163.com,黑龙江省哈尔滨市道里区中央大街99号717号
马瑶,334660,18673710254,1,2625@qq.com,重庆市渝北区金开大道68号370号
谢博,591575,18024190456,0,6262@sina.com,北京市海淀区中关村大街1号244号
冯健,685206,13213571324,0,3916@outlook.com,湖南省长沙市雨花区劳动西路102号747号
董芳,087380,18646441882,1,4603@hotmail.com,湖南省长沙市雨花区劳动西路102号609号
宋俊,120226,18730125161,0,1906@gmail.com,浙江省杭州市西湖区文二路188号974号
董军,978947,18550753075,1,5139@126.com,安徽省合肥市政务区潜山路111号656号
高浩,943751,18334921483,0,2740@qq.com,河南省郑州市二七区大学路80号404号
杨娟,115346,18372637574,0,5345@gmail.com,黑龙江省哈尔滨市道里区中央大街99号218号
吴宇,247342,15031295257,1,6705@gmail.com,浙江省杭州市西湖区文二路188号239号
韩博,098333,15262930565,0,424@126.com,上海市静安区南京西路1266号288号
杨敏,161229,18044123634,1,6742@outlook.com,辽宁省大连市中山区人民路55号485号
郑璐,693230,13107989766,0,516@qq.com,上海市静安区南京西路1266号904号
徐勇,154818,13450824010,1,9398@aliyun.com,安徽省合肥市政务区潜山路111号223号
谢娟,468029,18671731469,1,2771@126.com,江苏省南京市建邺区江东中路229号992号
陈洋,959969,13362947133,1,7204@aliyun.com,河南省郑州市二七区大学路80号876号
周华,721779,18141742517,0,5187@sina.com,重庆市渝北区金开大道68号849号
赵瑶,227432,15541493222,1,6456@foxmail.com,辽宁省大连市中山区人民路55号25号
刘丽,475993,15646282944,1,8884@qq.com,陕西省西安市未央区某某街道822号
冯宇,610795,15515812543,0,5337@gmail.com,江苏省南京市建邺区江东中路229号3号
萧浩,586684,18060789509,0,434@126.com,上海市静安区南京西路1266号36号
孙雪,976933,15503800393,1,787@foxmail.com,重庆市渝北区金开大道68号206号
林明,855769,18273464680,0,886@aliyun.com,天津市南开区卫津路94号697号
高强,153112,13908782661,0,1686@hotmail.com,广东省深圳市南山区科技园路8号289号
林欣,536740,18068085410,1,7664@gmail.com,陕西省西安市雁塔区科技路88号103号
孙瑶,626835,18317434115,0,1911@sina.com,福建省厦门市思明区中山路400号966号
郭宇,808977,13527463256,0,4525@gmail.com,北京市海淀区中关村大街1号454号
梁辉,240842,13623157863,0,8342@qq.com,陕西省西安市未央区某某街道743号
李璐,689547,13734835264,1,4405@foxmail.com,福建省厦门市思明区中山路400号889号
杨敏,894438,13517029426,1,4700@hotmail.com,陕西省西安市未央区某某街道688号
董超,451999,18162805201,1,7468@gmail.com,湖北省武汉市洪山区珞瑜路726号437号
陈凯,116584,18290180145,0,1699@hotmail.com,浙江省杭州市西湖区文二路188号177号
朱军,924161,13218081848,1,7548@gmail.com,天津市南开区卫津路94号209号
李洋,751887,13007647088,1,6003@sina.com,安徽省合肥市政务区潜山路111号398号
罗刚,251938,18753675873,0,4466@163.com,黑龙江省哈尔滨市道里区中央大街99号897号
谢凯,831573,18828947869,1,3249@outlook.com,山东省青岛市市南区香港中路11号978号
陈伟,384082,18239060114,1,1098@yahoo.com,陕西省西安市雁塔区科技路88号765号
朱明,963517,18638245304,0,3287@aliyun.com,陕西省西安市未央区某某街道445号
郭玲,295509,18069905191,1,6290@outlook.com,陕西省西安市未央区某某街道155号
萧欣,743805,15055298492,0,7607@qq.com,福建省厦门市思明区中山路400号574号
罗鹏,821805,13291651025,1,1130@hotmail.com,陕西省西安市雁塔区科技路88号642号
孙明,634432,18722774544,0,3889@foxmail.com,陕西省西安市未央区某某街道512号
吴杰,129606,15261444324,1,3293@outlook.com,吉林省长春市南关区人民大街123号584号
朱欣,284619,13897841151,0,93@163.com,北京市海淀区中关村大街1号392号
林文,071026,18073455020,1,5750@gmail.com,江苏省南京市建邺区江东中路229号892号
高洋,852936,15546440570,0,6442@sina.com,北京市海淀区中关村大街1号89号
黄明,479030,18726118761,1,14@163.com,四川省成都市高新区天府五街200号923号
郭欣,823352,13982895210,0,1023@126.com,吉林省长春市南关区人民大街123号913号
林明,105814,15363377089,1,5634@126.com,山东省青岛市市南区香港中路11号559号
朱平,927052,15974174864,0,5930@aliyun.com,福建省厦门市思明区中山路400号802号
黄宇,981645,18155797837,1,5280@outlook.com,浙江省杭州市西湖区文二路188号773号
徐勇,508028,15291558320,0,1057@outlook.com,福建省厦门市思明区中山路400号270号
孙浩,032564,13463038876,0,3223@outlook.com,山东省青岛市市南区香港中路11号885号
李鹏,202118,13981703528,1,9086@outlook.com,四川省成都市高新区天府五街200号905号
郭健,533882,15663190094,0,4046@gmail.com,四川省成都市高新区天府五街200号561号
郑瑶,164583,13205036177,0,7452@163.com,福建省厦门市思明区中山路400号280号
王磊,600883,18853650307,0,8121@sina.com,安徽省合肥市政务区潜山路111号54号
宋强,901274,13634508428,1,7592@gmail.com,浙江省杭州市西湖区文二路188号317号
张博,575525,13631308753,1,7880@foxmail.com,黑龙江省哈尔滨市道里区中央大街99号409号
于辉,079179,13777304764,1,6469@163.com,上海市静安区南京西路1266号198号
宋秀兰,034959,15946985233,0,6599@foxmail.com,北京市海淀区中关村大街1号63号
张辉,733398,18485576793,0,623@yahoo.com,浙江省杭州市西湖区文二路188号322号
郭鹏,642450,15272930180,1,718@126.com,北京市海淀区中关村大街1号243号
周平,045968,15758920140,0,4718@hotmail.com,河南省郑州市二七区大学路80号214号
刘杰,677254,15640234678,1,6399@gmail.com,浙江省杭州市西湖区文二路188号749号
徐辉,357524,13953612616,1,2726@hotmail.com,福建省厦门市思明区中山路400号18号
赵悦,619092,15793707297,1,2763@163.com,陕西省西安市雁塔区科技路88号29号
于凯,530346,15933844537,0,5061@foxmail.com,吉林省长春市南关区人民大街123号316号
冯娟,762721,18834731085,1,4506@qq.com,黑龙江省哈尔滨市道里区中央大街99号373号
胡璐,785531,15053824467,0,7674@qq.com,河南省郑州市二七区大学路80号886号
周勇,540394,18089164336,1,8416@aliyun.com,上海市静安区南京西路1266号111号
梁敏,674342,13542398084,1,1833@aliyun.com,浙江省杭州市西湖区文二路188号884号
谢健,316252,18226823560,0,4153@gmail.com,江西省南昌市青山湖区北京东路456号624号
梁娜,764069,15819493368,1,3236@aliyun.com,福建省厦门市思明区中山路400号298号
何鹏,298810,18078205888,1,2539@qq.com,天津市南开区卫津路94号349号
孙敏,734624,18335085181,1,7868@yahoo.com,吉林省长春市南关区人民大街123号739号
唐洋,801202,18406443042,1,9181@yahoo.com,陕西省西安市雁塔区科技路88号705号
冯婷,757531,18317489514,1,5437@foxmail.com,湖南省长沙市雨花区劳动西路102号522号
唐强,136807,13284108573,0,5731@gmail.com,河南省郑州市二七区大学路80号977号
黄明,264018,13786381353,0,3715@qq.com,山东省青岛市市南区香港中路11号909号
朱博,222729,18716771450,1,2621@126.com,江苏省南京市建邺区江东中路229号626号
于悦,705915,13497312493,1,3104@hotmail.com,福建省厦门市思明区中山路400号971号
张桂英,534289,13238402892,0,6451@126.com,山东省青岛市市南区香港中路11号469号
高凯,778694,15590634636,1,7242@sina.com,江苏省南京市建邺区江东中路229号964号
萧秀兰,058934,13015584674,0,3910@aliyun.com,福建省厦门市思明区中山路400号175号
高宇,056571,15537011027,0,7706@163.com,山东省青岛市市南区香港中路11号184号
高勇,997481,13896303410,0,2495@163.com,天津市南开区卫津路94号867号
杨瑶,694251,15339800494,0,7363@sina.com,天津市南开区卫津路94号235号
周雪,752046,13597927956,1,5044@hotmail.com,江苏省南京市建邺区江东中路229号410号
张涛,225350,13332044593,0,5549@hotmail.com,辽宁省大连市中山区人民路55号882号
杨婷,969774,13579603362,1,390@hotmail.com,河南省郑州市二七区大学路80号682号
何瑶,370309,18894621322,1,366@aliyun.com,吉林省长春市南关区人民大街123号865号
胡明,936842,18979003164,0,4344@foxmail.com,四川省成都市高新区天府五街200号971号
胡悦,056068,13793016984,1,116@foxmail.com,浙江省杭州市西湖区文二路188号876号
冯宇,353032,15900698180,0,6469@qq.com,上海市静安区南京西路1266号362号
董芳,286013,15682756874,0,3283@163.com,上海市静安区南京西路1266号265号
萧婷,626164,13764272663,1,6807@outlook.com,江西省南昌市青山湖区北京东路456号169号
高悦,581111,15184172319,1,2176@163.com,福建省厦门市思明区中山路400号63号
张涛,184127,18445863435,1,2596@qq.com,河南省郑州市二七区大学路80号187号
谢静,111513,15744185570,0,4412@gmail.com,湖南省长沙市雨花区劳动西路102号824号
张军,040051,13643687254,1,8302@yahoo.com,安徽省合肥市政务区潜山路111号623号
赵霞,248705,13390048802,0,9711@gmail.com,四川省成都市高新区天府五街200号452号
王健,459608,13282922766,0,641@163.com,浙江省杭州市西湖区文二路188号785号
李勇,937158,15747285105,0,9023@foxmail.com,江西省南昌市青山湖区北京东路456号664号
孙娜,818704,15077585408,0,596@aliyun.com,浙江省杭州市西湖区文二路188号558号
林健,773186,13712085212,1,7597@yahoo.com,陕西省西安市未央区某某街道453号
王凯,793741,18101329012,0,7702@hotmail.com,广东省深圳市南山区科技园路8号603号
周伟,331344,13887706705,1,7687@hotmail.com,吉林省长春市南关区人民大街123号228号
王华,030244,15838950142,1,4269@sina.com,浙江省杭州市西湖区文二路188号168号
董杰,971230,13806786551,1,1988@hotmail.com,北京市海淀区中关村大街1号482号
马文,882855,18013944341,1,5561@126.com,江西省南昌市青山湖区北京东路456号225号
赵俊,269683,18729449033,1,2435@foxmail.com,黑龙江省哈尔滨市道里区中央大街99号995号
林霞,895423,15853966156,1,9207@hotmail.com,山东省青岛市市南区香港中路11号78号
杨秀兰,208988,18929894990,0,302@163.com,浙江省杭州市西湖区文二路188号807号
马伟,025145,13371258372,1,303@foxmail.com,安徽省合肥市政务区潜山路111号108号
梁博,646859,13545477800,0,6231@hotmail.com,江西省南昌市青山湖区北京东路456号311号
张宇,463222,15628981569,1,1492@yahoo.com,上海市静安区南京西路1266号548号
李悦,297833,15962761897,1,6442@hotmail.com,陕西省西安市雁塔区科技路88号509号
冯霞,170683,15845586434,0,3533@aliyun.com,湖北省武汉市洪山区珞瑜路726号523号
刘刚,129767,18622219531,1,6112@126.com,江苏省南京市建邺区江东中路229号208号
郑宇,822858,13441559191,0,4788@gmail.com,山东省青岛市市南区香港中路11号180号
宋芳,124092,18495130212,0,9756@sina.com,湖南省长沙市雨花区劳动西路102号875号
刘明,288576,18167210028,0,731@gmail.com,上海市静安区南京西路1266号552号
梁芳,445819,18916618430,0,4405@outlook.com,河南省郑州市二七区大学路80号896号
周强,416112,18487532851,1,8749@aliyun.com,江苏省南京市建邺区江东中路229号737号
谢艳,268756,13346794839,0,6269@gmail.com,河南省郑州市二七区大学路80号334号
林华,662934,18739295143,1,3814@qq.com,重庆市渝北区金开大道68号541号
何明,806004,13875426515,1,4727@hotmail.com,重庆市渝北区金开大道68号991号
周华,086144,13625941697,0,5081@foxmail.com,福建省厦门市思明区中山路400号606号
郭超,384797,18064589142,0,4083@foxmail.com,江苏省南京市建邺区江东中路229号619号
赵桂英,830713,13400822601,0,6705@foxmail.com,湖南省长沙市雨花区劳动西路102号762号
李敏,922469,13175871391,1,2665@aliyun.com,江西省南昌市青山湖区北京东路456号541号
谢娟,622270,18233442300,1,4859@gmail.com,湖南省长沙市雨花区劳动西路102号959号
郭静,545585,13624192221,1,3819@outlook.com,广东省深圳市南山区科技园路8号637号
韩璐,529267,13235044305,1,1384@gmail.com,天津市南开区卫津路94号566号
朱博,712735,18028140810,1,1228@gmail.com,北京市海淀区中关村大街1号976号
林宇,997440,15805933024,1,7598@sina.com,安徽省合肥市政务区潜山路111号801号
唐娜,823802,15599963133,1,1377@outlook.com,河南省郑州市二七区大学路80号989号
冯军,744531,13851941910,1,1091@126.com,黑龙江省哈尔滨市道里区中央大街99号342号
黄娟,670879,13647157595,0,9234@qq.com,山东省青岛市市南区香港中路11号359号
梁刚,432891,18814228520,0,3547@qq.com,浙江省杭州市西湖区文二路188号818号
孙雪,499637,18772966162,0,337@outlook.com,湖北省武汉市洪山区珞瑜路726号230号
朱健,589000,18593557193,0,2882@126.com,重庆市渝北区金开大道68号440号
唐芳,469344,13537480061,0,3204@sina.com,湖南省长沙市雨花区劳动西路102号410号
萧静,513070,13455422374,0,6565@163.com,江苏省南京市建邺区江东中路229号132号
张芳,881105,15748350604,1,5175@gmail.com,江苏省南京市建邺区江东中路229号30号
宋博,700761,13711108984,1,6122@outlook.com,安徽省合肥市政务区潜山路111号136号
吴芳,267216,13053313574,1,6142@foxmail.com,重庆市渝北区金开大道68号677号
徐艳,341353,15606275273,1,4628@126.com,河南省郑州市二七区大学路80号725号
马勇,493365,15678210135,0,9410@foxmail.com,湖南省长沙市雨花区劳动西路102号369号
陈峰,676483,13624393513,0,9067@sina.com,陕西省西安市雁塔区科技路88号671号
董玲,389215,13866365931,0,2487@foxmail.com,湖北省武汉市洪山区珞瑜路726号315号
赵桂英,330170,13131326939,1,6636@aliyun.com,陕西省西安市雁塔区科技路88号986号
萧丽,668064,18623648199,1,9431@aliyun.com,陕西省西安市雁塔区科技路88号544号
杨娜,897199,13409778073,1,7532@qq.com,湖南省长沙市雨花区劳动西路102号440号
林磊,895795,13373772340,1,7133@126.com,浙江省杭州市西湖区文二路188号999号
何霞,852213,15099521560,0,4793@sina.com,黑龙江省哈尔滨市道里区中央大街99号274号
冯凯,054635,13410642488,0,8144@yahoo.com,上海市静安区南京西路1266号421号
宋敏,866639,15674155181,0,6436@hotmail.com,湖南省长沙市雨花区劳动西路102号470号
马静,270520,18662502612,1,7182@outlook.com,陕西省西安市雁塔区科技路88号744号
何悦,777502,13753245439,1,9896@gmail.com,江西省南昌市青山湖区北京东路456号527号
胡芳,486890,18365322339,0,6804@outlook.com,湖南省长沙市雨花区劳动西路102号704号
刘凯,602964,13744177026,1,4791@gmail.com,辽宁省大连市中山区人民路55号76号
陈文,816467,15526103741,0,4466@126.com,陕西省西安市未央区某某街道257号
胡洋,920501,13674890671,1,596@outlook.com,广东省深圳市南山区科技园路8号753号
朱辉,232881,18286705880,0,6993@126.com,北京市海淀区中关村大街1号677号
杨鹏,781326,13773548995,1,1306@163.com,北京市海淀区中关村大街1号431号
孙杰,368311,18014393393,0,6357@foxmail.com,湖北省武汉市洪山区珞瑜路726号704号
周辉,403230,13300745414,1,2954@sina.com,辽宁省大连市中山区人民路55号504号
冯磊,619954,18415735227,0,644@outlook.com,黑龙江省哈尔滨市道里区中央大街99号547号
杨秀兰,313440,18886770998,1,9236@foxmail.com,湖北省武汉市洪山区珞瑜路726号978号
朱丽,926608,18578227428,1,1826@qq.com,陕西省西安市未央区某某街道669号
吴刚,219883,13988288314,0,9738@qq.com,重庆市渝北区金开大道68号828号
唐欣,220611,15109048057,0,3371@foxmail.com,陕西省西安市未央区某某街道223号
何雪,654494,15946903927,0,819@163.com,北京市海淀区中关村大街1号617号
刘强,098460,13141592686,1,8025@foxmail.com,福建省厦门市思明区中山路400号265号
徐瑶,958856,18689617761,1,684@yahoo.com,陕西省西安市雁塔区科技路88号504号
何婷,560830,13749594014,1,8881@gmail.com,黑龙江省哈尔滨市道里区中央大街99号353号
陈璐,089797,18098354335,0,7111@gmail.com,北京市海淀区中关村大街1号591号
张艳,787992,13228809422,0,5218@163.com,北京市海淀区中关村大街1号699号
周丽,844801,18845373928,0,6443@aliyun.com,江苏省南京市建邺区江东中路229号800号
林婷,748545,15528732772,0,295@foxmail.com,重庆市渝北区金开大道68号452号
马玲,462102,13448827253,1,1774@163.com,陕西省西安市未央区某某街道880号
何欣,974295,13519720089,0,1387@aliyun.com,北京市海淀区中关村大街1号214号
徐宇,278835,18982322056,1,6306@qq.com,广东省深圳市南山区科技园路8号522号
王浩,156629,15033082350,0,2323@gmail.com,天津市南开区卫津路94号150号
梁明,181135,18375045921,0,4651@aliyun.com,陕西省西安市未央区某某街道88号
马俊,776751,15290538226,0,2252@sina.com,山东省青岛市市南区香港中路11号873号
谢杰,744653,13049150760,0,8720@foxmail.com,陕西省西安市未央区某某街道167号
杨杰,712875,15682089312,0,1889@qq.com,四川省成都市高新区天府五街200号186号
宋凯,910215,18265565392,1,5332@outlook.com,陕西省西安市未央区某某街道265号
胡华,420301,13664942130,0,859@yahoo.com,四川省成都市高新区天府五街200号983号
谢辉,567809,15518165068,1,5098@gmail.com,上海市静安区南京西路1266号558号
高伟,114305,13598896631,1,3558@163.com,湖北省武汉市洪山区珞瑜路726号755号
杨明,870309,18941173012,1,8456@gmail.com,山东省青岛市市南区香港中路11号752号
高凯,323559,13090843799,1,2218@qq.com,安徽省合肥市政务区潜山路111号423号
何磊,790220,18333123037,0,5005@gmail.com,山东省青岛市市南区香港中路11号823号
郭超,870627,15593816532,1,1013@qq.com,江西省南昌市青山湖区北京东路456号194号
胡鹏,373117,18610812077,1,8891@hotmail.com,陕西省西安市雁塔区科技路88号372号
徐秀兰,824337,15096085603,1,6605@yahoo.com,天津市南开区卫津路94号723号
李磊,532511,18322434604,0,6189@qq.com,辽宁省大连市中山区人民路55号380号
孙欣,914765,13630357823,0,7610@163.com,安徽省合肥市政务区潜山路111号826号
梁婷,587848,15170571265,0,223@sina.com,辽宁省大连市中山区人民路55号883号
谢宇,415592,13768860781,0,9657@yahoo.com,浙江省杭州市西湖区文二路188号588号
杨娟,477736,18667364808,1,4127@gmail.com,江苏省南京市建邺区江东中路229号424号
高辉,094126,18117239728,1,179@qq.com,湖南省长沙市雨花区劳动西路102号565号
何军,736765,15556801083,0,9439@gmail.com,安徽省合肥市政务区潜山路111号832号
杨俊,361771,13312525104,1,9303@126.com,天津市南开区卫津路94号361号
韩婷,409345,18793382663,0,1502@163.com,重庆市渝北区金开大道68号602号
张峰,114376,13546602996,0,9358@foxmail.com,江苏省南京市建邺区江东中路229号690号
宋勇,263120,13939657805,1,1498@126.com,上海市静安区南京西路1266号907号
罗超,032681,13296449908,0,2967@qq.com,河南省郑州市二七区大学路80号162号
张文,545076,15668937238,0,3980@outlook.com,浙江省杭州市西湖区文二路188号304号
董超,372339,13357212233,0,1436@sina.com,北京市海淀区中关村大街1号416号
郑涛,071751,15878958364,0,1033@qq.com,陕西省西安市未央区某某街道529号
胡华,667284,15798179482,1,9408@aliyun.com,安徽省合肥市政务区潜山路111号593号
黄刚,177896,15901148666,1,7400@gmail.com,北京市海淀区中关村大街1号656号
周磊,662272,15321010410,0,3011@qq.com,湖南省长沙市雨花区劳动西路102号1号
周强,459444,13166218909,1,9470@aliyun.com,四川省成都市高新区天府五街200号206号
高刚,906548,13961470392,1,8181@gmail.com,湖南省长沙市雨花区劳动西路102号291号
宋峰,612076,15876438396,1,199@gmail.com,湖北省武汉市洪山区珞瑜路726号220号
陈华,870905,18068898782,0,6562@qq.com,陕西省西安市未央区某某街道544号
林洋,012051,18584995851,0,3306@outlook.com,广东省深圳市南山区科技园路8号89号
何桂英,015991,13059580772,1,115@sina.com,天津市南开区卫津路94号289号
于雪,022046,15651274850,0,9618@hotmail.com,上海市静安区南京西路1266号431号
郑宇,051527,13789421301,1,8335@aliyun.com,广东省深圳市南山区科技园路8号680号
赵敏,892800,18768697716,1,2922@hotmail.com,辽宁省大连市中山区人民路55号96号
谢刚,794917,15099905442,0,3925@outlook.com,湖北省武汉市洪山区珞瑜路726号756号
陈华,252792,18878248681,1,3355@outlook.com,广东省深圳市南山区科技园路8号486号
吴博,535341,13731934589,1,1164@aliyun.com,江苏省南京市建邺区江东中路229号893号
赵秀兰,838741,15193532625,0,9550@foxmail.com,安徽省合肥市政务区潜山路111号116号
唐涛,435633,18771610965,0,8537@hotmail.com,江西省南昌市青山湖区北京东路456号317号
董玲,810358,18314336541,1,252@hotmail.com,黑龙江省哈尔滨市道里区中央大街99号939号
孙平,272752,13622688206,0,2935@163.com,上海市静安区南京西路1266号311号
徐敏,920158,13737293845,0,7511@163.com,江西省南昌市青山湖区北京东路456号838号
唐艳,442987,13273500843,0,2908@sina.com,四川省成都市高新区天府五街200号841号
杨璐,288039,13625741198,1,6013@126.com,黑龙江省哈尔滨市道里区中央大街99号687号
孙勇,296025,18419744637,0,3839@foxmail.com,江西省南昌市青山湖区北京东路456号19号
宋勇,726842,13048265435,0,8347@126.com,湖北省武汉市洪山区珞瑜路726号526号
冯婷,844369,18465110974,0,8658@outlook.com,湖北省武汉市洪山区珞瑜路726号634号
吴敏,100111,13350302486,1,2528@gmail.com,天津市南开区卫津路94号717号
郭婷,014930,15952039425,1,7203@qq.com,辽宁省大连市中山区人民路55号283号
吴浩,750800,18214880201,0,2951@aliyun.com,安徽省合肥市政务区潜山路111号466号
杨平,607813,18651727043,0,1793@outlook.com,福建省厦门市思明区中山路400号289号
林浩,205941,18498361089,0,7788@sina.com,湖北省武汉市洪山区珞瑜路726号422号
朱鹏,706093,18460972105,1,341@outlook.com,广东省深圳市南山区科技园路8号204号
林艳,988522,18666476763,0,9649@sina.com,陕西省西安市雁塔区科技路88号927号
韩娟,933721,13473136016,0,5004@163.com,江西省南昌市青山湖区北京东路456号781号
唐涛,069519,15981641227,1,7795@163.com,黑龙江省哈尔滨市道里区中央大街99号938号
何华,668356,13707682663,1,6557@outlook.com,安徽省合肥市政务区潜山路111号74号
郭娟,379441,13302603745,1,7896@163.com,广东省深圳市南山区科技园路8号744号
林伟,275526,13680863696,1,4396@hotmail.com,江西省南昌市青山湖区北京东路456号617号
郭俊,188935,13614353218,1,7170@qq.com,湖北省武汉市洪山区珞瑜路726号373号
何鹏,278906,15828240288,1,3785@foxmail.com,广东省深圳市南山区科技园路8号703号
郭磊,235654,15352015525,1,1994@163.com,天津市南开区卫津路94号602号
王强,504827,18754454271,0,9@outlook.com,黑龙江省哈尔滨市道里区中央大街99号168号
萧辉,626409,13483193690,0,8659@hotmail.com,江西省南昌市青山湖区北京东路456号759号
何娟,185759,13060667567,1,2465@hotmail.com,安徽省合肥市政务区潜山路111号286号
梁静,397881,15831946313,1,7200@outlook.com,浙江省杭州市西湖区文二路188号117号
杨华,229649,18628471310,1,8535@foxmail.com,湖南省长沙市雨花区劳动西路102号797号
高博,757291,15971375168,1,3953@qq.com,北京市海淀区中关村大街1号636号
林璐,850865,13769972915,1,5992@aliyun.com,山东省青岛市市南区香港中路11号850号
刘俊,600617,13799144142,0,1832@foxmail.com,广东省深圳市南山区科技园路8号276号
郑芳,416476,13524282398,1,9597@126.com,北京市海淀区中关村大街1号534号
谢刚,940760,18955051926,1,937@sina.com,陕西省西安市雁塔区科技路88号670号
孙霞,404031,13557477202,0,3342@hotmail.com,安徽省合肥市政务区潜山路111号865号
董勇,940088,18887873566,1,4224@sina.com,江西省南昌市青山湖区北京东路456号28号
董秀兰,395229,15089328843,1,3008@qq.com,湖北省武汉市洪山区珞瑜路726号718号
张超,211483,18500330016,1,360@hotmail.com,辽宁省大连市中山区人民路55号948号
孙洋,108712,13179569097,0,2978@sina.com,安徽省合肥市政务区潜山路111号362号
朱涛,809384,13762583549,0,3659@aliyun.com,江西省南昌市青山湖区北京东路456号416号
宋敏,385811,15741335230,1,5869@gmail.com,陕西省西安市雁塔区科技路88号186号
萧浩,446627,13604891499,0,2758@gmail.com,吉林省长春市南关区人民大街123号349号
徐刚,641921,13736039814,1,2995@163.com,安徽省合肥市政务区潜山路111号665号
王俊,857815,15961874581,1,8738@gmail.com,陕西省西安市雁塔区科技路88号575号
刘军,949681,15220111231,1,7172@126.com,天津市南开区卫津路94号397号
杨辉,097656,13423464913,0,5214@163.com,湖南省长沙市雨花区劳动西路102号484号
高涛,177429,15810709657,0,9222@sina.com,江西省南昌市青山湖区北京东路456号187号
萧博,689108,18025004494,0,5066@126.com,河南省郑州市二七区大学路80号37号
冯俊,968874,18941064660,1,5856@aliyun.com,湖南省长沙市雨花区劳动西路102号334号
黄超,123162,15330083875,1,7623@outlook.com,河南省郑州市二七区大学路80号476号
冯明,698758,18073260231,0,3651@hotmail.com,四川省成都市高新区天府五街200号667号
黄健,338332,13754826297,1,8733@126.com,江苏省南京市建邺区江东中路229号915号
冯洋,191784,15711391637,1,4597@sina.com,安徽省合肥市政务区潜山路111号788号
陈凯,243345,15861716768,0,5459@163.com,重庆市渝北区金开大道68号593号
于静,879312,13149944379,1,1273@126.com,上海市静安区南京西路1266号534号
何鹏,181492,15336953460,0,1479@163.com,四川省成都市高新区天府五街200号551号
郭欣,184796,15504991014,1,9313@sina.com,吉林省长春市南关区人民大街123号113号
谢雪,369109,18074302901,1,9171@126.com,福建省厦门市思明区中山路400号624号
朱宇,446702,15683868244,1,5585@sina.com,北京市海淀区中关村大街1号570号
吴瑶,230564,13214542528,1,5502@163.com,北京市海淀区中关村大街1号917号
于玲,656750,18845759912,1,6404@outlook.com,陕西省西安市未央区某某街道511号
徐丽,560923,15653574486,1,164@gmail.com,吉林省长春市南关区人民大街123号884号
张宇,795093,13000431409,0,2895@163.com,山东省青岛市市南区香港中路11号788号
梁涛,777357,15202019930,0,2557@163.com,江苏省南京市建邺区江东中路229号365号
朱华,329429,13305318053,1,6395@foxmail.com,陕西省西安市雁塔区科技路88号526号
林博,405625,13699018187,0,2345@hotmail.com,福建省厦门市思明区中山路400号929号
胡勇,975773,15265734318,0,6116@163.com,河南省郑州市二七区大学路80号556号
王涛,497512,18320553651,1,6766@outlook.com,北京市海淀区中关村大街1号377号
罗华,725697,13430479195,0,8215@hotmail.com,天津市南开区卫津路94号483号
吴超,584119,18026327633,0,2885@126.com,福建省厦门市思明区中山路400号10号
周悦,670335,18918679199,1,6256@foxmail.com,黑龙江省哈尔滨市道里区中央大街99号760号
杨芳,767388,15183473870,1,4835@yahoo.com,江西省南昌市青山湖区北京东路456号633号
吴丽,453428,18466686040,1,1276@outlook.com,四川省成都市高新区天府五街200号662号
梁悦,131444,13651217727,1,2036@aliyun.com,江西省南昌市青山湖区北京东路456号854号
马健,492985,15538263455,1,2628@qq.com,安徽省合肥市政务区潜山路111号246号
黄刚,218427,15201182824,0,4368@aliyun.com,浙江省杭州市西湖区文二路188号660号
孙秀兰,313457,18497675473,1,5492@126.com,江西省南昌市青山湖区北京东路456号197号
萧桂英,882481,13774857261,1,2758@sina.com,重庆市渝北区金开大道68号504号
何强,262541,15160559304,0,3716@gmail.com,浙江省杭州市西湖区文二路188号40号
黄洋,153176,15037510820,1,2999@hotmail.com,辽宁省大连市中山区人民路55号960号
林平,966284,15988409455,1,8002@aliyun.com,山东省青岛市市南区香港中路11号236号
唐浩,504125,15613039544,0,9480@foxmail.com,安徽省合肥市政务区潜山路111号890号
唐浩,262953,13770066901,0,2746@yahoo.com,广东省深圳市南山区科技园路8号69号
郭平,189959,15889463858,1,4769@sina.com,江苏省南京市建邺区江东中路229号547号
梁悦,575391,13987749046,0,1108@yahoo.com,广东省深圳市南山区科技园路8号358号
萧强,627133,15645740907,0,7440@126.com,江西省南昌市青山湖区北京东路456号595号
高瑶,573025,13793069496,0,1959@outlook.com,广东省深圳市南山区科技园路8号471号
韩敏,696306,13610943927,0,1621@yahoo.com,陕西省西安市未央区某某街道469号
董磊,673502,13959707516,0,5185@aliyun.com,北京市海淀区中关村大街1号132号
董玲,642007,13004815933,0,3060@yahoo.com,福建省厦门市思明区中山路400号158号
梁俊,693463,18858222977,1,2547@foxmail.com,黑龙江省哈尔滨市道里区中央大街99号116号
杨静,858453,13387906438,1,7112@163.com,河南省郑州市二七区大学路80号10号
周凯,617793,15580815112,0,96@yahoo.com,河南省郑州市二七区大学路80号789号
谢欣,845946,13460316617,1,5095@yahoo.com,浙江省杭州市西湖区文二路188号428号
高辉,409915,15993502787,0,5557@aliyun.com,广东省深圳市南山区科技园路8号566号
萧勇,186390,18039457800,1,8240@yahoo.com,天津市南开区卫津路94号359号
刘敏,699872,18375788842,0,9306@126.com,江苏省南京市建邺区江东中路229号947号
谢悦,880141,15706793197,1,192@126.com,重庆市渝北区金开大道68号840号
梁欣,773550,18717401063,1,2557@126.com,北京市海淀区中关村大街1号534号
唐敏,473924,13576178352,1,9717@sina.com,四川省成都市高新区天府五街200号685号
郑欣,058332,13655867218,0,5127@aliyun.com,浙江省杭州市西湖区文二路188号775号
吴霞,047537,13991777937,1,6039@aliyun.com,吉林省长春市南关区人民大街123号95号
郭勇,062658,13325801212,0,4414@yahoo.com,湖北省武汉市洪山区珞瑜路726号653号
郑芳,436905,15216057406,1,5894@hotmail.com,山东省青岛市市南区香港中路11号434号
罗桂英,593145,15948661600,1,7364@foxmail.com,河南省郑州市二七区大学路80号809号
马瑶,546612,15158016148,1,1294@hotmail.com,江苏省南京市建邺区江东中路229号337号
宋桂英,952349,18674665707,0,9624@163.com,福建省厦门市思明区中山路400号284号
罗雪,036686,15152585626,0,2324@aliyun.com,广东省深圳市南山区科技园路8号306号
马璐,832072,18980295512,1,6101@163.com,四川省成都市高新区天府五街200号770号
宋平,296917,18969884774,0,7801@126.com,浙江省杭州市西湖区文二路188号557号
郭华,575483,18312961092,0,2738@aliyun.com,湖北省武汉市洪山区珞瑜路726号857号
徐刚,183691,15285224272,1,1102@aliyun.com,山东省青岛市市南区香港中路11号468号
王娜,546433,13697073836,1,3238@aliyun.com,广东省深圳市南山区科技园路8号151号
孙宇,578414,13321584728,0,6586@yahoo.com,陕西省西安市雁塔区科技路88号838号
赵娟,021906,13754567546,0,7462@aliyun.com,黑龙江省哈尔滨市道里区中央大街99号731号
黄洋,625672,18792285533,1,520@sina.com,福建省厦门市思明区中山路400号640号
高华,757808,13222664173,0,3533@qq.com,湖南省长沙市雨花区劳动西路102号526号
陈悦,012481,18980941591,1,4509@aliyun.com,北京市海淀区中关村大街1号901号
董芳,162511,15827784138,0,3349@hotmail.com,江西省南昌市青山湖区北京东路456号892号
杨芳,152404,13219096172,0,5034@163.com,广东省深圳市南山区科技园路8号798号
朱超,743685,18454908475,0,3338@hotmail.com,福建省厦门市思明区中山路400号381号
周璐,819362,13936706130,0,7404@foxmail.com,陕西省西安市雁塔区科技路88号507号
马平,447039,18069129398,1,2011@gmail.com,陕西省西安市未央区某某街道606号
郭丽,335712,13422387442,0,8434@gmail.com,福建省厦门市思明区中山路400号628号
张俊,721102,15580508568,0,8415@sina.com,陕西省西安市雁塔区科技路88号293号
王悦,791678,13551148430,1,5630@yahoo.com,湖北省武汉市洪山区珞瑜路726号21号
郭磊,934217,18601170109,0,733@hotmail.com,河南省郑州市二七区大学路80号227号
马峰,544792,15282305424,1,9910@sina.com,江西省南昌市青山湖区北京东路456号28号
韩浩,628865,13342659628,0,8828@163.com,四川省成都市高新区天府五街200号911号
韩勇,502535,18025998833,1,7378@gmail.com,湖北省武汉市洪山区珞瑜路726号728号
冯欣,725463,18351740653,1,205@outlook.com,天津市南开区卫津路94号989号
李婷,811870,15110081558,1,6409@gmail.com,湖南省长沙市雨花区劳动西路102号848号
唐芳,667378,13076414830,1,7922@163.com,安徽省合肥市政务区潜山路111号151号
高宇,538428,15179789480,1,6083@sina.com,湖北省武汉市洪山区珞瑜路726号647号
陈静,642965,18236368836,0,1454@yahoo.com,安徽省合肥市政务区潜山路111号183号
何平,406436,15563348396,0,7432@aliyun.com,辽宁省大连市中山区人民路55号921号
张瑶,248676,13230732256,0,5688@qq.com,福建省厦门市思明区中山路400号224号
于鹏,718744,13745826377,1,1640@foxmail.com,四川省成都市高新区天府五街200号743号
董雪,651793,15007830781,1,6276@outlook.com,重庆市渝北区金开大道68号362号
徐瑶,696421,13459037992,1,4705@gmail.com,辽宁省大连市中山区人民路55号209号
郭鹏,419388,18092399031,0,891@outlook.com,重庆市渝北区金开大道68号770号
高浩,183190,18978804775,0,5738@yahoo.com,吉林省长春市南关区人民大街123号340号
唐平,284098,18587129585,1,2244@126.com,广东省深圳市南山区科技园路8号968号
马悦,665536,15204242202,1,2336@gmail.com,山东省青岛市市南区香港中路11号101号
李超,923856,18121957142,0,8143@gmail.com,陕西省西安市雁塔区科技路88号316号
林平,522783,18225433033,0,3169@sina.com,上海市静安区南京西路1266号424号
高浩,753060,15500882469,1,27@foxmail.com,辽宁省大连市中山区人民路55号681号
于博,258545,15932166384,1,1159@163.com,黑龙江省哈尔滨市道里区中央大街99号810号
梁宇,208220,18334324353,0,5812@aliyun.com,重庆市渝北区金开大道68号394号
宋峰,762641,18540634811,1,7789@yahoo.com,山东省青岛市市南区香港中路11号376号
何娟,926208,18435634423,0,4361@aliyun.com,北京市海淀区中关村大街1号846号
董勇,260781,18731358860,1,3528@163.com,吉林省长春市南关区人民大街123号560号
郑静,045206,13876237936,0,19@126.com,重庆市渝北区金开大道68号457号
梁霞,320940,13189018351,0,509@aliyun.com,天津市南开区卫津路94号29号
胡玲,151689,13952787370,1,3820@hotmail.com,福建省厦门市思明区中山路400号462号
萧华,023768,18231844501,0,3504@aliyun.com,天津市南开区卫津路94号218号
韩文,845721,13623024114,1,9830@126.com,山东省青岛市市南区香港中路11号491号
高博,964762,15195369937,0,1838@aliyun.com,安徽省合肥市政务区潜山路111号529号
唐艳,323746,13040286822,0,8906@outlook.com,四川省成都市高新区天府五街200号781号
高秀兰,512037,13933978280,1,6099@aliyun.com,江西省南昌市青山湖区北京东路456号323号
唐涛,982653,13839534682,0,8389@outlook.com,北京市海淀区中关村大街1号723号
胡敏,805467,18224804049,1,2947@foxmail.com,四川省成都市高新区天府五街200号260号
孙娟,694396,13557970699,0,7543@aliyun.com,四川省成都市高新区天府五街200号878号
何杰,994763,18533114501,1,4431@hotmail.com,江西省南昌市青山湖区北京东路456号313号
唐浩,238599,13792824477,1,6110@gmail.com,陕西省西安市未央区某某街道927号
梁峰,028429,15026006583,1,4700@sina.com,福建省厦门市思明区中山路400号131号
宋勇,812764,13126636869,0,8935@hotmail.com,江苏省南京市建邺区江东中路229号881号
萧明,251872,15590890382,1,2079@gmail.com,重庆市渝北区金开大道68号480号
郑玲,174587,18781651033,0,7453@yahoo.com,陕西省西安市未央区某某街道564号
吴丽,556628,13058464101,1,1285@qq.com,吉林省长春市南关区人民大街123号767号
周明,871674,18275452904,0,12@qq.com,广东省深圳市南山区科技园路8号651号
杨婷,639124,15769001896,1,5245@outlook.com,重庆市渝北区金开大道68号395号
郑文,259471,15399575795,0,9850@sina.com,河南省郑州市二七区大学路80号560号
朱伟,153962,18181006047,1,3533@126.com,河南省郑州市二七区大学路80号20号
陈博,783749,15636422126,1,3647@126.com,山东省青岛市市南区香港中路11号926号
罗娟,086027,18986376535,0,148@gmail.com,黑龙江省哈尔滨市道里区中央大街99号64号
胡敏,652602,15922272261,0,5042@sina.com,天津市南开区卫津路94号791号
宋俊,205700,15324246063,0,7265@hotmail.com,江西省南昌市青山湖区北京东路456号331号
朱明,372612,13875509625,1,3644@outlook.com,福建省厦门市思明区中山路400号339号
吴玲,512535,13260867449,1,929@hotmail.com,浙江省杭州市西湖区文二路188号616号
林浩,601578,13612617765,1,8349@hotmail.com,北京市海淀区中关村大街1号646号
刘敏,103711,13747316794,1,9828@foxmail.com,山东省青岛市市南区香港中路11号613号
黄静,631446,13877042589,0,1447@outlook.com,上海市静安区南京西路1266号184号
梁健,937873,13390971839,1,5396@aliyun.com,湖南省长沙市雨花区劳动西路102号442号
朱娜,291796,15243366856,1,4749@qq.com,黑龙江省哈尔滨市道里区中央大街99号293号
董洋,639655,18122516083,1,4156@aliyun.com,上海市静安区南京西路1266号809号
郑杰,798234,18330132884,1,2524@qq.com,天津市南开区卫津路94号880号
董丽,869075,15890794088,1,2087@sina.com,浙江省杭州市西湖区文二路188号440号
谢勇,351461,15961100243,1,8311@outlook.com,江苏省南京市建邺区江东中路229号468号
王健,246275,18886449810,1,7482@sina.com,黑龙江省哈尔滨市道里区中央大街99号692号
高秀兰,579561,13411281964,0,1459@163.com,广东省深圳市南山区科技园路8号180号
朱浩,381908,15564821050,0,4634@yahoo.com,黑龙江省哈尔滨市道里区中央大街99号434号
何静,613207,13471845027,1,5146@sina.com,浙江省杭州市西湖区文二路188号476号
萧桂英,469119,15311949963,0,8710@outlook.com,四川省成都市高新区天府五街200号725号
周芳,296576,13627215786,0,305@aliyun.com,北京市海淀区中关村大街1号292号
胡明,261023,18304208386,0,8698@sina.com,福建省厦门市思明区中山路400号3号
马鹏,392159,13027507725,0,2845@sina.com,陕西省西安市雁塔区科技路88号861号
高浩,494422,15870020149,0,5350@sina.com,浙江省杭州市西湖区文二路188号515号
于文,063227,18623760485,1,9386@qq.com,天津市南开区卫津路94号879号
陈军,081521,13976041367,0,9933@aliyun.com,天津市南开区卫津路94号739号
吴敏,799489,15174579585,0,7671@163.com,陕西省西安市未央区某某街道260号
何欣,646875,13238931578,1,6475@gmail.com,重庆市渝北区金开大道68号515号
高强,403708,15052612012,1,2228@sina.com,安徽省合肥市政务区潜山路111号432号
胡杰,898735,13084168441,1,4412@sina.com,黑龙江省哈尔滨市道里区中央大街99号975号
梁洋,656518,13115165366,1,5223@gmail.com,安徽省合肥市政务区潜山路111号591号
林娜,540868,15840605923,1,9879@outlook.com,辽宁省大连市中山区人民路55号943号
张宇,632298,13271526007,1,8838@qq.com,浙江省杭州市西湖区文二路188号391号
林丽,993729,18615146872,1,1580@hotmail.com,陕西省西安市雁塔区科技路88号578号
冯璐,691909,15791730896,0,115@foxmail.com,广东省深圳市南山区科技园路8号172号
郭宇,473490,15743937941,1,7758@aliyun.com,江苏省南京市建邺区江东中路229号597号
何明,953109,13643835466,0,6302@aliyun.com,天津市南开区卫津路94号856号
董洋,600526,18154667293,0,4505@outlook.com,湖北省武汉市洪山区珞瑜路726号9号
韩健,846237,18934000687,1,1500@outlook.com,黑龙江省哈尔滨市道里区中央大街99号138号
于辉,397792,13699962132,0,2758@126.com,湖北省武汉市洪山区珞瑜路726号682号
宋丽,884343,18628678732,0,1249@qq.com,天津市南开区卫津路94号984号
宋洋,287892,15702471834,0,5217@gmail.com,黑龙江省哈尔滨市道里区中央大街99号721号
林博,588995,13608293873,1,9599@aliyun.com,北京市海淀区中关村大街1号895号
于瑶,049799,15153757292,1,9805@aliyun.com,江西省南昌市青山湖区北京东路456号361号
萧涛,880021,18865444620,0,9677@sina.com,陕西省西安市未央区某某街道414号
唐鹏,921251,15883813442,1,826@yahoo.com,河南省郑州市二七区大学路80号188号
刘敏,971448,18368663059,0,327@qq.com,陕西省西安市未央区某某街道494号
董明,331819,15126282624,0,8743@foxmail.com,福建省厦门市思明区中山路400号354号
赵华,659588,18229848069,0,4409@hotmail.com,辽宁省大连市中山区人民路55号553号
高刚,067254,13109823230,0,2608@foxmail.com,湖南省长沙市雨花区劳动西路102号343号
于艳,220819,18570540516,0,2751@yahoo.com,湖北省武汉市洪山区珞瑜路726号679号
杨洋,703205,18257855754,1,1153@163.com,黑龙江省哈尔滨市道里区中央大街99号439号
马涛,390152,18307494878,0,8365@sina.com,四川省成都市高新区天府五街200号312号
罗刚,752238,18100659323,1,1214@outlook.com,山东省青岛市市南区香港中路11号251号
徐超,421565,13649615573,1,805@sina.com,陕西省西安市雁塔区科技路88号403号
高军,900748,13565084560,0,6870@hotmail.com,吉林省长春市南关区人民大街123号807号
徐浩,842966,13473148314,0,13@outlook.com,福建省厦门市思明区中山路400号397号
吴丽,198444,13994635313,1,7318@qq.com,湖南省长沙市雨花区劳动西路102号991号
马婷,666747,18222212701,0,2969@aliyun.com,浙江省杭州市西湖区文二路188号777号
梁杰,757666,15700075948,0,9564@hotmail.com,辽宁省大连市中山区人民路55号298号
林敏,617338,13214618737,1,463@qq.com,广东省深圳市南山区科技园路8号246号
何辉,100554,13438897547,0,2944@foxmail.com,江西省南昌市青山湖区北京东路456号417号
周刚,889124,18754072349,1,7860@yahoo.com,吉林省长春市南关区人民大街123号586号
黄杰,172504,18273022545,1,5292@163.com,安徽省合肥市政务区潜山路111号965号
王磊,226516,13428590602,1,8109@aliyun.com,吉林省长春市南关区人民大街123号396号
杨敏,333621,15036682421,0,4893@gmail.com,陕西省西安市未央区某某街道358号
董鹏,017523,13127053348,1,612@hotmail.com,四川省成都市高新区天府五街200号683号
于强,805501,13238678583,1,8171@aliyun.com,广东省深圳市南山区科技园路8号199号
赵超,634812,15174358372,0,7157@hotmail.com,陕西省西安市雁塔区科技路88号673号
韩文,176490,15930983004,0,1493@aliyun.com,江苏省南京市建邺区江东中路229号274号
吴强,486008,18610480100,0,357@126.com,吉林省长春市南关区人民大街123号533号
唐悦,135433,15714126775,1,7449@hotmail.com,上海市静安区南京西路1266号163号
郭超,565381,18428818641,1,3501@163.com,广东省深圳市南山区科技园路8号137号
于强,024331,15944326113,1,6260@foxmail.com,上海市静安区南京西路1266号164号
李雪,939432,18160051556,1,2747@qq.com,江西省南昌市青山湖区北京东路456号566号
吴涛,763457,18931999146,1,8276@aliyun.com,重庆市渝北区金开大道68号194号
何华,488799,13657562235,1,3235@foxmail.com,江苏省南京市建邺区江东中路229号694号
郑超,473693,13110118578,0,8333@126.com,四川省成都市高新区天府五街200号43号
宋洋,678036,18424283990,1,7898@sina.com,安徽省合肥市政务区潜山路111号207号
何婷,997384,15795278786,0,5800@qq.com,陕西省西安市雁塔区科技路88号315号
杨璐,486166,15343378198,1,4210@hotmail.com,天津市南开区卫津路94号945号
梁涛,766625,13902346428,1,9736@163.com,湖北省武汉市洪山区珞瑜路726号417号
陈明,182326,15933375715,1,8471@aliyun.com,湖北省武汉市洪山区珞瑜路726号468号
胡丽,385282,15312233821,1,1815@qq.com,陕西省西安市雁塔区科技路88号702号
于芳,073719,13387455714,1,592@foxmail.com,吉林省长春市南关区人民大街123号229号
冯静,395660,13102322651,1,7455@outlook.com,黑龙江省哈尔滨市道里区中央大街99号586号
林军,990502,18897989133,1,1336@qq.com,江西省南昌市青山湖区北京东路456号661号
罗娜,830116,13631333022,0,7216@hotmail.com,天津市南开区卫津路94号669号
王桂英,218897,15316183563,0,243@foxmail.com,天津市南开区卫津路94号601号
周鹏,491108,15628559168,0,5520@yahoo.com,北京市海淀区中关村大街1号357号
孙静,694508,15089678252,1,2984@hotmail.com,江西省南昌市青山湖区北京东路456号990号
黄璐,472284,13991736132,1,2862@yahoo.com,江西省南昌市青山湖区北京东路456号990号
赵雪,406105,13509894137,0,1282@qq.com,天津市南开区卫津路94号678号
陈杰,051641,13143247915,0,5774@qq.com,湖南省长沙市雨花区劳动西路102号316号
唐宇,556015,13131426370,0,7718@sina.com,湖南省长沙市雨花区劳动西路102号646号
韩健,854490,18342143528,1,8687@qq.com,黑龙江省哈尔滨市道里区中央大街99号171号
何雪,256102,15338603544,1,1976@hotmail.com,广东省深圳市南山区科技园路8号923号
郑俊,589756,13410047406,1,6890@qq.com,江苏省南京市建邺区江东中路229号509号
郑芳,618635,13945280892,1,8412@126.com,吉林省长春市南关区人民大街123号426号
宋静,243641,18635750636,0,7534@yahoo.com,四川省成都市高新区天府五街200号566号
董艳,179548,18799361760,1,7189@outlook.com,安徽省合肥市政务区潜山路111号378号
萧霞,468991,13275243056,1,7512@yahoo.com,重庆市渝北区金开大道68号728号
宋艳,480064,13635443899,1,6300@126.com,黑龙江省哈尔滨市道里区中央大街99号360号
黄浩,225677,18600967347,1,878@126.com,山东省青岛市市南区香港中路11号785号
谢勇,151014,15228199430,0,9502@sina.com,江西省南昌市青山湖区北京东路456号208号
吴瑶,072458,15021904990,0,4593@126.com,福建省厦门市思明区中山路400号637号
周悦,307526,15268971313,1,9509@outlook.com,上海市静安区南京西路1266号213号
李悦,603977,13070918728,1,4341@gmail.com,四川省成都市高新区天府五街200号475号
李强,579739,15585719966,0,7492@foxmail.com,江西省南昌市青山湖区北京东路456号534号
何娟,731990,18525378265,1,3332@gmail.com,吉林省长春市南关区人民大街123号380号
周勇,329342,15042776738,0,6452@126.com,浙江省杭州市西湖区文二路188号179号
于桂英,421836,13531964602,0,5330@qq.com,福建省厦门市思明区中山路400号694号
张芳,634818,15358971805,0,5521@163.com,河南省郑州市二七区大学路80号452号
罗平,989161,18360157140,0,7064@163.com,安徽省合肥市政务区潜山路111号564号
谢刚,988675,15869099097,0,6743@yahoo.com,河南省郑州市二七区大学路80号154号
郑凯,442441,13949541234,1,1195@126.com,陕西省西安市雁塔区科技路88号894号
冯敏,969329,15505543573,1,413@outlook.com,安徽省合肥市政务区潜山路111号531号
董霞,204365,15792571729,1,385@126.com,安徽省合肥市政务区潜山路111号237号
张静,365854,15541188180,0,8460@gmail.com,湖北省武汉市洪山区珞瑜路726号669号
李敏,962897,18804251559,1,8230@126.com,湖南省长沙市雨花区劳动西路102号481号
唐俊,973904,15920128260,1,2128@aliyun.com,天津市南开区卫津路94号311号
韩平,392302,13743599776,1,7549@163.com,北京市海淀区中关村大街1号537号
萧凯,709464,18868408485,1,6215@163.com,江西省南昌市青山湖区北京东路456号439号
陈辉,047102,13154322467,0,4083@163.com,重庆市渝北区金开大道68号428号
黄俊,755836,18659848069,0,145@outlook.com,福建省厦门市思明区中山路400号590号
梁洋,697231,13478022990,1,1675@foxmail.com,福建省厦门市思明区中山路400号900号
郭玲,442473,18122828749,1,1953@hotmail.com,浙江省杭州市西湖区文二路188号54号
吴娜,031806,18677702216,1,9556@qq.com,安徽省合肥市政务区潜山路111号373号
吴雪,480902,18643800568,0,4012@qq.com,福建省厦门市思明区中山路400号984号
何明,804265,15683993168,0,3928@126.com,辽宁省大连市中山区人民路55号792号
杨超,360590,15599807493,0,7133@outlook.com,天津市南开区卫津路94号43号
王霞,239993,18274873203,1,7993@126.com,福建省厦门市思明区中山路400号686号
郭军,352922,18698954233,0,417@yahoo.com,吉林省长春市南关区人民大街123号315号
陈宇,729057,13220678126,0,2887@yahoo.com,陕西省西安市雁塔区科技路88号192号
郭丽,004409,15069504502,1,1733@yahoo.com,福建省厦门市思明区中山路400号12号
张敏,194720,15577492653,0,43@foxmail.com,福建省厦门市思明区中山路400号989号
朱俊,990141,18622029945,1,25@126.com,河南省郑州市二七区大学路80号131号
朱鹏,545571,18372448273,0,1195@aliyun.com,江苏省南京市建邺区江东中路229号696号
董博,861537,18256261936,1,4962@hotmail.com,江西省南昌市青山湖区北京东路456号16号
韩桂英,807507,18943666385,0,195@163.com,广东省深圳市南山区科技园路8号254号
李丽,376366,18465777200,0,1986@hotmail.com,河南省郑州市二七区大学路80号870号
于敏,850080,18632192635,1,6739@yahoo.com,湖南省长沙市雨花区劳动西路102号115号
吴静,641977,13617221321,1,6858@hotmail.com,江西省南昌市青山湖区北京东路456号444号
唐芳,628013,15574678592,1,1399@gmail.com,四川省成都市高新区天府五街200号713号
林鹏,217134,13705114134,1,2794@foxmail.com,上海市静安区南京西路1266号123号
黄华,163232,13404874278,0,2833@sina.com,四川省成都市高新区天府五街200号243号
谢平,229886,13807377999,1,8146@hotmail.com,陕西省西安市雁塔区科技路88号48号
吴伟,956591,18088923754,1,4786@163.com,四川省成都市高新区天府五街200号131号
林超,851932,18838500729,1,1914@outlook.com,安徽省合肥市政务区潜山路111号809号
冯平,860805,13557150820,1,280@sina.com,江西省南昌市青山湖区北京东路456号269号
梁勇,641321,13911102225,0,2500@hotmail.com,福建省厦门市思明区中山路400号477号
于刚,466759,13180197354,0,5838@163.com,陕西省西安市雁塔区科技路88号559号
唐凯,850424,13998048819,1,137@aliyun.com,山东省青岛市市南区香港中路11号65号
胡超,180829,15266420124,1,7473@sina.com,重庆市渝北区金开大道68号266号
高军,152771,13986598239,1,9595@outlook.com,江苏省南京市建邺区江东中路229号437号
罗娜,399356,13900465261,1,1344@126.com,福建省厦门市思明区中山路400号497号
王伟,905416,13059683761,1,3744@aliyun.com,江西省南昌市青山湖区北京东路456号314号
董婷,799458,15706479449,0,7754@126.com,河南省郑州市二七区大学路80号431号
唐秀兰,616599,15721643662,0,810@sina.com,吉林省长春市南关区人民大街123号692号
赵艳,898488,13308300937,0,4735@163.com,湖北省武汉市洪山区珞瑜路726号442号
于宇,638551,13322494173,1,7580@foxmail.com,重庆市渝北区金开大道68号162号
王平,501969,15612860062,1,6283@outlook.com,黑龙江省哈尔滨市道里区中央大街99号977号
萧洋,429442,13384287198,1,3835@gmail.com,河南省郑州市二七区大学路80号804号
黄涛,844210,13129139356,0,8561@foxmail.com,浙江省杭州市西湖区文二路188号66号
徐健,301850,15631326210,0,463@163.com,江苏省南京市建邺区江东中路229号60号
冯霞,741155,18423501290,0,8996@126.com,广东省深圳市南山区科技园路8号177号
萧杰,467686,13576411435,0,6180@qq.com,河南省郑州市二七区大学路80号882号
唐静,460150,13221335805,1,7731@qq.com,辽宁省大连市中山区人民路55号461号
黄超,499309,18599903763,1,3264@yahoo.com,江西省南昌市青山湖区北京东路456号266号
张涛,549421,18246120526,1,8487@aliyun.com,陕西省西安市雁塔区科技路88号569号
高瑶,324094,18660727928,1,2133@qq.com,黑龙江省哈尔滨市道里区中央大街99号596号
高娜,727122,15670605816,1,3844@qq.com,陕西省西安市雁塔区科技路88号488号
董明,010044,18312225457,0,18@outlook.com,山东省青岛市市南区香港中路11号242号
徐欣,912464,15210851977,1,8558@126.com,湖南省长沙市雨花区劳动西路102号937号
王辉,591563,18521353468,1,2382@foxmail.com,四川省成都市高新区天府五街200号910号
杨丽,529502,18146923794,0,8094@yahoo.com,北京市海淀区中关村大街1号430号
陈健,764989,15832507323,0,322@gmail.com,黑龙江省哈尔滨市道里区中央大街99号23号
韩静,636060,18394037978,1,1818@hotmail.com,河南省郑州市二七区大学路80号904号
陈博,222059,15305853008,0,93@gmail.com,四川省成都市高新区天府五街200号907号
吴娜,898664,18046961291,0,4384@aliyun.com,广东省深圳市南山区科技园路8号881号
陈洋,145049,18992438121,0,297@foxmail.com,上海市静安区南京西路1266号37号
刘鹏,168967,18131998217,0,7465@163.com,安徽省合肥市政务区潜山路111号360号
梁涛,078986,15811181925,1,6803@sina.com,重庆市渝北区金开大道68号988号
宋杰,136570,15953308106,0,1388@163.com,山东省青岛市市南区香港中路11号356号
董辉,361643,15506426755,0,9200@qq.com,陕西省西安市雁塔区科技路88号916号
陈秀兰,236997,15981993907,1,3186@yahoo.com,辽宁省大连市中山区人民路55号554号
梁刚,092402,18491800416,1,2519@foxmail.com,安徽省合肥市政务区潜山路111号864号
罗伟,704906,15830092452,1,9641@qq.com,湖南省长沙市雨花区劳动西路102号71号
谢玲,449504,15199089933,1,1218@yahoo.com,浙江省杭州市西湖区文二路188号214号
谢敏,982084,15101995203,1,1567@aliyun.com,浙江省杭州市西湖区文二路188号589号
马伟,824253,18195599666,1,2051@foxmail.com,天津市南开区卫津路94号158号
高博,042429,18949658746,1,5237@hotmail.com,江苏省南京市建邺区江东中路229号263号
林芳,773437,15690704169,0,2764@qq.com,江苏省南京市建邺区江东中路229号945号
林婷,974982,18776345040,1,7830@yahoo.com,四川省成都市高新区天府五街200号814号
王艳,093226,13097018577,0,1579@outlook.com,辽宁省大连市中山区人民路55号655号
萧宇,678167,18667335733,1,202@126.com,陕西省西安市雁塔区科技路88号734号
宋鹏,603839,13276175096,0,7665@outlook.com,陕西省西安市未央区某某街道394号
张悦,779355,18186377143,0,3045@126.com,湖北省武汉市洪山区珞瑜路726号486号
朱鹏,613965,18301941214,0,6381@gmail.com,安徽省合肥市政务区潜山路111号556号
黄娜,481091,15930501645,1,3755@126.com,黑龙江省哈尔滨市道里区中央大街99号899号
周伟,410908,15758008628,1,329@yahoo.com,广东省深圳市南山区科技园路8号506号
梁桂英,713209,15205552299,1,6745@163.com,陕西省西安市未央区某某街道588号
赵瑶,885599,18798522124,1,8275@126.com,江西省南昌市青山湖区北京东路456号415号
冯璐,246779,15270806885,0,6362@hotmail.com,湖北省武汉市洪山区珞瑜路726号764号
朱浩,233960,13979301289,1,9784@163.com,浙江省杭州市西湖区文二路188号722号
徐丽,153338,15817371557,1,2490@gmail.com,河南省郑州市二七区大学路80号313号
张欣,008630,15942736322,0,4293@hotmail.com,四川省成都市高新区天府五街200号570号
罗秀兰,743187,15643787841,0,5128@hotmail.com,陕西省西安市雁塔区科技路88号370号
郭玲,374291,18068547003,1,5148@aliyun.com,湖南省长沙市雨花区劳动西路102号750号
唐瑶,257073,18072165340,1,869@outlook.com,广东省深圳市南山区科技园路8号15号
黄桂英,985551,18912537393,0,6715@163.com,陕西省西安市雁塔区科技路88号558号
梁敏,782631,13197128732,0,714@163.com,安徽省合肥市政务区潜山路111号481号
刘伟,861007,18139943256,0,6655@aliyun.com,河南省郑州市二七区大学路80号164号
陈鹏,789929,13040371677,0,3686@yahoo.com,河南省郑州市二七区大学路80号942号
陈杰,441478,15506519219,1,7615@aliyun.com,吉林省长春市南关区人民大街123号469号
马娜,830175,15859800847,0,4771@yahoo.com,安徽省合肥市政务区潜山路111号492号
梁华,166862,18443751004,0,395@hotmail.com,吉林省长春市南关区人民大街123号23号
张艳,771707,18926329919,1,9154@yahoo.com,辽宁省大连市中山区人民路55号471号
萧璐,505767,13595383881,0,7168@outlook.com,湖南省长沙市雨花区劳动西路102号959号
梁凯,772955,13879827523,1,3346@gmail.com,浙江省杭州市西湖区文二路188号735号
赵欣,033833,13187945928,0,9597@outlook.com,上海市静安区南京西路1266号332号
高鹏,883083,18999279859,1,7134@gmail.com,天津市南开区卫津路94号521号
何博,081118,15902906573,0,1297@hotmail.com,安徽省合肥市政务区潜山路111号938号
郭娟,504832,13112879544,0,5914@foxmail.com,天津市南开区卫津路94号942号
陈俊,179740,15603963599,0,1665@163.com,陕西省西安市雁塔区科技路88号990号
王华,407519,18927485232,0,9342@foxmail.com,浙江省杭州市西湖区文二路188号855号
于强,914250,18000970849,1,6433@gmail.com,黑龙江省哈尔滨市道里区中央大街99号151号
于博,315806,13947661897,1,5161@126.com,江苏省南京市建邺区江东中路229号695号
吴文,500909,18081855371,0,4124@126.com,浙江省杭州市西湖区文二路188号827号
罗玲,463068,18383819353,1,7660@sina.com,浙江省杭州市西湖区文二路188号614号
陈勇,388912,13096229195,1,1397@aliyun.com,辽宁省大连市中山区人民路55号459号
唐洋,304059,18215161210,1,3718@hotmail.com,上海市静安区南京西路1266号917号
陈刚,874669,15081606748,0,6439@foxmail.com,黑龙江省哈尔滨市道里区中央大街99号628号
黄璐,548765,13418087982,1,9396@126.com,山东省青岛市市南区香港中路11号836号
赵敏,873290,13587067840,0,2928@gmail.com,天津市南开区卫津路94号417号
谢静,548801,18188682536,1,9611@yahoo.com,重庆市渝北区金开大道68号850号
冯霞,888022,13558965864,0,1464@outlook.com,山东省青岛市市南区香港中路11号744号
于娟,834354,13731535931,1,2521@yahoo.com,广东省深圳市南山区科技园路8号280号
胡超,151359,15240091443,0,8740@126.com,辽宁省大连市中山区人民路55号131号
吴健,393025,13331261718,1,6139@outlook.com,上海市静安区南京西路1266号343号
马华,915476,13104724685,0,5612@sina.com,重庆市渝北区金开大道68号790号
马璐,868594,15568432636,1,2519@outlook.com,陕西省西安市未央区某某街道907号
赵俊,028717,18379975066,0,4929@gmail.com,福建省厦门市思明区中山路400号77号
王艳,366689,15166786140,0,7554@yahoo.com,上海市静安区南京西路1266号869号
胡秀兰,727519,13442299094,0,6976@gmail.com,上海市静安区南京西路1266号248号
杨秀兰,329661,13021786071,1,9109@qq.com,陕西省西安市未央区某某街道55号
宋宇,762209,13184902273,1,6219@outlook.com,浙江省杭州市西湖区文二路188号828号
罗悦,752552,18855250315,1,2215@hotmail.com,天津市南开区卫津路94号401号
周军,981765,13156538195,0,286@gmail.com,河南省郑州市二七区大学路80号621号
萧磊,927570,18118111110,0,8021@aliyun.com,江苏省南京市建邺区江东中路229号836号
谢磊,672553,18439596937,0,713@126.com,浙江省杭州市西湖区文二路188号602号
唐文,932644,13022600127,1,3711@yahoo.com,湖北省武汉市洪山区珞瑜路726号704号
杨明,123270,15871142083,1,819@outlook.com,湖南省长沙市雨花区劳动西路102号523号
宋凯,287689,15210904370,1,9515@foxmail.com,山东省青岛市市南区香港中路11号4号
郑浩,916288,15381921367,1,2793@gmail.com,江苏省南京市建邺区江东中路229号975号
马丽,538293,18097838403,1,2480@qq.com,陕西省西安市雁塔区科技路88号503号
张悦,733080,13404533150,1,238@sina.com,湖北省武汉市洪山区珞瑜路726号801号
胡凯,295277,13651616814,0,9671@hotmail.com,北京市海淀区中关村大街1号475号
黄娜,023399,18190204413,1,2768@aliyun.com,安徽省合肥市政务区潜山路111号908号
林明,064696,13190239785,0,3168@outlook.com,吉林省长春市南关区人民大街123号531号
吴桂英,870665,15996742330,0,6723@yahoo.com,山东省青岛市市南区香港中路11号628号
于涛,221497,15141098007,0,3631@yahoo.com,黑龙江省哈尔滨市道里区中央大街99号281号
赵婷,376596,15517543107,0,4542@126.com,江苏省南京市建邺区江东中路229号542号
高芳,664595,18560975969,1,409@sina.com,陕西省西安市雁塔区科技路88号866号
郑霞,030404,15385098646,0,4943@gmail.com,江西省南昌市青山湖区北京东路456号688号
冯璐,183469,13367942317,0,2797@gmail.com,江苏省南京市建邺区江东中路229号260号
林娜,368707,18185082899,0,7839@yahoo.com,四川省成都市高新区天府五街200号410号
黄婷,591193,18569565210,0,5401@yahoo.com,江苏省南京市建邺区江东中路229号347号
郑俊,020012,13735270973,0,8693@qq.com,福建省厦门市思明区中山路400号279号
于涛,228491,15107106868,1,8993@gmail.com,四川省成都市高新区天府五街200号425号
李霞,120874,13679723660,0,9565@sina.com,重庆市渝北区金开大道68号913号
梁勇,581466,18052086073,1,7131@foxmail.com,安徽省合肥市政务区潜山路111号738号
赵文,470820,18270709168,0,183@sina.com,黑龙江省哈尔滨市道里区中央大街99号521号
黄健,412979,15098089043,1,7508@qq.com,湖南省长沙市雨花区劳动西路102号531号
林玲,548233,15220078458,1,6050@outlook.com,浙江省杭州市西湖区文二路188号745号
刘娟,659786,13452795895,1,957@gmail.com,福建省厦门市思明区中山路400号478号
周洋,856944,13599208198,0,5455@gmail.com,黑龙江省哈尔滨市道里区中央大街99号338号
黄洋,357401,18074641086,0,6185@aliyun.com,湖北省武汉市洪山区珞瑜路726号873号
梁欣,335135,18723504440,1,7883@hotmail.com,陕西省西安市未央区某某街道253号
谢凯,584907,13597727375,0,6925@yahoo.com,江西省南昌市青山湖区北京东路456号929号
徐娟,183669,18736829054,0,9660@qq.com,陕西省西安市雁塔区科技路88号585号
林璐,771871,13542895307,1,5713@yahoo.com,上海市静安区南京西路1266号177号
董刚,550393,15709457948,1,2871@126.com,安徽省合肥市政务区潜山路111号42号
梁悦,729304,18177976560,1,6980@yahoo.com,天津市南开区卫津路94号837号
赵华,297052,15121458776,0,5817@aliyun.com,四川省成都市高新区天府五街200号305号
罗静,303891,15607800387,1,5994@hotmail.com,吉林省长春市南关区人民大街123号375号
宋艳,394725,15276157840,0,6077@yahoo.com,陕西省西安市雁塔区科技路88号178号
吴鹏,099664,15620841545,1,5022@yahoo.com,江苏省南京市建邺区江东中路229号981号
刘鹏,868949,15552100106,1,391@qq.com,天津市南开区卫津路94号988号
胡雪,483015,18233495347,1,548@gmail.com,广东省深圳市南山区科技园路8号813号
林敏,583812,18402216487,1,172@outlook.com,河南省郑州市二七区大学路80号391号
周娜,472924,18680361033,1,6355@163.com,上海市静安区南京西路1266号69号
李涛,512823,15632086024,0,7132@outlook.com,上海市静安区南京西路1266号989号
李悦,461447,18469873795,1,177@126.com,江西省南昌市青山湖区北京东路456号950号
徐艳,901564,18457487186,0,2909@163.com,江苏省南京市建邺区江东中路229号703号
陈凯,386494,18468012435,1,839@sina.com,浙江省杭州市西湖区文二路188号944号
罗超,048517,13417802172,1,7044@sina.com,陕西省西安市未央区某某街道944号
胡强,274172,18041157160,1,2183@sina.com,重庆市渝北区金开大道68号878号
高瑶,646220,13608267992,1,2197@qq.com,陕西省西安市未央区某某街道285号
王婷,971191,15221031894,0,6186@sina.com,湖南省长沙市雨花区劳动西路102号172号
韩悦,175883,15813504076,0,4357@qq.com,四川省成都市高新区天府五街200号343号
吴娟,229851,13202101490,1,7717@aliyun.com,江西省南昌市青山湖区北京东路456号971号
朱超,926330,13216510439,1,2405@hotmail.com,广东省深圳市南山区科技园路8号168号
宋欣,015636,13760798106,0,1371@yahoo.com,吉林省长春市南关区人民大街123号866号
孙雪,289447,18808313760,1,7327@foxmail.com,山东省青岛市市南区香港中路11号488号
张平,332617,13408311054,0,7247@outlook.com,江西省南昌市青山湖区北京东路456号161号
吴悦,689704,18350263707,0,5475@sina.com,辽宁省大连市中山区人民路55号876号
高杰,589781,18136314897,1,782@foxmail.com,上海市静安区南京西路1266号666号
罗博,085540,18411970255,0,1234@yahoo.com,福建省厦门市思明区中山路400号696号
朱霞,547343,18978804993,1,6310@163.com,黑龙江省哈尔滨市道里区中央大街99号883号
董博,011780,18052184134,0,3890@126.com,湖南省长沙市雨花区劳动西路102号189号
萧敏,364026,13016369906,1,8856@hotmail.com,北京市海淀区中关村大街1号676号
何婷,337216,13178457567,0,648@sina.com,河南省郑州市二七区大学路80号885号
徐玲,374133,18096264177,1,6456@qq.com,黑龙江省哈尔滨市道里区中央大街99号624号
张明,162653,15063586337,1,749@gmail.com,天津市南开区卫津路94号702号
马娜,230700,13819435925,0,3045@outlook.com,江苏省南京市建邺区江东中路229号591号
胡婷,518670,13924110150,0,9234@qq.com,湖南省长沙市雨花区劳动西路102号125号
朱璐,002045,15801282257,0,9472@hotmail.com,四川省成都市高新区天府五街200号630号
黄秀兰,307602,18477348014,1,6611@gmail.com,河南省郑州市二七区大学路80号145号
于鹏,172357,18023769377,1,6965@hotmail.com,广东省深圳市南山区科技园路8号168号
王艳,498807,15656885966,1,6736@qq.com,河南省郑州市二七区大学路80号642号
何桂英,169662,15552038670,1,3866@sina.com,北京市海淀区中关村大街1号130号
黄静,931045,15694301990,0,6890@gmail.com,江西省南昌市青山湖区北京东路456号615号
李凯,754044,13690902608,1,2936@yahoo.com,广东省深圳市南山区科技园路8号280号
朱欣,558426,18421961733,1,8841@aliyun.com,黑龙江省哈尔滨市道里区中央大街99号956号
冯涛,023707,13127262300,1,935@sina.com,江西省南昌市青山湖区北京东路456号303号
周桂英,799662,13376736400,0,9255@yahoo.com,浙江省杭州市西湖区文二路188号404号
胡洋,853168,18466577293,0,4276@outlook.com,四川省成都市高新区天府五街200号353号
何秀兰,158099,18264353916,0,1770@qq.com,北京市海淀区中关村大街1号573号
谢文,360286,13841891931,0,216@outlook.com,陕西省西安市未央区某某街道687号
何刚,494571,18689991652,1,7957@yahoo.com,福建省厦门市思明区中山路400号588号
杨军,433230,15104776901,0,720@126.com,广东省深圳市南山区科技园路8号893号
唐艳,280921,18222312079,1,5098@hotmail.com,黑龙江省哈尔滨市道里区中央大街99号802号
高敏,749429,13650109807,1,9385@yahoo.com,吉林省长春市南关区人民大街123号282号
陈欣,686900,18393278037,0,5665@gmail.com,天津市南开区卫津路94号350号
罗明,784802,15018034934,0,7967@sina.com,陕西省西安市未央区某某街道815号
黄辉,936449,18519501163,1,5546@qq.com,吉林省长春市南关区人民大街123号277号
谢磊,684488,15941251231,1,5085@foxmail.com,江西省南昌市青山湖区北京东路456号20号
李平,970124,13750080599,0,3319@126.com,陕西省西安市未央区某某街道946号
谢娜,042359,13059301231,0,155@qq.com,天津市南开区卫津路94号886号
周鹏,404447,13916199246,0,251@yahoo.com,陕西省西安市未央区某某街道131号
罗欣,947124,15900368812,1,4305@aliyun.com,山东省青岛市市南区香港中路11号461号
于博,717779,18773586799,0,8614@163.com,福建省厦门市思明区中山路400号295号
胡芳,788331,18723733312,0,2749@sina.com,湖北省武汉市洪山区珞瑜路726号442号
李秀兰,964107,15296490461,1,5817@163.com,天津市南开区卫津路94号84号
吴伟,095656,18339506764,1,5774@gmail.com,天津市南开区卫津路94号164号
李辉,870936,15731732926,0,7280@hotmail.com,福建省厦门市思明区中山路400号163号
李玲,881300,13142181595,1,933@163.com,陕西省西安市未央区某某街道23号
高艳,612801,13598465612,1,1076@163.com,陕西省西安市未央区某某街道258号
林秀兰,744091,15638316148,0,3872@foxmail.com,福建省厦门市思明区中山路400号281号
郭刚,723274,13194743124,1,6077@aliyun.com,浙江省杭州市西湖区文二路188号985号
董霞,208968,15283977071,0,539@aliyun.com,陕西省西安市未央区某某街道277号
赵敏,925794,18221518423,1,5486@163.com,天津市南开区卫津路94号968号
董峰,695144,15628753827,1,5277@yahoo.com,辽宁省大连市中山区人民路55号523号
董峰,549774,18811272566,0,5822@yahoo.com,吉林省长春市南关区人民大街123号623号
高静,584525,13734931121,0,2290@hotmail.com,福建省厦门市思明区中山路400号871号
高鹏,710871,13473763264,0,4831@foxmail.com,辽宁省大连市中山区人民路55号238号
陈玲,211975,13313128033,0,2195@qq.com,陕西省西安市未央区某某街道248号
董凯,337772,18176427447,0,2414@outlook.com,陕西省西安市未央区某某街道455号
刘鹏,391069,15068566276,0,2149@gmail.com,浙江省杭州市西湖区文二路188号769号
李宇,044692,15511386357,1,6933@qq.com,天津市南开区卫津路94号854号
罗玲,848807,15853970306,1,9938@gmail.com,江西省南昌市青山湖区北京东路456号980号
孙桂英,457571,13359670188,0,483@qq.com,山东省青岛市市南区香港中路11号323号
孙悦,377619,13041236071,1,4896@qq.com,黑龙江省哈尔滨市道里区中央大街99号835号
冯霞,337210,18917346867,0,4745@sina.com,河南省郑州市二七区大学路80号313号
胡玲,991532,13527622108,1,4738@163.com,陕西省西安市雁塔区科技路88号516号
杨涛,418140,18098648342,1,883@aliyun.com,重庆市渝北区金开大道68号398号
孙悦,129079,13222935392,1,4188@outlook.com,江西省南昌市青山湖区北京东路456号573号
郑勇,672278,13863162595,1,6460@126.com,湖北省武汉市洪山区珞瑜路726号267号
何桂英,031234,13299798983,1,337@foxmail.com,河南省郑州市二七区大学路80号98号
李超,629820,13920377124,0,1363@hotmail.com,山东省青岛市市南区香港中路11号187号
高文,881700,15632507242,0,9815@foxmail.com,河南省郑州市二七区大学路80号655号
马宇,446214,18660987530,0,1471@qq.com,陕西省西安市未央区某某街道626号
刘俊,722460,18995019168,0,8508@qq.com,陕西省西安市未央区某某街道734号
朱娟,923857,18240919174,0,4266@163.com,重庆市渝北区金开大道68号524号
董军,176082,15882344621,0,4478@foxmail.com,江西省南昌市青山湖区北京东路456号293号
郭娜,716923,18323171688,1,224@yahoo.com,四川省成都市高新区天府五街200号319号
罗玲,480013,18816407835,0,3400@163.com,浙江省杭州市西湖区文二路188号737号
谢雪,372270,15361288384,1,7763@gmail.com,北京市海淀区中关村大街1号298号
周刚,744515,18717435578,0,378@126.com,黑龙江省哈尔滨市道里区中央大街99号749号
孙宇,102425,18605901729,1,7361@163.com,安徽省合肥市政务区潜山路111号493号
郭俊,264321,15290716759,1,9998@gmail.com,江西省南昌市青山湖区北京东路456号26号
李娟,960851,13175723377,1,6641@hotmail.com,河南省郑州市二七区大学路80号397号
王娜,534158,13132669907,1,4180@gmail.com,山东省青岛市市南区香港中路11号139号
高艳,828922,13348005826,0,2468@163.com,吉林省长春市南关区人民大街123号503号
李勇,876504,13030025839,1,2160@126.com,浙江省杭州市西湖区文二路188号807号
郭明,948996,13018581397,0,8683@foxmail.com,陕西省西安市未央区某某街道598号
赵静,237506,13153858264,0,581@aliyun.com,安徽省合肥市政务区潜山路111号954号
周宇,609617,18204686446,1,4978@gmail.com,江西省南昌市青山湖区北京东路456号340号
萧敏,241184,15136394849,0,4971@qq.com,安徽省合肥市政务区潜山路111号391号
罗峰,318651,13036136478,0,4551@gmail.com,黑龙江省哈尔滨市道里区中央大街99号684号
胡瑶,529017,18809180751,1,5293@outlook.com,山东省青岛市市南区香港中路11号874号
刘涛,202923,18051910175,1,9514@yahoo.com,浙江省杭州市西湖区文二路188号454号
萧超,471213,18478364093,0,9385@aliyun.com,黑龙江省哈尔滨市道里区中央大街99号386号
谢明,892409,18649474623,0,1989@126.com,辽宁省大连市中山区人民路55号930号
唐欣,333754,13721442032,0,9438@163.com,天津市南开区卫津路94号61号
黄芳,162897,18989650605,1,3877@hotmail.com,天津市南开区卫津路94号468号
冯凯,261462,15678429126,1,4610@163.com,陕西省西安市未央区某某街道266号
杨静,824438,15632751871,0,7281@yahoo.com,上海市静安区南京西路1266号267号
王伟,621066,18635220622,0,9701@sina.com,湖北省武汉市洪山区珞瑜路726号690号
徐浩,764618,18875169943,1,2519@hotmail.com,黑龙江省哈尔滨市道里区中央大街99号988号
何雪,497741,18383940206,1,7472@sina.com,北京市海淀区中关村大街1号658号
吴璐,629881,13197017910,1,7179@outlook.com,天津市南开区卫津路94号202号
萧磊,021775,13246050154,0,9574@126.com,重庆市渝北区金开大道68号409号
何辉,677500,18599764803,0,9169@foxmail.com,陕西省西安市雁塔区科技路88号89号
李健,577627,18766592139,1,3037@yahoo.com,山东省青岛市市南区香港中路11号780号
周玲,074690,13430912453,1,5154@yahoo.com,陕西省西安市雁塔区科技路88号522号
张霞,432033,15358056211,1,4722@126.com,浙江省杭州市西湖区文二路188号548号
杨凯,764274,18280176790,0,4515@163.com,北京市海淀区中关村大街1号569号
梁静,519032,13449365819,0,4154@outlook.com,江苏省南京市建邺区江东中路229号233号
杨杰,384804,15349994595,0,7419@qq.com,安徽省合肥市政务区潜山路111号781号
梁丽,711214,15198011347,1,7510@hotmail.com,安徽省合肥市政务区潜山路111号271号
高刚,187576,18499870356,0,5822@sina.com,河南省郑州市二七区大学路80号948号
梁娟,021507,13374056638,1,6110@outlook.com,湖北省武汉市洪山区珞瑜路726号138号
梁浩,636975,15813938473,0,3809@foxmail.com,重庆市渝北区金开大道68号57号
张华,253385,15231720036,0,2642@gmail.com,黑龙江省哈尔滨市道里区中央大街99号794号
唐博,246883,13274709531,1,4230@hotmail.com,江西省南昌市青山湖区北京东路456号279号
郭强,413155,15898402524,0,9544@yahoo.com,河南省郑州市二七区大学路80号722号
赵洋,504586,13579134896,1,9334@163.com,河南省郑州市二七区大学路80号32号
杨娟,474576,13519673339,1,5204@126.com,山东省青岛市市南区香港中路11号85号
郑健,058413,18830646697,1,3269@aliyun.com,吉林省长春市南关区人民大街123号997号
胡宇,127546,18124064445,0,4721@foxmail.com,四川省成都市高新区天府五街200号954号
周强,785631,15780014381,1,4231@aliyun.com,辽宁省大连市中山区人民路55号782号
唐磊,784056,18964710257,0,4960@yahoo.com,湖北省武汉市洪山区珞瑜路726号843号
李凯,920444,13146422476,1,3388@aliyun.com,河南省郑州市二七区大学路80号933号
萧宇,470401,13092210435,0,7906@126.com,黑龙江省哈尔滨市道里区中央大街99号843号
马磊,881711,18098614053,0,7580@gmail.com,北京市海淀区中关村大街1号984号
吴芳,662967,18096268141,1,1822@126.com,山东省青岛市市南区香港中路11号591号
宋辉,882371,13413992396,1,6292@foxmail.com,广东省深圳市南山区科技园路8号700号
梁桂英,424901,13299056410,0,4799@yahoo.com,福建省厦门市思明区中山路400号746号
王平,323014,15589333515,0,3933@163.com,安徽省合肥市政务区潜山路111号12号
胡娜,626124,13139563798,0,9967@yahoo.com,陕西省西安市雁塔区科技路88号972号
张桂英,677697,15848887598,0,5889@yahoo.com,安徽省合肥市政务区潜山路111号747号
刘平,251389,15664936164,1,2526@outlook.com,湖北省武汉市洪山区珞瑜路726号776号
李平,226249,13898443760,0,8338@hotmail.com,浙江省杭州市西湖区文二路188号180号
陈悦,348589,15368050886,1,2907@aliyun.com,广东省深圳市南山区科技园路8号723号
唐宇,581926,13114602417,1,407@aliyun.com,浙江省杭州市西湖区文二路188号825号
杨洋,266565,13710407548,1,1319@hotmail.com,四川省成都市高新区天府五街200号932号
赵强,168426,18805623487,0,3266@foxmail.com,陕西省西安市未央区某某街道556号
郑艳,698957,13402394675,1,9051@sina.com,陕西省西安市雁塔区科技路88号131号
张文,678166,13852860153,0,6517@126.com,湖南省长沙市雨花区劳动西路102号15号
韩华,774459,15110037702,1,5096@aliyun.com,河南省郑州市二七区大学路80号186号
郑桂英,705341,18153242165,1,7868@foxmail.com,陕西省西安市雁塔区科技路88号198号
徐鹏,449033,15758745604,0,7455@aliyun.com,重庆市渝北区金开大道68号350号
萧杰,313221,15894122465,0,6831@sina.com,福建省厦门市思明区中山路400号774号
罗洋,433397,15591010974,0,6244@yahoo.com,山东省青岛市市南区香港中路11号898号
徐华,135203,18405116423,1,7971@sina.com,江西省南昌市青山湖区北京东路456号597号
陈敏,670959,15986435825,0,8252@sina.com,天津市南开区卫津路94号825号
刘璐,983169,15915776774,1,4745@yahoo.com,上海市静安区南京西路1266号455号
黄敏,972252,15780546440,1,9705@foxmail.com,浙江省杭州市西湖区文二路188号22号
孙伟,331172,15535003936,1,1490@yahoo.com,湖北省武汉市洪山区珞瑜路726号121号
孙丽,453739,18707836861,1,7749@gmail.com,四川省成都市高新区天府五街200号428号
唐玲,343502,18094298629,0,6526@sina.com,吉林省长春市南关区人民大街123号73号
罗峰,547048,15385193956,1,6795@aliyun.com,江西省南昌市青山湖区北京东路456号205号
王刚,396060,15738608041,0,8208@hotmail.com,河南省郑州市二七区大学路80号646号
赵桂英,388623,15755693447,1,8467@163.com,上海市静安区南京西路1266号675号
杨凯,373355,13461673242,0,127@qq.com,上海市静安区南京西路1266号606号
朱俊,579641,15683138444,0,8721@126.com,吉林省长春市南关区人民大街123号887号
林健,675787,18016131771,0,4110@foxmail.com,浙江省杭州市西湖区文二路188号773号
吴超,062397,15966494855,1,467@aliyun.com,广东省深圳市南山区科技园路8号455号
黄丽,007283,13372176405,0,8088@sina.com,浙江省杭州市西湖区文二路188号680号
郭辉,062094,13358073575,1,4043@gmail.com,陕西省西安市未央区某某街道588号
朱洋,008591,18026039733,0,6941@foxmail.com,辽宁省大连市中山区人民路55号849号
梁涛,691954,18163451342,1,1548@aliyun.com,重庆市渝北区金开大道68号913号
何勇,677727,15903671189,0,3837@sina.com,河南省郑州市二七区大学路80号331号
吴悦,918884,13696490887,0,3854@qq.com,黑龙江省哈尔滨市道里区中央大街99号392号
林艳,993071,18184979212,0,9212@hotmail.com,黑龙江省哈尔滨市道里区中央大街99号553号
赵欣,693041,13363713144,1,1227@yahoo.com,福建省厦门市思明区中山路400号145号
朱文,549096,18099569075,0,5043@qq.com,吉林省长春市南关区人民大街123号262号
吴辉,649006,15705205345,1,3550@outlook.com,吉林省长春市南关区人民大街123号702号
高宇,843149,15843749883,1,4302@outlook.com,吉林省长春市南关区人民大街123号489号
罗欣,370443,15538535840,1,9117@yahoo.com,北京市海淀区中关村大街1号562号
周璐,467273,18154631823,0,2922@yahoo.com,河南省郑州市二七区大学路80号224号
马凯,071340,15244999647,1,3477@outlook.com,天津市南开区卫津路94号104号
林婷,857277,13043791497,1,5433@sina.com,湖南省长沙市雨花区劳动西路102号318号
张勇,030536,18836702401,0,231@qq.com,四川省成都市高新区天府五街200号776号
郭玲,682530,13510029111,1,6919@126.com,四川省成都市高新区天府五街200号820号
高静,702699,15655609761,1,2308@yahoo.com,福建省厦门市思明区中山路400号726号
罗洋,985075,13777150792,0,7241@foxmail.com,湖北省武汉市洪山区珞瑜路726号323号
高娜,246643,18824704390,1,6611@outlook.com,山东省青岛市市南区香港中路11号112号
吴雪,207032,13614521002,1,4944@gmail.com,广东省深圳市南山区科技园路8号731号
萧超,375896,18718885289,1,534@sina.com,陕西省西安市未央区某某街道772号
马博,859735,18357575051,0,5604@163.com,江苏省南京市建邺区江东中路229号592号
马雪,329991,15317505185,1,9562@sina.com,吉林省长春市南关区人民大街123号404号
张艳,965401,18242994585,1,95@outlook.com,福建省厦门市思明区中山路400号633号
马浩,717440,15693879551,1,9532@aliyun.com,湖南省长沙市雨花区劳动西路102号902号
杨桂英,976373,18002758887,0,3512@hotmail.com,黑龙江省哈尔滨市道里区中央大街99号838号
李华,798960,15032507202,0,9418@yahoo.com,江西省南昌市青山湖区北京东路456号55号
梁娜,549148,18353606752,0,8904@126.com,四川省成都市高新区天府五街200号302号
李凯,764264,13355145771,0,5770@yahoo.com,北京市海淀区中关村大街1号197号
唐鹏,726993,15063127967,0,7039@aliyun.com,重庆市渝北区金开大道68号849号
黄勇,265792,15362119974,1,6803@qq.com,上海市静安区南京西路1266号400号
吴文,301190,18802108246,1,2710@126.com,浙江省杭州市西湖区文二路188号714号
高丽,273733,15508252174,0,8588@yahoo.com,江西省南昌市青山湖区北京东路456号692号
陈丽,365975,13249262560,1,3412@yahoo.com,吉林省长春市南关区人民大街123号940号
胡鹏,863985,15077643943,0,6579@yahoo.com,江苏省南京市建邺区江东中路229号78号
陈秀兰,766728,13837040923,0,6240@qq.com,北京市海淀区中关村大街1号248号
黄璐,041241,13340798105,0,6469@gmail.com,四川省成都市高新区天府五街200号167号
董鹏,037167,18901749499,0,7854@126.com,福建省厦门市思明区中山路400号703号
郭秀兰,301905,18450771647,0,7771@163.com,吉林省长春市南关区人民大街123号412号
谢强,819173,13945669956,1,1754@qq.com,四川省成都市高新区天府五街200号868号
郑文,804522,13967353587,1,4358@aliyun.com,北京市海淀区中关村大街1号107号
林浩,352366,18571257761,0,5978@hotmail.com,福建省厦门市思明区中山路400号275号
梁欣,403022,15740938510,0,7436@hotmail.com,辽宁省大连市中山区人民路55号284号
宋超,047025,15892162009,1,1239@sina.com,山东省青岛市市南区香港中路11号447号
董俊,465311,15702165060,1,3542@qq.com,陕西省西安市雁塔区科技路88号342号
于洋,626728,13793975599,1,4038@outlook.com,安徽省合肥市政务区潜山路111号146号
李华,687710,18657882666,0,8963@yahoo.com,浙江省杭州市西湖区文二路188号45号
刘洋,842932,18522095152,1,8220@yahoo.com,湖南省长沙市雨花区劳动西路102号819号
郑伟,107192,15338963482,1,3923@outlook.com,湖南省长沙市雨花区劳动西路102号413号
王宇,794595,15665163762,0,1561@outlook.com,湖北省武汉市洪山区珞瑜路726号637号
唐秀兰,479817,13559340207,1,8045@hotmail.com,福建省厦门市思明区中山路400号372号
周凯,926700,18940109973,1,9871@126.com,湖南省长沙市雨花区劳动西路102号67号
孙娜,919402,15778243659,1,4756@yahoo.com,黑龙江省哈尔滨市道里区中央大街99号59号
吴娜,673446,13434713343,0,9311@sina.com,北京市海淀区中关村大街1号109号
徐欣,806679,15987766933,0,8536@sina.com,吉林省长春市南关区人民大街123号182号
徐雪,813489,15540367391,1,3421@yahoo.com,广东省深圳市南山区科技园路8号345号
韩瑶,052437,15544761917,1,5784@outlook.com,北京市海淀区中关村大街1号661号
吴博,229551,15655067300,0,945@163.com,陕西省西安市未央区某某街道428号
周俊,988241,18329369334,0,6215@163.com,上海市静安区南京西路1266号693号
黄磊,830195,15721479301,1,7705@126.com,河南省郑州市二七区大学路80号981号
林杰,402531,18432946020,1,3280@foxmail.com,陕西省西安市未央区某某街道802号
朱丽,385091,13944840641,1,1987@gmail.com,广东省深圳市南山区科技园路8号905号
朱玲,741558,18251611272,1,9729@aliyun.com,吉林省长春市南关区人民大街123号899号
董玲,169631,18562484402,1,8609@hotmail.com,陕西省西安市未央区某某街道546号
黄雪,985406,13018705444,1,3509@gmail.com,重庆市渝北区金开大道68号310号
林浩,406944,13066032340,1,7605@outlook.com,浙江省杭州市西湖区文二路188号249号
萧博,282876,13989169720,0,2790@outlook.com,重庆市渝北区金开大道68号219号
陈悦,130592,15262934871,0,7708@foxmail.com,江西省南昌市青山湖区北京东路456号455号
于伟,112493,15541616131,0,6119@hotmail.com,安徽省合肥市政务区潜山路111号507号
赵丽,694477,18129571120,0,9116@foxmail.com,湖北省武汉市洪山区珞瑜路726号230号
梁磊,744959,13756651180,1,221@hotmail.com,福建省厦门市思明区中山路400号379号
赵秀兰,584578,18240941855,0,7536@aliyun.com,湖北省武汉市洪山区珞瑜路726号564号
高勇,240652,13830377426,0,7347@foxmail.com,江西省南昌市青山湖区北京东路456号475号
孙文,792722,13897627985,1,6650@qq.com,辽宁省大连市中山区人民路55号624号
马强,538633,15862531061,1,6909@163.com,陕西省西安市雁塔区科技路88号507号
董涛,470064,13473903768,0,2767@aliyun.com,上海市静安区南京西路1266号336号
黄洋,232551,13184531902,0,6015@yahoo.com,安徽省合肥市政务区潜山路111号906号
马文,287171,18611542884,1,6152@gmail.com,陕西省西安市未央区某某街道311号
韩峰,696255,15870607787,1,1399@gmail.com,北京市海淀区中关村大街1号847号
赵凯,864734,13092914197,1,7792@aliyun.com,湖南省长沙市雨花区劳动西路102号638号
胡秀兰,332274,13690049271,1,9331@hotmail.com,安徽省合肥市政务区潜山路111号583号
萧丽,641462,13613373518,1,118@outlook.com,湖南省长沙市雨花区劳动西路102号525号
胡宇,397606,15701114210,1,6206@gmail.com,山东省青岛市市南区香港中路11号774号
林军,978561,18427805053,0,3258@outlook.com,湖南省长沙市雨花区劳动西路102号103号
杨桂英,693286,18520330858,0,7222@qq.com,陕西省西安市未央区某某街道521号
吴悦,402069,18774381838,0,2328@aliyun.com,福建省厦门市思明区中山路400号218号
郭磊,026639,13348316706,0,3907@126.com,江西省南昌市青山湖区北京东路456号100号
黄超,983099,15346699082,0,7051@gmail.com,湖南省长沙市雨花区劳动西路102号159号
陈艳,617402,18356867987,1,212@qq.com,黑龙江省哈尔滨市道里区中央大街99号210号
郭桂英,075150,15241997559,0,6305@sina.com,湖南省长沙市雨花区劳动西路102号95号
谢伟,775653,18734142254,0,1633@foxmail.com,陕西省西安市未央区某某街道5号
朱凯,175828,18396243350,1,3656@126.com,黑龙江省哈尔滨市道里区中央大街99号920号
周涛,647485,18352082496,1,5160@sina.com,陕西省西安市未央区某某街道613号
刘健,799207,18780305755,1,9708@hotmail.com,江西省南昌市青山湖区北京东路456号925号
唐军,424209,18882921644,1,3232@outlook.com,湖南省长沙市雨花区劳动西路102号236号
胡娟,899235,18064017163,1,2863@163.com,吉林省长春市南关区人民大街123号849号
梁博,714445,18468061264,0,1563@foxmail.com,吉林省长春市南关区人民大街123号458号
林璐,587758,13346329868,1,3078@hotmail.com,北京市海淀区中关村大街1号984号
高悦,805958,18939052537,0,3641@aliyun.com,天津市南开区卫津路94号720号
郑秀兰,235660,13657725852,0,1831@163.com,四川省成都市高新区天府五街200号232号
黄敏,845878,15387715657,1,600@aliyun.com,江西省南昌市青山湖区北京东路456号441号
谢俊,352206,18678540015,0,9609@sina.com,浙江省杭州市西湖区文二路188号269号
林浩,771183,15505313271,0,6598@qq.com,江西省南昌市青山湖区北京东路456号774号
李华,565474,13700251885,1,5096@126.com,安徽省合肥市政务区潜山路111号745号
赵宇,838826,18834968509,1,1609@126.com,福建省厦门市思明区中山路400号224号
罗明,704381,15179377316,0,2690@gmail.com,四川省成都市高新区天府五街200号107号
于辉,146547,18296863220,0,1236@126.com,江苏省南京市建邺区江东中路229号821号
郑明,077164,15166929879,0,4086@126.com,山东省青岛市市南区香港中路11号127号
陈敏,297176,13857851909,1,6435@yahoo.com,四川省成都市高新区天府五街200号630号
王艳,999697,18899087796,0,4675@yahoo.com,浙江省杭州市西湖区文二路188号612号
刘静,066081,15524124918,1,1031@163.com,重庆市渝北区金开大道68号754号
黄璐,527108,18518103627,1,6648@foxmail.com,湖北省武汉市洪山区珞瑜路726号781号
郑鹏,882091,18846348670,0,410@sina.com,天津市南开区卫津路94号542号
赵健,337841,13497699211,0,835@outlook.com,吉林省长春市南关区人民大街123号836号
郑健,454204,13538580282,1,7817@126.com,四川省成都市高新区天府五街200号648号
郑娟,117532,18708222922,0,6758@hotmail.com,湖北省武汉市洪山区珞瑜路726号695号
赵瑶,199841,15194858736,1,7394@hotmail.com,天津市南开区卫津路94号274号
胡瑶,423657,13923647421,0,578@qq.com,河南省郑州市二七区大学路80号977号
宋芳,217893,13903386268,0,6863@sina.com,四川省成都市高新区天府五街200号46号
周刚,355546,13770344894,0,4927@yahoo.com,四川省成都市高新区天府五街200号352号
孙华,546565,18688159468,1,5122@gmail.com,四川省成都市高新区天府五街200号401号
徐凯,109014,15066568514,0,1002@163.com,天津市南开区卫津路94号458号
徐强,391136,13267686120,1,537@aliyun.com,北京市海淀区中关村大街1号525号
赵刚,710243,18098772179,1,57@qq.com,重庆市渝北区金开大道68号617号
郭婷,646218,13872038671,0,1446@outlook.com,吉林省长春市南关区人民大街123号626号
杨璐,702784,15916844445,0,3057@foxmail.com,天津市南开区卫津路94号636号
郑浩,443077,18861901329,1,4646@hotmail.com,四川省成都市高新区天府五街200号724号
杨娜,324150,15680413908,0,1058@foxmail.com,广东省深圳市南山区科技园路8号115号
郑娜,024646,18202038201,0,6912@outlook.com,广东省深圳市南山区科技园路8号382号
陈伟,118279,13772324142,0,3338@hotmail.com,吉林省长春市南关区人民大街123号907号
宋勇,329029,15249227216,1,7536@outlook.com,江西省南昌市青山湖区北京东路456号997号
林平,668462,18849846777,0,1925@gmail.com,广东省深圳市南山区科技园路8号210号
孙勇,801736,18516963244,1,5403@163.com,广东省深圳市南山区科技园路8号80号
郭洋,654837,18651755565,1,4441@foxmail.com,上海市静安区南京西路1266号844号
马杰,666518,18650426512,1,2586@yahoo.com,浙江省杭州市西湖区文二路188号559号
董艳,422249,13124080118,0,1720@gmail.com,江西省南昌市青山湖区北京东路456号447号
朱辉,567318,18201369046,0,6749@126.com,重庆市渝北区金开大道68号802号
林敏,211058,18900150828,0,5238@sina.com,北京市海淀区中关村大街1号632号
张丽,655485,15999177901,1,67@163.com,天津市南开区卫津路94号47号
杨博,892168,15036097317,1,2273@aliyun.com,江苏省南京市建邺区江东中路229号45号
郑明,485063,13562676494,0,775@gmail.com,江苏省南京市建邺区江东中路229号26号
谢秀兰,130710,15638933024,0,9354@hotmail.com,重庆市渝北区金开大道68号68号
张悦,681718,15626827004,1,4231@163.com,四川省成都市高新区天府五街200号849号
周霞,031243,15158861544,1,7591@qq.com,山东省青岛市市南区香港中路11号931号
郑静,369592,18927268594,0,9691@126.com,黑龙江省哈尔滨市道里区中央大街99号507号
郑强,768344,13014030207,0,4950@126.com,湖南省长沙市雨花区劳动西路102号535号
郑凯,517825,13602511018,1,7010@foxmail.com,陕西省西安市未央区某某街道422号
周涛,525279,13519217628,1,7670@hotmail.com,湖南省长沙市雨花区劳动西路102号428号
罗瑶,457070,15836484325,1,3673@sina.com,江苏省南京市建邺区江东中路229号65号
于军,722916,18645589329,1,994@foxmail.com,黑龙江省哈尔滨市道里区中央大街99号945号
周健,326283,13903820552,1,8224@gmail.com,湖北省武汉市洪山区珞瑜路726号645号
陈平,369715,18423223589,1,9051@hotmail.com,江苏省南京市建邺区江东中路229号111号
唐明,523336,18814768763,0,7496@sina.com,重庆市渝北区金开大道68号598号
唐博,826379,13401685190,1,6882@126.com,湖南省长沙市雨花区劳动西路102号117号
董芳,886775,15952110706,1,5973@yahoo.com,湖南省长沙市雨花区劳动西路102号607号
马浩,810885,13772213529,0,3470@aliyun.com,北京市海淀区中关村大街1号694号
谢峰,972831,18849906779,0,1053@yahoo.com,天津市南开区卫津路94号353号
林婷,183123,18025627909,0,68@126.com,天津市南开区卫津路94号671号
于博,949832,15591319821,1,4293@outlook.com,北京市海淀区中关村大街1号6号
董瑶,472315,18370673176,1,6783@aliyun.com,福建省厦门市思明区中山路400号237号
郑刚,155965,13719833555,0,4618@qq.com,湖南省长沙市雨花区劳动西路102号570号
林凯,018989,15767300512,1,6612@gmail.com,陕西省西安市未央区某某街道101号
林鹏,132077,13471464134,0,7264@163.com,天津市南开区卫津路94号594号
萧杰,460459,15066373587,0,8360@aliyun.com,山东省青岛市市南区香港中路11号169号
林秀兰,112054,18281509915,1,3764@outlook.com,四川省成都市高新区天府五街200号470号
黄丽,613830,15190264881,1,7554@hotmail.com,四川省成都市高新区天府五街200号921号
王伟,626088,18509736210,0,2125@outlook.com,湖北省武汉市洪山区珞瑜路726号912号
徐磊,510973,13312185848,0,8978@yahoo.com,江西省南昌市青山湖区北京东路456号185号
宋悦,160934,18185797042,0,7425@qq.com,河南省郑州市二七区大学路80号664号
张磊,278007,13566116665,1,5706@gmail.com,山东省青岛市市南区香港中路11号281号
何军,023452,15990553762,1,2353@yahoo.com,陕西省西安市雁塔区科技路88号785号
冯婷,806567,13968290687,1,2146@hotmail.com,福建省厦门市思明区中山路400号859号
冯瑶,862279,18083609777,1,7070@126.com,上海市静安区南京西路1266号502号
宋瑶,163479,15066512737,1,370@sina.com,浙江省杭州市西湖区文二路188号539号
罗刚,314354,15597900498,0,635@qq.com,北京市海淀区中关村大街1号888号
冯军,851671,15646786119,1,8291@foxmail.com,广东省深圳市南山区科技园路8号349号
刘杰,015981,18279362915,0,5946@aliyun.com,安徽省合肥市政务区潜山路111号821号
张文,166959,15776216600,0,1074@hotmail.com,湖北省武汉市洪山区珞瑜路726号749号
林丽,817896,18189920410,1,5134@163.com,吉林省长春市南关区人民大街123号781号
萧峰,419631,15512501582,1,3214@gmail.com,吉林省长春市南关区人民大街123号710号
张婷,233698,13914598247,1,8338@outlook.com,陕西省西安市未央区某某街道303号
何华,811596,13487550910,1,140@163.com,陕西省西安市未央区某某街道460号
何浩,919029,13671510475,1,3818@126.com,黑龙江省哈尔滨市道里区中央大街99号695号
郑艳,654698,18587314606,1,4036@hotmail.com,广东省深圳市南山区科技园路8号654号
韩勇,058649,15700758010,0,7257@163.com,广东省深圳市南山区科技园路8号460号
宋勇,382896,13284851967,1,8684@hotmail.com,辽宁省大连市中山区人民路55号622号
陈芳,489500,13692867677,0,1641@126.com,广东省深圳市南山区科技园路8号934号
刘文,537244,18979711591,0,7533@foxmail.com,吉林省长春市南关区人民大街123号664号
陈凯,533264,15979035244,0,6178@qq.com,广东省深圳市南山区科技园路8号470号
孙平,137698,18175549992,1,9033@outlook.com,河南省郑州市二七区大学路80号905号
赵鹏,975948,13340349395,0,1186@aliyun.com,吉林省长春市南关区人民大街123号514号
赵霞,057302,15014055427,0,4554@126.com,上海市静安区南京西路1266号929号
李文,825733,13539585299,1,5947@qq.com,浙江省杭州市西湖区文二路188号594号
林玲,184101,15732903386,0,7370@sina.com,广东省深圳市南山区科技园路8号404号
郭浩,572528,15393914551,0,1229@hotmail.com,天津市南开区卫津路94号667号
张浩,188647,13237772064,0,4294@aliyun.com,四川省成都市高新区天府五街200号396号
唐霞,050388,15601800906,1,5769@hotmail.com,福建省厦门市思明区中山路400号505号
郭娜,872262,15017239154,0,8421@gmail.com,浙江省杭州市西湖区文二路188号809号
黄辉,013529,15158009752,0,9443@sina.com,吉林省长春市南关区人民大街123号155号
韩婷,992191,15810072494,0,3787@163.com,山东省青岛市市南区香港中路11号932号
胡华,502316,18179375616,1,1691@qq.com,河南省郑州市二七区大学路80号353号
孙静,411534,18351946029,1,3362@yahoo.com,黑龙江省哈尔滨市道里区中央大街99号788号
马艳,248709,15971306756,1,7935@qq.com,湖北省武汉市洪山区珞瑜路726号36号
张璐,720687,18258345958,0,1023@outlook.com,广东省深圳市南山区科技园路8号586号
刘瑶,318188,13904714906,1,8925@outlook.com,辽宁省大连市中山区人民路55号674号
吴婷,945366,15387742729,1,8334@qq.com,重庆市渝北区金开大道68号30号
宋磊,116491,13120054606,0,2246@hotmail.com,福建省厦门市思明区中山路400号750号
董华,434891,15531187409,0,9518@qq.com,山东省青岛市市南区香港中路11号299号
高璐,512735,18174363871,0,27@163.com,陕西省西安市雁塔区科技路88号355号
宋磊,820025,15910263848,1,6923@foxmail.com,湖北省武汉市洪山区珞瑜路726号720号
高艳,881765,13315699706,0,6224@hotmail.com,辽宁省大连市中山区人民路55号787号
唐文,114545,13474113827,1,1282@sina.com,陕西省西安市未央区某某街道701号
谢敏,484112,18789412572,0,5135@outlook.com,江西省南昌市青山湖区北京东路456号684号
唐平,616228,13473535516,0,9859@qq.com,四川省成都市高新区天府五街200号322号
吴博,911705,13805550355,0,5857@yahoo.com,天津市南开区卫津路94号526号
刘勇,625058,18127505120,1,3086@qq.com,湖北省武汉市洪山区珞瑜路726号432号
罗敏,930506,15890119728,0,9432@outlook.com,湖南省长沙市雨花区劳动西路102号540号
王军,602698,13981507975,0,5979@aliyun.com,江苏省南京市建邺区江东中路229号288号
何浩,833157,18020053169,0,4487@foxmail.com,黑龙江省哈尔滨市道里区中央大街99号414号
孙秀兰,141901,13094198121,0,4105@gmail.com,广东省深圳市南山区科技园路8号280号
何强,618415,13735653219,0,4760@qq.com,江西省南昌市青山湖区北京东路456号779号
郑平,813171,15289615685,1,1589@yahoo.com,湖北省武汉市洪山区珞瑜路726号350号
梁凯,774533,13863113020,0,2817@qq.com,四川省成都市高新区天府五街200号426号
朱洋,917292,18417352692,0,1655@126.com,浙江省杭州市西湖区文二路188号122号
吴刚,008628,18344448933,1,265@foxmail.com,江苏省南京市建邺区江东中路229号969号
李健,127155,13520024348,0,9247@sina.com,北京市海淀区中关村大街1号162号
徐凯,089860,18517436035,0,9369@gmail.com,重庆市渝北区金开大道68号778号
高平,626567,15786948794,1,9730@aliyun.com,湖南省长沙市雨花区劳动西路102号342号
徐华,312887,18210701610,0,8076@qq.com,福建省厦门市思明区中山路400号906号
罗健,840440,13255455757,1,8712@126.com,四川省成都市高新区天府五街200号578号
李博,249244,15230942851,1,6240@qq.com,河南省郑州市二七区大学路80号570号
唐敏,348118,13876612519,1,310@yahoo.com,天津市南开区卫津路94号446号
萧娟,904573,13417245649,1,1550@gmail.com,陕西省西安市未央区某某街道483号
郭霞,443772,18544453932,0,2611@yahoo.com,江西省南昌市青山湖区北京东路456号72号
陈艳,565610,18971185022,0,8419@126.com,广东省深圳市南山区科技园路8号714号
唐辉,409091,15383517433,1,1852@foxmail.com,重庆市渝北区金开大道68号480号
陈平,749515,18686752007,0,568@qq.com,黑龙江省哈尔滨市道里区中央大街99号477号
刘玲,110682,15650047489,1,3347@gmail.com,浙江省杭州市西湖区文二路188号804号
黄刚,922803,18626565576,1,7678@gmail.com,上海市静安区南京西路1266号926号
萧勇,716044,15115402105,0,1325@aliyun.com,吉林省长春市南关区人民大街123号584号
吴文,478560,13465340383,0,2915@qq.com,北京市海淀区中关村大街1号215号
徐健,773564,15888134379,1,6068@163.com,江西省南昌市青山湖区北京东路456号774号
朱丽,562476,13042943443,1,6060@hotmail.com,山东省青岛市市南区香港中路11号632号
韩勇,083143,15292876077,0,4215@yahoo.com,福建省厦门市思明区中山路400号623号
萧娜,234508,18831468896,1,3141@sina.com,浙江省杭州市西湖区文二路188号26号
梁娜,649905,13079274116,0,2155@sina.com,陕西省西安市未央区某某街道75号
梁华,213289,18757873091,1,8617@foxmail.com,重庆市渝北区金开大道68号199号
吴军,166079,18918900765,1,4668@gmail.com,安徽省合肥市政务区潜山路111号174号
郭浩,356144,13157146541,1,2156@outlook.com,黑龙江省哈尔滨市道里区中央大街99号508号
孙娜,040733,13219525684,1,5589@126.com,陕西省西安市雁塔区科技路88号660号
周瑶,360804,18560257031,1,9238@outlook.com,江西省南昌市青山湖区北京东路456号468号
于明,438332,15752965899,1,8311@126.com,江西省南昌市青山湖区北京东路456号434号
罗欣,847378,15770678535,0,2708@163.com,山东省青岛市市南区香港中路11号513号
黄娜,063882,13806139066,0,7660@hotmail.com,江苏省南京市建邺区江东中路229号623号
赵娜,741161,13858726744,0,1942@yahoo.com,北京市海淀区中关村大街1号332号
韩明,397728,15319262220,1,6809@foxmail.com,河南省郑州市二七区大学路80号467号
郑峰,117084,13931433846,1,2743@foxmail.com,湖北省武汉市洪山区珞瑜路726号564号
张凯,150939,13460698579,0,5543@qq.com,安徽省合肥市政务区潜山路111号581号
王文,204891,15611370155,0,1819@hotmail.com,安徽省合肥市政务区潜山路111号190号
罗辉,589421,13426197040,0,4929@qq.com,湖南省长沙市雨花区劳动西路102号63号
马雪,464818,18048659107,1,4465@163.com,湖北省武汉市洪山区珞瑜路726号869号
胡明,731744,18135361437,0,6127@163.com,上海市静安区南京西路1266号764号
郭涛,422246,13237331245,1,1127@aliyun.com,江苏省南京市建邺区江东中路229号279号
郑芳,638691,13266048590,0,7801@126.com,天津市南开区卫津路94号335号
黄华,808109,18699004846,0,2031@gmail.com,四川省成都市高新区天府五街200号310号
孙超,758981,15815041640,0,8703@qq.com,重庆市渝北区金开大道68号571号
何瑶,550785,18833644614,1,753@126.com,四川省成都市高新区天府五街200号527号
董杰,760838,15133461620,1,4667@foxmail.com,四川省成都市高新区天府五街200号354号
冯辉,521783,15618974488,1,7299@yahoo.com,陕西省西安市雁塔区科技路88号72号
宋芳,355556,18818526336,1,5748@hotmail.com,江苏省南京市建邺区江东中路229号779号
黄敏,615390,13728403216,0,9573@163.com,浙江省杭州市西湖区文二路188号696号
高秀兰,933821,18814518133,0,7220@yahoo.com,广东省深圳市南山区科技园路8号176号
张欣,475140,15611288122,0,4020@sina.com,浙江省杭州市西湖区文二路188号190号
周娟,483002,18508782046,1,6003@126.com,山东省青岛市市南区香港中路11号600号
孙芳,441585,18570253726,1,6887@gmail.com,陕西省西安市雁塔区科技路88号776号
周瑶,151190,13914187392,1,0@foxmail.com,重庆市渝北区金开大道68号248号
董超,283435,18395181201,1,1272@outlook.com,陕西省西安市未央区某某街道536号
郭欣,314934,18414778198,1,9465@hotmail.com,河南省郑州市二七区大学路80号789号
梁刚,711002,18070791849,0,4453@126.com,黑龙江省哈尔滨市道里区中央大街99号635号
林秀兰,699878,18435788796,0,2644@126.com,浙江省杭州市西湖区文二路188号861号
胡玲,325407,18302940570,0,2198@sina.com,江苏省南京市建邺区江东中路229号931号
吴伟,324844,13826209989,1,1709@gmail.com,湖北省武汉市洪山区珞瑜路726号971号
吴峰,312047,15241430606,1,1959@foxmail.com,上海市静安区南京西路1266号136号
黄鹏,185549,13754782637,1,4698@126.com,黑龙江省哈尔滨市道里区中央大街99号389号
宋刚,357069,13237142835,0,1610@hotmail.com,辽宁省大连市中山区人民路55号854号
林宇,980457,18900113631,1,1249@foxmail.com,湖北省武汉市洪山区珞瑜路726号728号
梁霞,917162,13668187459,1,4757@163.com,湖北省武汉市洪山区珞瑜路726号278号
周军,615704,15382120454,0,597@qq.com,安徽省合肥市政务区潜山路111号544号
于文,644115,13749274600,0,5129@qq.com,吉林省长春市南关区人民大街123号560号
马军,298017,13612037681,1,310@qq.com,山东省青岛市市南区香港中路11号329号
郭杰,314091,18465723534,1,5076@outlook.com,湖北省武汉市洪山区珞瑜路726号738号
林凯,813247,18495556312,0,8501@qq.com,辽宁省大连市中山区人民路55号480号
刘涛,261721,18102132009,0,9966@foxmail.com,浙江省杭州市西湖区文二路188号885号
高敏,207811,13538867891,0,9262@hotmail.com,湖南省长沙市雨花区劳动西路102号423号
赵伟,629034,15817256288,1,1518@sina.com,安徽省合肥市政务区潜山路111号62号
黄静,845901,18816996792,1,8342@126.com,河南省郑州市二七区大学路80号636号
宋静,568080,15334100918,0,4112@sina.com,湖南省长沙市雨花区劳动西路102号689号
朱静,219564,13798901169,0,5851@aliyun.com,陕西省西安市雁塔区科技路88号775号
吴涛,397821,15635374768,0,9131@outlook.com,上海市静安区南京西路1266号248号
唐桂英,293022,15706659989,1,5618@yahoo.com,广东省深圳市南山区科技园路8号347号
马强,015365,15802448075,1,4785@yahoo.com,安徽省合肥市政务区潜山路111号172号
赵桂英,855738,15123560607,1,3350@hotmail.com,江西省南昌市青山湖区北京东路456号729号
张静,713473,18079484472,0,7169@aliyun.com,浙江省杭州市西湖区文二路188号315号
罗娜,616259,15052239196,1,4262@outlook.com,福建省厦门市思明区中山路400号480号
董宇,421601,15680484198,1,6164@hotmail.com,吉林省长春市南关区人民大街123号952号
黄俊,983608,18032353067,0,8395@qq.com,湖北省武汉市洪山区珞瑜路726号77号
李超,839400,15923111699,0,3956@foxmail.com,四川省成都市高新区天府五街200号874号
孙娟,497411,13274591360,1,17@hotmail.com,河南省郑州市二七区大学路80号344号
胡静,869888,18226649675,0,1883@sina.com,黑龙江省哈尔滨市道里区中央大街99号986号
梁涛,973175,18343343088,1,3905@163.com,安徽省合肥市政务区潜山路111号626号
郭刚,042399,15999000457,1,2363@126.com,安徽省合肥市政务区潜山路111号713号
周雪,825147,18077722240,0,9656@yahoo.com,重庆市渝北区金开大道68号669号
赵洋,281195,15925513115,0,9051@yahoo.com,广东省深圳市南山区科技园路8号28号
高超,003069,13356046906,0,38@qq.com,天津市南开区卫津路94号823号
于平,495065,13045558198,1,288@yahoo.com,湖北省武汉市洪山区珞瑜路726号851号
韩健,813157,18994547755,1,8102@163.com,山东省青岛市市南区香港中路11号376号
周文,816563,15663166684,0,7021@hotmail.com,北京市海淀区中关村大街1号777号
何健,564950,13920706885,0,7144@sina.com,安徽省合肥市政务区潜山路111号261号
刘峰,875708,13348608768,0,530@gmail.com,黑龙江省哈尔滨市道里区中央大街99号812号
张婷,184373,15032039542,0,2831@hotmail.com,天津市南开区卫津路94号336号
李伟,493995,13726465028,1,3156@outlook.com,河南省郑州市二七区大学路80号454号
董璐,274632,13048217100,0,7008@gmail.com,河南省郑州市二七区大学路80号270号
刘敏,864103,15237188142,1,794@126.com,四川省成都市高新区天府五街200号390号
韩文,191711,18601638291,1,4852@sina.com,广东省深圳市南山区科技园路8号563号
赵军,619713,15069759906,0,3781@foxmail.com,四川省成都市高新区天府五街200号246号
谢娜,603811,13936147023,0,6823@yahoo.com,安徽省合肥市政务区潜山路111号171号
黄军,134174,18245079627,1,5063@163.com,黑龙江省哈尔滨市道里区中央大街99号756号
李浩,662646,13350410121,0,1474@sina.com,江苏省南京市建邺区江东中路229号774号
孙超,917690,15158001006,0,8054@126.com,福建省厦门市思明区中山路400号407号
谢悦,402807,13309963568,0,2011@aliyun.com,陕西省西安市雁塔区科技路88号10号
冯刚,233106,18528532845,1,1512@foxmail.com,上海市静安区南京西路1266号532号
于俊,522798,15854425317,0,6068@yahoo.com,湖南省长沙市雨花区劳动西路102号640号
郑博,448904,18854083720,1,4695@hotmail.com,山东省青岛市市南区香港中路11号245号
梁宇,987359,15862907749,1,3068@outlook.com,河南省郑州市二七区大学路80号761号
何平,543824,13552561710,1,4868@yahoo.com,广东省深圳市南山区科技园路8号356号
黄伟,126402,18569982675,1,9529@aliyun.com,广东省深圳市南山区科技园路8号384号
董文,633162,18032521955,1,9990@outlook.com,吉林省长春市南关区人民大街123号713号
林宇,454265,18148612876,1,1728@qq.com,辽宁省大连市中山区人民路55号879号
林明,331078,13097364092,1,2200@sina.com,福建省厦门市思明区中山路400号953号
马刚,431408,13176091177,1,687@hotmail.com,安徽省合肥市政务区潜山路111号379号
徐婷,959584,18714446858,0,7731@yahoo.com,黑龙江省哈尔滨市道里区中央大街99号225号
林玲,565496,13663067848,1,8390@sina.com,陕西省西安市未央区某某街道432号
赵丽,289005,13813765406,1,6061@gmail.com,安徽省合肥市政务区潜山路111号442号
杨勇,337761,18676040915,0,1277@qq.com,黑龙江省哈尔滨市道里区中央大街99号897号
梁宇,215848,13433261437,0,2896@hotmail.com,河南省郑州市二七区大学路80号127号
郭霞,736082,13446973033,0,4214@sina.com,湖南省长沙市雨花区劳动西路102号565号
罗勇,323543,15363898985,0,805@outlook.com,陕西省西安市雁塔区科技路88号198号
罗峰,843110,13411097512,0,6575@qq.com,陕西省西安市雁塔区科技路88号836号
陈艳,785944,18577898656,1,4947@163.com,湖南省长沙市雨花区劳动西路102号378号
何杰,547156,15751256472,0,9414@126.com,北京市海淀区中关村大街1号189号
孙俊,321173,18157224504,1,4513@sina.com,福建省厦门市思明区中山路400号669号
杨欣,302749,15136645395,0,1419@yahoo.com,浙江省杭州市西湖区文二路188号926号
张峰,487929,13826211715,0,4298@126.com,黑龙江省哈尔滨市道里区中央大街99号963号
高杰,024405,13525849344,0,7625@163.com,湖南省长沙市雨花区劳动西路102号19号
冯伟,001155,15717100141,0,2081@gmail.com,安徽省合肥市政务区潜山路111号482号
刘健,367090,15121574319,1,6306@163.com,四川省成都市高新区天府五街200号78号
郭健,362301,18665068572,1,9450@yahoo.com,湖南省长沙市雨花区劳动西路102号749号
于秀兰,181318,15154429868,1,7873@163.com,江苏省南京市建邺区江东中路229号726号
徐艳,094387,18654917923,1,9896@sina.com,陕西省西安市未央区某某街道501号
韩丽,729602,18699976444,0,3185@qq.com,辽宁省大连市中山区人民路55号826号
林刚,391295,15123156922,1,8822@sina.com,天津市南开区卫津路94号716号
郑军,570024,18406640305,0,6884@yahoo.com,上海市静安区南京西路1266号63号
梁勇,083829,13378926045,1,9849@163.com,江苏省南京市建邺区江东中路229号921号
吴霞,743514,18401442448,0,3862@aliyun.com,陕西省西安市雁塔区科技路88号125号
郭娜,689237,15717212391,1,6472@qq.com,上海市静安区南京西路1266号290号
杨静,772375,13944793617,0,6203@163.com,四川省成都市高新区天府五街200号904号
朱欣,733759,13893742917,0,9475@yahoo.com,福建省厦门市思明区中山路400号779号
董静,149917,15287557002,0,3311@163.com,浙江省杭州市西湖区文二路188号160号
梁华,389331,13123975592,1,4110@sina.com,江苏省南京市建邺区江东中路229号596号
罗俊,301955,18439461001,0,3302@163.com,湖北省武汉市洪山区珞瑜路726号75号
李文,673918,18705695859,1,2022@gmail.com,四川省成都市高新区天府五街200号639号
孙雪,363971,15153120444,1,7069@yahoo.com,辽宁省大连市中山区人民路55号244号
罗军,825822,13853266287,1,3427@hotmail.com,江苏省南京市建邺区江东中路229号840号
萧俊,097022,13815845739,1,2268@foxmail.com,浙江省杭州市西湖区文二路188号873号
郑丽,489911,18802658921,0,833@outlook.com,四川省成都市高新区天府五街200号669号
刘健,792317,15827554434,1,711@163.com,江苏省南京市建邺区江东中路229号931号
孙鹏,441641,18698331903,1,1111@yahoo.com,湖南省长沙市雨花区劳动西路102号637号
于丽,380400,15038540994,1,9888@163.com,江苏省南京市建邺区江东中路229号751号
郭辉,794907,18243081329,0,2120@hotmail.com,浙江省杭州市西湖区文二路188号862号
罗明,873909,13452585077,0,9018@163.com,河南省郑州市二七区大学路80号181号
黄凯,801745,13492747209,1,1725@outlook.com,上海市静安区南京西路1266号249号
罗艳,796519,15861322725,0,7983@hotmail.com,吉林省长春市南关区人民大街123号516号
马峰,169382,13822566225,0,2310@foxmail.com,重庆市渝北区金开大道68号470号
韩秀兰,338228,13570555414,0,8317@outlook.com,湖南省长沙市雨花区劳动西路102号945号
周敏,008529,15654497904,0,4881@126.com,福建省厦门市思明区中山路400号752号
胡璐,340812,15809008679,1,437@foxmail.com,江西省南昌市青山湖区北京东路456号220号
杨玲,437171,18748397758,1,1595@yahoo.com,安徽省合肥市政务区潜山路111号683号
李磊,711581,13697205102,1,9169@foxmail.com,福建省厦门市思明区中山路400号212号
赵玲,616354,13113675056,1,3939@foxmail.com,重庆市渝北区金开大道68号739号
林超,412208,15397298193,1,1006@yahoo.com,河南省郑州市二七区大学路80号127号
董涛,653408,13361102168,1,1715@qq.com,北京市海淀区中关村大街1号534号
杨玲,087702,13789438366,1,5559@foxmail.com,山东省青岛市市南区香港中路11号732号
张文,423346,18067220685,1,2723@qq.com,天津市南开区卫津路94号833号
王雪,011844,13444855394,0,9416@gmail.com,重庆市渝北区金开大道68号984号
梁明,174552,18365361647,0,5892@163.com,广东省深圳市南山区科技园路8号663号
梁瑶,430406,13312906808,0,75@outlook.com,陕西省西安市未央区某某街道364号
黄婷,051263,15904523874,1,7209@outlook.com,重庆市渝北区金开大道68号406号
陈悦,626982,13436245109,0,9190@aliyun.com,江苏省南京市建邺区江东中路229号503号
杨芳,637697,15715253666,0,8034@hotmail.com,湖北省武汉市洪山区珞瑜路726号138号
徐娜,324344,15343186680,0,5981@foxmail.com,广东省深圳市南山区科技园路8号90号
孙文,930063,13818111421,0,1984@163.com,山东省青岛市市南区香港中路11号498号
韩悦,155928,18288958491,0,1729@aliyun.com,山东省青岛市市南区香港中路11号742号
张明,404035,18847116533,0,6163@126.com,山东省青岛市市南区香港中路11号660号
周刚,653086,15072522622,0,8479@aliyun.com,广东省深圳市南山区科技园路8号214号
王雪,437838,15632257266,0,5792@sina.com,山东省青岛市市南区香港中路11号447号
罗博,606092,18245299653,1,9641@gmail.com,上海市静安区南京西路1266号285号
林悦,462451,13651149138,1,1785@hotmail.com,江苏省南京市建邺区江东中路229号743号
高勇,575346,18966479648,1,4249@outlook.com,吉林省长春市南关区人民大街123号825号
罗宇,515588,15236359654,1,2326@gmail.com,辽宁省大连市中山区人民路55号601号
宋桂英,031195,18216228521,1,1112@hotmail.com,河南省郑州市二七区大学路80号736号
郑艳,511450,15716601137,1,3360@yahoo.com,天津市南开区卫津路94号190号
杨鹏,425015,18096592046,0,7577@hotmail.com,陕西省西安市未央区某某街道886号
萧明,806897,15612108831,0,1042@gmail.com,北京市海淀区中关村大街1号652号
冯凯,842516,15917944759,0,3478@outlook.com,江西省南昌市青山湖区北京东路456号633号
李平,079526,15824913776,0,6580@outlook.com,湖南省长沙市雨花区劳动西路102号58号
孙鹏,258141,18083700533,1,7096@aliyun.com,上海市静安区南京西路1266号516号
赵峰,237511,18127749473,1,3884@hotmail.com,陕西省西安市雁塔区科技路88号308号
胡凯,613104,18831064980,0,3640@sina.com,陕西省西安市未央区某某街道64号
孙艳,437932,18348031030,0,8927@outlook.com,湖南省长沙市雨花区劳动西路102号329号
吴超,277250,13714792210,0,4359@outlook.com,浙江省杭州市西湖区文二路188号820号
高辉,180803,13918916896,0,3826@yahoo.com,黑龙江省哈尔滨市道里区中央大街99号978号
孙桂英,453667,13893677577,0,6322@aliyun.com,山东省青岛市市南区香港中路11号34号
杨婷,665751,18721190998,1,493@hotmail.com,山东省青岛市市南区香港中路11号97号
朱华,562261,18314256293,0,663@outlook.com,四川省成都市高新区天府五街200号569号
王华,054313,15142653249,0,4385@yahoo.com,江苏省南京市建邺区江东中路229号927号
孙军,544142,13702336836,1,284@qq.com,黑龙江省哈尔滨市道里区中央大街99号156号
林博,588529,15934492270,0,6109@qq.com,黑龙江省哈尔滨市道里区中央大街99号970号
李鹏,730262,13337037618,0,1575@sina.com,江苏省南京市建邺区江东中路229号473号
韩欣,437146,18345474472,1,4014@sina.com,吉林省长春市南关区人民大街123号574号
谢刚,736593,18141210766,1,6930@163.com,黑龙江省哈尔滨市道里区中央大街99号58号
李娟,118987,18122037349,1,4325@163.com,上海市静安区南京西路1266号333号
朱婷,424760,15127513540,0,1590@hotmail.com,河南省郑州市二七区大学路80号820号
郑伟,046868,18490990558,0,6289@yahoo.com,江苏省南京市建邺区江东中路229号955号
萧玲,931645,18537755732,1,4453@gmail.com,江西省南昌市青山湖区北京东路456号171号
罗欣,197067,18460908317,0,2034@qq.com,重庆市渝北区金开大道68号959号
周鹏,158695,15279080867,0,6186@qq.com,广东省深圳市南山区科技园路8号642号
高娟,307269,18748772578,1,7758@163.com,江西省南昌市青山湖区北京东路456号4号
罗杰,031718,18009258909,0,7598@outlook.com,四川省成都市高新区天府五街200号83号
董芳,090003,15958702336,1,4522@sina.com,北京市海淀区中关村大街1号551号
王芳,388645,15761724488,1,4584@gmail.com,天津市南开区卫津路94号464号
刘俊,387403,18398217139,1,6304@163.com,天津市南开区卫津路94号751号
林杰,988566,15270484859,0,8018@163.com,广东省深圳市南山区科技园路8号209号
赵俊,061001,15946347995,1,3758@126.com,浙江省杭州市西湖区文二路188号628号
黄博,958158,13402013245,1,2995@163.com,广东省深圳市南山区科技园路8号109号
冯霞,438093,15009742601,1,6356@gmail.com,湖北省武汉市洪山区珞瑜路726号424号
赵磊,572382,18566394222,0,5568@sina.com,陕西省西安市未央区某某街道301号
王文,114119,18240815639,0,1553@foxmail.com,广东省深圳市南山区科技园路8号719号
唐平,521341,18538944429,1,8289@sina.com,湖南省长沙市雨花区劳动西路102号191号
王欣,695727,13355636552,0,6223@outlook.com,安徽省合肥市政务区潜山路111号356号
胡娜,676423,13087441957,0,4790@qq.com,天津市南开区卫津路94号500号
杨文,864416,15156206365,1,7054@hotmail.com,江苏省南京市建邺区江东中路229号31号
罗悦,940103,15028652819,1,5735@aliyun.com,吉林省长春市南关区人民大街123号98号
高健,799221,18906890707,1,5963@hotmail.com,福建省厦门市思明区中山路400号541号
宋雪,490725,18727560411,0,1874@gmail.com,四川省成都市高新区天府五街200号880号
冯超,693133,18389344733,0,5098@sina.com,浙江省杭州市西湖区文二路188号673号
宋芳,493540,15193210610,0,9686@sina.com,黑龙江省哈尔滨市道里区中央大街99号890号
赵伟,083510,13694998883,0,7652@yahoo.com,湖北省武汉市洪山区珞瑜路726号907号
郭文,380108,13438457091,0,229@yahoo.com,河南省郑州市二七区大学路80号495号
董军,322994,15007938704,0,407@163.com,北京市海淀区中关村大街1号411号
冯勇,966189,15631134272,1,4606@gmail.com,江西省南昌市青山湖区北京东路456号731号
王霞,400059,15877517457,1,6362@126.com,福建省厦门市思明区中山路400号842号
陈悦,380955,18597456319,1,1715@sina.com,浙江省杭州市西湖区文二路188号557号
韩桂英,428817,13651922626,1,8672@qq.com,吉林省长春市南关区人民大街123号738号
吴辉,429440,13573978674,0,4192@aliyun.com,广东省深圳市南山区科技园路8号718号
唐明,265396,13383975828,1,4611@126.com,陕西省西安市雁塔区科技路88号58号
王文,222646,18802634666,0,7398@hotmail.com,黑龙江省哈尔滨市道里区中央大街99号657号
郑娜,996362,13684096587,0,7831@sina.com,浙江省杭州市西湖区文二路188号494号
冯博,476928,15818662820,0,8528@163.com,上海市静安区南京西路1266号730号
郭敏,142102,13804072898,1,7520@outlook.com,江苏省南京市建邺区江东中路229号894号
王强,048401,13518546648,1,9985@sina.com,天津市南开区卫津路94号154号
萧伟,335115,18932058334,1,4520@outlook.com,天津市南开区卫津路94号916号
罗瑶,244281,18529873315,0,9336@yahoo.com,浙江省杭州市西湖区文二路188号479号
李华,832596,18410676781,0,6778@hotmail.com,江西省南昌市青山湖区北京东路456号311号
赵伟,970855,15833138333,1,7618@126.com,重庆市渝北区金开大道68号561号
韩秀兰,276955,13929450467,1,2248@aliyun.com,天津市南开区卫津路94号340号
赵健,431840,13134633450,1,8233@hotmail.com,湖南省长沙市雨花区劳动西路102号943号
胡瑶,461432,18761070680,0,328@hotmail.com,吉林省长春市南关区人民大街123号524号
李磊,553673,15804857815,1,9568@sina.com,北京市海淀区中关村大街1号705号
郭瑶,948734,18087592737,0,1759@qq.com,重庆市渝北区金开大道68号306号
朱敏,851511,15210691885,1,5532@gmail.com,重庆市渝北区金开大道68号744号
韩桂英,147485,18892255392,0,8014@foxmail.com,辽宁省大连市中山区人民路55号463号
郑洋,180883,15367620686,1,8947@foxmail.com,黑龙江省哈尔滨市道里区中央大街99号604号
陈静,950661,13685051597,1,2558@yahoo.com,广东省深圳市南山区科技园路8号863号
徐勇,774415,15527582713,0,4757@sina.com,河南省郑州市二七区大学路80号677号
何宇,986891,18961041580,1,9700@163.com,黑龙江省哈尔滨市道里区中央大街99号689号
冯华,302585,13080247251,1,4657@hotmail.com,四川省成都市高新区天府五街200号912号
马刚,662517,15570132419,1,110@126.com,湖北省武汉市洪山区珞瑜路726号860号
林霞,333543,15159635030,0,9960@163.com,江西省南昌市青山湖区北京东路456号692号
罗悦,927023,18575954849,1,3168@gmail.com,黑龙江省哈尔滨市道里区中央大街99号16号
谢璐,734720,18764195456,0,4309@163.com,湖北省武汉市洪山区珞瑜路726号667号
孙平,447569,13599191599,0,5398@yahoo.com,山东省青岛市市南区香港中路11号173号
高健,840817,18735951166,1,6757@163.com,重庆市渝北区金开大道68号667号
吴涛,776181,18233820776,1,6354@sina.com,山东省青岛市市南区香港中路11号719号
林敏,238664,15328083191,1,6492@126.com,黑龙江省哈尔滨市道里区中央大街99号958号
吴敏,727814,18880830415,1,5591@outlook.com,湖北省武汉市洪山区珞瑜路726号943号
谢娜,403573,13510601895,1,7373@aliyun.com,山东省青岛市市南区香港中路11号267号
吴璐,779588,15253027563,1,9932@outlook.com,浙江省杭州市西湖区文二路188号77号
马峰,827590,15737071677,1,4232@sina.com,吉林省长春市南关区人民大街123号312号
郭涛,519666,18206131349,1,5063@outlook.com,北京市海淀区中关村大街1号240号
李霞,144719,13352441884,1,2583@sina.com,吉林省长春市南关区人民大街123号351号
高静,344278,18022993752,1,6651@hotmail.com,陕西省西安市未央区某某街道309号
赵婷,799440,18993073581,1,1078@hotmail.com,安徽省合肥市政务区潜山路111号801号
何涛,621649,13399259064,1,2439@outlook.com,北京市海淀区中关村大街1号719号
郭芳,000531,13262082417,0,3917@126.com,山东省青岛市市南区香港中路11号471号
韩雪,494257,15619176393,0,7414@yahoo.com,广东省深圳市南山区科技园路8号545号
于强,931280,13913708399,1,6028@sina.com,福建省厦门市思明区中山路400号479号
郭娜,217604,13099556543,0,866@126.com,广东省深圳市南山区科技园路8号291号
何娟,876111,13125259063,0,5185@gmail.com,黑龙江省哈尔滨市道里区中央大街99号329号
徐洋,163590,18086408308,0,5073@yahoo.com,河南省郑州市二七区大学路80号505号
韩健,403354,13962106026,1,2891@gmail.com,重庆市渝北区金开大道68号43号
马伟,562623,15662634167,0,3987@yahoo.com,湖北省武汉市洪山区珞瑜路726号253号
高文,535920,13032433159,1,4076@qq.com,湖南省长沙市雨花区劳动西路102号762号
于健,003428,18468907018,1,4141@outlook.com,广东省深圳市南山区科技园路8号832号
徐玲,130265,18522488713,1,867@gmail.com,四川省成都市高新区天府五街200号750号
郭玲,167502,13429310587,1,8691@gmail.com,湖北省武汉市洪山区珞瑜路726号902号
陈敏,392253,13788005168,1,1910@aliyun.com,安徽省合肥市政务区潜山路111号388号
何鹏,892569,18500035275,1,9103@126.com,湖南省长沙市雨花区劳动西路102号339号
韩婷,310948,13003382108,0,1492@foxmail.com,江西省南昌市青山湖区北京东路456号416号
朱鹏,927620,18469924032,0,2445@126.com,吉林省长春市南关区人民大街123号557号
陈霞,072897,15084826997,1,7233@yahoo.com,重庆市渝北区金开大道68号324号
董悦,536998,15542774382,0,826@hotmail.com,浙江省杭州市西湖区文二路188号191号
徐华,772655,18462755365,0,1074@gmail.com,吉林省长春市南关区人民大街123号575号
高超,787457,13410977793,1,1455@qq.com,陕西省西安市未央区某某街道709号
徐文,589189,13165967671,1,2782@163.com,河南省郑州市二七区大学路80号610号
李雪,979613,13991792197,0,2602@aliyun.com,黑龙江省哈尔滨市道里区中央大街99号88号
黄玲,707229,13011719703,1,2785@yahoo.com,浙江省杭州市西湖区文二路188号775号
刘婷,737439,15714570738,0,3678@126.com,北京市海淀区中关村大街1号159号
王峰,615803,18427400344,1,1794@qq.com,福建省厦门市思明区中山路400号714号
陈桂英,271640,18251262664,1,4191@sina.com,安徽省合肥市政务区潜山路111号716号
梁杰,507123,15760923025,1,5999@gmail.com,北京市海淀区中关村大街1号183号
谢刚,689912,13306723670,1,2021@126.com,江苏省南京市建邺区江东中路229号595号
朱桂英,327670,18277119928,1,8787@gmail.com,江西省南昌市青山湖区北京东路456号506号
黄芳,961944,15912904477,0,7235@126.com,湖南省长沙市雨花区劳动西路102号534号
萧璐,597607,18359756742,1,8304@foxmail.com,陕西省西安市未央区某某街道571号
吴悦,687511,15854557627,0,27@yahoo.com,陕西省西安市雁塔区科技路88号745号
郑华,762326,18174671362,0,9483@hotmail.com,陕西省西安市未央区某某街道440号
萧瑶,660919,15999032130,1,8969@aliyun.com,广东省深圳市南山区科技园路8号404号
周洋,187030,15664659802,0,6516@gmail.com,广东省深圳市南山区科技园路8号679号
冯瑶,697784,18610310467,0,847@qq.com,广东省深圳市南山区科技园路8号477号
朱伟,271617,15044380605,1,8718@163.com,吉林省长春市南关区人民大街123号722号
胡璐,022092,13694267370,1,1428@gmail.com,吉林省长春市南关区人民大街123号717号
赵辉,879827,18843983413,0,3412@sina.com,四川省成都市高新区天府五街200号25号
董峰,930045,18285570213,0,8866@aliyun.com,陕西省西安市未央区某某街道632号
朱军,991435,13756342390,1,8215@yahoo.com,上海市静安区南京西路1266号931号
高霞,055002,18044595818,1,512@yahoo.com,河南省郑州市二七区大学路80号627号
罗桂英,521436,18894240784,0,7530@foxmail.com,安徽省合肥市政务区潜山路111号328号
陈鹏,175663,13565345537,0,3008@foxmail.com,福建省厦门市思明区中山路400号502号
朱健,545975,15239030731,0,4573@yahoo.com,北京市海淀区中关村大街1号962号
萧宇,518516,15060216555,0,2160@gmail.com,安徽省合肥市政务区潜山路111号634号
冯丽,237673,18150220487,1,3631@yahoo.com,北京市海淀区中关村大街1号497号
宋悦,730414,13355761765,1,171@foxmail.com,四川省成都市高新区天府五街200号545号
胡明,566678,13475259052,0,3940@outlook.com,四川省成都市高新区天府五街200号578号
林涛,927920,18570595434,1,5252@aliyun.com,福建省厦门市思明区中山路400号707号
宋俊,190493,15564001286,1,5886@gmail.com,江苏省南京市建邺区江东中路229号13号
周鹏,840567,18376363105,0,2549@foxmail.com,四川省成都市高新区天府五街200号731号
李娜,764686,18378107295,1,1520@qq.com,陕西省西安市雁塔区科技路88号455号
郑丽,061766,13012341837,0,2021@hotmail.com,福建省厦门市思明区中山路400号398号
吴峰,267933,13777663523,1,6727@hotmail.com,吉林省长春市南关区人民大街123号205号
郑敏,197583,15364486275,0,7113@outlook.com,江西省南昌市青山湖区北京东路456号2号
梁健,505525,13636521297,1,6067@126.com,福建省厦门市思明区中山路400号493号
高刚,483524,18379569783,1,6640@foxmail.com,江西省南昌市青山湖区北京东路456号951号
何敏,523071,18346607842,0,9423@126.com,天津市南开区卫津路94号639号
刘明,255185,15366745831,1,9333@hotmail.com,北京市海淀区中关村大街1号713号
王伟,576411,13113383756,1,6694@aliyun.com,天津市南开区卫津路94号245号
梁华,936304,18591982344,1,7836@aliyun.com,福建省厦门市思明区中山路400号575号
马军,073370,13207586830,1,4068@gmail.com,北京市海淀区中关村大街1号175号
高玲,642897,13784353543,1,8439@sina.com,湖北省武汉市洪山区珞瑜路726号984号
董博,920743,15833081517,0,7109@foxmail.com,广东省深圳市南山区科技园路8号185号
董悦,332987,15800076425,0,8504@126.com,黑龙江省哈尔滨市道里区中央大街99号131号
唐勇,890044,18731710945,0,8846@126.com,吉林省长春市南关区人民大街123号862号
梁强,605227,15568177425,0,9843@qq.com,重庆市渝北区金开大道68号380号
高芳,030680,18434739630,0,8260@yahoo.com,福建省厦门市思明区中山路400号733号
何洋,553117,15298533110,1,6085@gmail.com,上海市静安区南京西路1266号744号
陈涛,439738,15129782800,1,8624@yahoo.com,辽宁省大连市中山区人民路55号595号
于辉,905069,15115295132,0,4846@gmail.com,四川省成都市高新区天府五街200号985号
何平,372333,18107267599,1,5663@qq.com,湖南省长沙市雨花区劳动西路102号906号
郑浩,543954,18231626466,0,4028@hotmail.com,天津市南开区卫津路94号19号
孙平,924450,13253454909,1,4844@hotmail.com,北京市海淀区中关村大街1号785号
梁敏,511900,13202599583,1,4217@outlook.com,陕西省西安市未央区某某街道402号
萧欣,310368,13775514129,1,2350@foxmail.com,辽宁省大连市中山区人民路55号814号
马明,106031,15399924209,1,7276@gmail.com,黑龙江省哈尔滨市道里区中央大街99号13号
梁杰,695372,15158232851,1,2197@sina.com,天津市南开区卫津路94号77号
陈芳,262310,13902777914,1,6539@sina.com,黑龙江省哈尔滨市道里区中央大街99号369号
赵瑶,690315,15794761268,1,151@foxmail.com,河南省郑州市二七区大学路80号299号
何博,117089,15328772580,0,2516@foxmail.com,陕西省西安市雁塔区科技路88号954号
梁鹏,305869,18817704885,1,927@gmail.com,吉林省长春市南关区人民大街123号540号
吴浩,474149,13293031693,1,1644@outlook.com,江苏省南京市建邺区江东中路229号978号
赵婷,654510,18782120944,1,3948@sina.com,黑龙江省哈尔滨市道里区中央大街99号109号
胡涛,400964,15062003440,0,7960@outlook.com,陕西省西安市雁塔区科技路88号569号
郭玲,219084,18157202372,1,434@gmail.com,河南省郑州市二七区大学路80号209号
赵杰,774092,13077228527,0,1163@hotmail.com,河南省郑州市二七区大学路80号604号
于洋,948424,13022480835,1,1988@foxmail.com,广东省深圳市南山区科技园路8号58号
黄桂英,896348,18829991832,1,3523@gmail.com,河南省郑州市二七区大学路80号763号
唐艳,825711,13588810612,0,988@126.com,四川省成都市高新区天府五街200号695号
李强,300080,13218024060,0,4444@sina.com,山东省青岛市市南区香港中路11号482号
李静,582561,13093556184,1,870@foxmail.com,安徽省合肥市政务区潜山路111号251号
刘杰,188659,13798561349,1,5785@outlook.com,安徽省合肥市政务区潜山路111号345号
徐杰,643310,18185893635,0,6614@qq.com,辽宁省大连市中山区人民路55号690号
黄杰,368308,18492741970,0,1489@gmail.com,陕西省西安市未央区某某街道280号
何明,442537,13867864791,0,5296@163.com,上海市静安区南京西路1266号66号
赵勇,378063,18425659329,1,7206@sina.com,四川省成都市高新区天府五街200号560号
宋伟,039176,18702891792,0,2814@sina.com,陕西省西安市雁塔区科技路88号506号
马鹏,965458,18959468984,0,9123@126.com,辽宁省大连市中山区人民路55号558号
李峰,815354,18354471590,0,6856@sina.com,福建省厦门市思明区中山路400号960号
萧静,634637,15644938944,1,8807@163.com,辽宁省大连市中山区人民路55号892号
杨浩,713939,15231522935,1,4818@126.com,北京市海淀区中关村大街1号47号
唐伟,459906,18298130574,0,4524@outlook.com,广东省深圳市南山区科技园路8号23号
周杰,478073,13307509567,0,3561@foxmail.com,山东省青岛市市南区香港中路11号534号
陈秀兰,341407,18749714901,0,1012@126.com,四川省成都市高新区天府五街200号640号
赵静,908653,18395070767,0,2925@aliyun.com,江西省南昌市青山湖区北京东路456号284号
林欣,750026,18496061256,0,882@aliyun.com,湖北省武汉市洪山区珞瑜路726号215号
赵伟,978715,15938693100,0,4510@126.com,江苏省南京市建邺区江东中路229号226号
黄鹏,297503,18316676119,0,391@gmail.com,湖北省武汉市洪山区珞瑜路726号348号
